Time,AccelX,AccelY,AccelZ,GyroX,GyroY,GyroZ,Pressure,Temp,DeltaP,AirspeedTemp,Speed,Power,Airspeed
34.053,1.44,-0.76,9.61,-0.03,-0.03,0.01,1013.4,22.8,-40.5,20.6,0.00,0,0.00
34.168,1.53,-0.64,9.83,-0.06,-0.04,0.00,1013.9,22.9,-41.6,20.6,0.00,0,0.00
34.265,1.50,-0.91,9.81,0.02,0.00,0.01,1013.5,22.9,-41.6,20.6,0.00,0,0.00
34.362,1.58,-0.89,9.79,-0.10,-0.07,-0.01,1013.2,22.8,-44.7,20.6,0.00,0,0.00
34.460,1.77,-0.77,9.62,-0.01,-0.02,-0.00,1014.0,22.8,-41.6,20.6,0.00,0,0.00
34.557,1.68,-0.91,9.75,0.01,-0.00,0.00,1013.3,22.9,-40.5,20.6,0.00,0,0.00
34.671,1.57,-0.77,9.75,0.01,0.00,0.00,1014.1,22.9,-43.7,20.6,0.00,0,0.00
34.769,1.64,-0.88,9.78,-0.01,-0.00,0.01,1013.3,23.1,-44.7,20.6,0.00,0,0.00
34.936,1.58,-0.90,9.73,-0.03,0.01,0.00,1013.4,23.0,-40.5,20.6,0.00,0,0.00
34.961,1.73,-0.92,9.71,-0.03,-0.00,0.01,1013.7,23.0,-43.7,20.6,0.00,0,0.00
35.059,1.67,-1.02,9.73,-0.03,-0.00,0.01,1013.5,22.9,-43.7,20.6,0.00,0,0.00
35.173,1.36,-0.89,9.51,0.00,-0.00,0.01,1013.7,22.9,-46.8,20.6,0.00,0,0.00
35.270,2.08,-0.47,9.78,0.07,-0.01,0.00,1013.7,22.9,-46.8,20.6,0.00,0,0.00
35.367,1.37,-1.09,9.95,0.08,-0.01,-0.01,1013.7,23.0,-46.8,20.6,0.00,0,0.00
35.465,1.39,-0.76,9.84,0.02,-0.00,-0.01,1013.5,23.0,-43.7,20.6,0.00,0,0.00
35.562,1.68,-1.11,9.89,0.02,0.01,-0.01,1013.4,23.0,-41.6,20.6,0.00,0,0.00
35.676,1.59,-0.96,9.79,0.04,-0.01,-0.01,1013.6,23.1,-46.8,20.6,0.00,0,0.00
35.773,1.63,-0.83,10.13,0.03,-0.01,0.02,1013.9,22.9,-43.7,20.6,0.00,0,0.00
35.870,1.13,-0.92,9.95,0.03,0.01,-0.01,1013.5,22.9,-44.7,20.6,0.00,0,0.00
35.976,-0.88,-3.24,8.78,0.12,-0.02,-0.09,1013.6,22.9,-43.7,20.6,0.00,0,0.00
36.074,2.40,-1.29,9.73,0.01,-0.01,-0.01,1014.0,22.9,-44.7,20.6,0.00,0,0.00
36.164,1.62,-0.73,9.84,0.00,0.00,-0.02,1013.9,22.9,-43.7,20.6,0.00,0,0.00
36.261,1.99,-0.70,9.68,-0.00,0.00,-0.01,1013.8,23.0,-43.7,20.6,0.00,0,0.00
36.358,1.97,-1.14,9.52,0.01,0.00,0.00,1014.1,22.9,-43.7,20.6,0.00,0,0.00
36.456,1.87,-0.73,9.81,-0.03,0.01,0.02,1014.0,23.1,-43.7,20.6,0.00,0,0.00
36.553,2.17,-0.90,9.91,0.01,0.00,0.00,1013.8,22.9,-41.6,20.6,0.00,0,0.00
36.667,1.92,-0.85,9.83,0.01,0.00,-0.01,1014.1,22.9,-43.7,20.6,0.00,0,0.00
36.764,2.19,-0.65,9.58,0.06,-0.01,-0.01,1013.9,23.1,-43.7,20.6,0.00,0,0.00
36.861,2.38,-0.69,9.61,0.00,-0.00,-0.00,1013.7,23.0,-43.7,20.6,0.00,0,0.00
36.958,1.84,-1.37,9.58,0.01,0.01,-0.03,1013.8,22.9,-44.7,20.6,0.00,0,0.00
37.064,2.38,-0.49,9.57,-0.00,0.01,-0.00,1013.4,23.0,-43.7,20.6,0.00,0,0.00
37.154,2.05,-1.16,8.93,0.02,-0.01,-0.03,1013.9,22.9,-40.5,20.6,0.00,0,0.00
37.275,1.38,-0.40,9.53,0.09,0.03,-0.01,1013.8,22.9,-43.7,20.6,0.00,0,0.00
37.372,2.05,-1.02,11.03,0.07,0.04,-0.02,1013.7,23.0,-40.5,20.6,0.00,0,0.00
37.471,3.02,-0.71,10.24,0.06,0.02,-0.05,1014.3,23.1,-43.7,20.6,0.00,0,0.00
37.568,3.15,-0.79,9.91,-0.02,-0.01,-0.03,1014.3,23.0,-44.7,20.6,0.00,0,0.00
37.658,1.14,-1.07,10.79,0.00,0.12,-0.10,1013.8,22.8,-43.7,20.6,0.00,0,0.00
37.756,3.29,-1.04,8.97,-0.03,-0.13,-0.16,1014.0,23.1,-43.7,20.6,0.00,0,0.00
37.853,0.55,-0.37,10.40,0.05,0.18,-0.19,1013.8,23.0,-38.4,20.6,0.00,0,0.00
37.976,2.23,-0.34,8.03,0.03,-0.06,-0.14,1013.5,22.9,-41.6,20.6,0.00,0,0.00
38.138,-2.25,0.11,6.63,-0.01,0.30,-0.49,1013.5,22.8,-37.4,20.6,0.00,0,0.00
38.180,2.45,0.52,13.49,-0.36,0.17,-0.27,1013.9,22.9,-34.2,20.6,0.00,0,0.00
38.255,1.10,-0.23,9.44,0.07,-0.01,-0.16,1014.0,22.9,-35.2,20.6,0.00,0,0.00
38.376,0.51,-0.16,10.20,-0.05,0.06,-0.21,1013.8,22.9,-38.4,20.6,0.00,0,0.00
38.474,0.13,-2.29,8.07,-0.45,0.22,-0.05,1014.0,22.8,-40.5,20.6,0.00,0,0.00
38.571,2.07,-1.06,10.73,0.11,-0.07,-0.30,1013.7,22.9,-41.6,20.6,0.00,0,0.00
38.686,5.34,-0.53,8.12,-0.04,-0.51,0.12,1013.8,23.1,-27.9,20.6,0.00,0,0.00
38.760,-4.00,-1.44,9.31,-0.37,0.71,0.30,1013.6,22.8,-22.6,20.6,0.00,0,0.00
38.857,-1.47,0.11,14.60,0.27,0.39,0.28,1013.5,23.1,-22.6,20.6,0.00,0,0.00
38.954,6.64,-0.78,6.97,0.34,-0.91,0.15,1013.7,22.8,-43.7,20.6,0.00,0,0.00
39.075,1.52,-0.71,6.59,-0.04,-0.60,0.29,1013.9,22.8,-43.7,20.6,0.00,0,0.00
39.197,2.84,-3.57,8.78,0.14,-0.49,0.08,1014.1,22.9,-32.1,20.6,0.00,0,0.00
39.271,4.12,1.50,12.80,0.20,-0.25,0.17,1013.5,23.1,-32.1,20.6,0.00,0,0.00
39.368,4.11,-1.09,9.77,-0.01,-0.17,0.22,1013.7,22.9,-38.4,20.6,0.00,0,0.00
39.466,2.87,0.27,10.24,0.18,0.10,0.11,1014.0,22.9,-46.8,20.6,0.00,0,0.00
39.563,2.94,0.99,10.20,-0.06,-0.01,0.15,1013.7,22.9,-43.7,20.6,0.00,0,0.00
39.661,0.80,-3.34,10.72,-0.02,0.17,-0.22,1013.6,22.8,-44.7,20.6,0.00,0,0.00
39.775,0.70,0.85,10.96,-0.02,0.24,-0.09,1014.2,23.0,-34.2,20.6,0.00,0,0.00
39.872,4.02,0.28,7.42,0.03,0.02,0.00,1013.6,23.0,-44.7,20.6,0.00,0,0.00
39.969,2.13,-0.04,9.92,0.29,-0.36,0.01,1013.7,23.1,-28.9,20.6,0.00,0,0.00
40.066,4.67,0.05,6.67,0.04,-0.15,0.00,1013.3,23.0,-34.2,20.6,0.00,0,0.00
40.163,-5.05,-0.99,5.53,-0.01,0.47,0.09,1013.0,23.1,-27.9,20.6,0.00,0,0.00
40.262,-0.10,0.22,11.71,-0.08,-0.20,0.05,1014.0,23.1,-35.2,20.6,0.00,0,0.00
40.359,-2.27,-0.95,10.66,0.13,0.13,-0.11,1013.5,22.9,-46.8,20.6,0.00,0,0.00
40.457,3.00,-3.23,10.77,-0.10,0.02,-0.04,1013.9,22.9,-44.7,20.6,0.00,0,0.00
40.554,7.18,-1.07,8.36,-0.33,-0.38,-0.03,1013.7,23.0,-40.5,20.6,0.00,0,0.00
40.676,5.15,-1.48,5.88,0.07,-0.06,-0.22,1013.7,22.9,-44.7,20.6,0.00,0,0.00
40.766,3.54,-1.60,6.69,-0.11,-0.35,-0.17,1013.5,22.9,-43.7,20.6,0.00,0,0.00
40.863,-0.17,0.35,0.71,0.42,-0.04,-0.26,1013.7,22.9,-44.7,20.6,0.00,0,0.00
40.960,0.96,-1.50,17.35,-0.28,-0.22,-0.16,1013.8,22.9,-43.7,20.6,0.00,0,0.00
41.057,-9.21,2.41,9.55,0.12,-0.86,0.05,1013.4,22.9,-43.7,20.6,0.00,0,0.00
41.154,-1.87,-1.40,6.85,-0.30,0.42,-0.22,1014.1,22.9,-43.7,20.6,0.00,0,0.00
41.354,2.13,-3.23,3.72,0.33,-0.79,-0.32,1013.8,23.1,-31.0,20.6,0.00,0,0.00
41.477,1.75,-0.30,8.90,-0.27,0.27,-0.30,1013.2,22.8,-43.7,20.6,0.00,0,0.00
41.574,1.56,-1.32,12.58,0.05,-0.11,-0.37,1014.1,22.8,-41.6,20.6,0.00,0,0.00
41.672,3.04,1.84,12.20,0.20,0.04,-0.18,1013.6,22.9,-41.6,20.6,0.00,0,0.00
41.762,3.86,0.77,15.39,-0.34,0.05,-0.01,1013.5,22.9,-41.6,20.6,0.00,0,0.00
41.859,-2.22,-0.69,0.33,0.07,0.13,0.01,1013.8,22.8,-44.7,20.6,0.00,0,0.00
41.956,4.64,-1.90,12.35,0.14,-0.94,-0.05,1013.9,22.9,-43.7,20.6,0.00,0,0.00
42.077,-1.67,0.97,10.43,0.25,0.32,-0.06,1013.5,22.9,-43.7,20.6,0.00,0,0.00
42.174,-0.80,-0.45,9.50,0.02,0.32,-0.08,1013.7,22.9,-40.5,20.6,0.00,0,0.00
42.264,3.02,-0.76,11.35,0.23,0.18,-0.00,1013.7,22.9,-43.7,20.6,0.00,0,0.00
42.361,10.86,-4.36,12.14,-0.36,-0.46,0.01,1014.1,22.9,-44.7,20.6,0.00,0,0.00
42.470,3.91,-0.53,16.93,0.16,0.04,-0.05,1013.6,22.8,-41.6,20.6,0.00,0,0.00
42.567,0.19,-0.85,11.99,0.01,0.30,0.13,1013.8,22.8,-41.6,20.6,0.00,0,0.00
42.665,5.84,-0.71,9.27,-0.13,-0.47,0.28,1013.6,23.1,-41.6,20.6,0.00,0,0.00
42.754,-0.96,-0.87,7.55,-0.26,0.38,0.39,1013.8,22.7,-40.5,20.6,0.00,0,0.00
42.876,-0.58,0.94,13.71,0.27,0.44,0.19,1013.7,22.8,-43.7,20.6,0.00,0,0.00
42.973,-6.90,-0.29,11.54,0.25,-0.64,0.27,1013.8,22.9,-41.6,20.6,0.00,0,0.00
43.070,1.24,-2.12,8.04,-0.30,0.03,0.09,1013.4,22.9,-46.8,20.6,0.00,0,0.00
43.167,-0.73,1.76,4.66,0.36,-0.03,0.14,1013.4,23.0,-81.5,20.6,0.00,0,0.00
43.256,1.20,-1.31,9.05,0.04,-0.46,0.14,1013.8,22.8,-24.7,20.6,0.00,0,0.00
43.354,0.15,-0.80,2.15,0.14,-0.79,-0.05,1013.6,22.9,-6.8,20.6,0.00,0,0.00
43.460,1.77,-1.07,16.56,-0.20,1.00,0.14,1013.3,22.9,-28.9,20.6,0.00,0,0.00
43.557,2.25,-1.93,10.05,0.11,-0.34,0.19,1013.3,22.8,11.0,20.7,0.00,0,15.32
43.655,4.49,-0.72,4.55,0.12,-0.26,0.07,1013.6,22.9,-13.2,20.6,0.00,0,0.00
43.768,-3.91,-2.11,17.10,-0.18,0.41,-0.23,1013.4,23.0,-15.3,20.6,0.00,0,0.00
43.866,3.01,-0.21,17.42,0.12,-1.17,-0.06,1013.8,23.1,1.6,20.7,0.00,0,5.79
43.963,4.55,-0.95,8.01,0.06,-0.87,0.01,1013.8,22.8,-22.6,20.6,0.00,0,0.00
44.060,0.15,2.19,10.46,0.09,0.26,0.09,1014.2,22.9,-38.4,20.6,0.00,0,0.00
44.157,7.19,-1.89,10.70,-0.03,-0.30,-0.01,1014.0,23.0,-38.4,20.6,0.00,0,0.00
44.270,3.58,-1.30,12.45,0.27,-0.14,0.05,1013.5,22.9,-38.4,20.6,0.00,0,0.00
44.368,-11.67,1.70,4.71,0.21,1.40,-0.05,1013.5,23.0,-44.7,20.6,0.00,0,0.00
44.555,-12.91,-0.19,11.94,0.24,2.28,-0.20,1013.4,22.8,-12.1,20.6,0.15,0,0.00
44.678,9.01,-2.86,0.23,0.47,0.26,-0.04,1013.2,22.8,-6.8,20.6,0.15,0,0.00
44.791,2.83,0.72,11.30,0.23,-0.22,-0.02,1013.6,22.9,-2.6,20.6,0.15,0,0.00
44.865,-5.60,-2.54,12.65,-0.01,0.37,-0.32,1013.7,22.8,-18.4,20.6,0.15,0,0.00
44.962,1.24,-3.13,4.79,-0.07,0.36,-0.09,1013.6,22.8,11.0,20.7,0.15,0,15.32
45.059,1.97,0.39,5.67,0.52,-0.83,-0.13,1013.6,22.9,17.4,20.7,0.15,0,19.21
45.156,2.88,0.85,14.69,-0.64,-0.41,0.00,1013.4,22.9,-65.8,20.6,0.15,0,0.00
45.293,3.73,-2.16,3.25,-0.23,-0.33,-0.15,1013.7,22.9,-51.0,20.6,0.15,0,0.00
45.367,2.80,0.80,10.25,0.47,1.78,-0.16,1013.4,22.8,-44.7,20.6,0.15,0,0.00
45.465,15.75,-0.80,9.47,0.23,-1.89,0.00,1013.6,22.9,-44.7,20.6,8.25,0,0.00
45.562,-3.86,0.37,19.93,-0.55,0.82,-0.06,1013.7,22.9,-8.9,20.6,8.25,0,0.00
45.670,6.60,0.56,9.65,0.28,-0.88,0.18,1013.7,22.8,-37.4,20.6,8.25,73,0.00
45.767,3.01,-2.57,19.50,0.03,-1.12,-0.10,1013.4,22.9,-47.9,20.6,8.25,73,0.00
45.857,-8.49,3.19,10.19,0.38,1.06,-0.13,1013.7,22.8,0.5,20.7,8.25,73,3.34
45.978,-4.06,-3.12,11.05,0.20,0.64,-0.55,1013.3,22.9,-18.4,20.6,8.25,73,0.00
46.075,-0.69,2.28,4.40,0.32,-0.36,-0.24,1013.7,22.8,-3.7,20.6,8.25,73,0.00
46.172,0.68,-1.26,13.14,0.32,-0.40,-0.33,1013.8,22.9,-50.0,20.6,8.25,73,0.00
46.269,2.53,2.76,23.93,-0.11,-0.27,0.01,1013.7,22.8,-44.7,20.6,8.25,73,0.00
46.359,5.86,1.76,1.33,-0.75,0.13,0.30,1014.0,22.9,-44.7,20.6,8.25,73,0.00
46.457,3.26,0.23,17.59,-0.19,0.09,0.16,1013.6,22.9,4.7,20.7,8.50,73,10.03
46.578,7.18,-2.25,10.90,-0.23,0.03,-0.28,1013.3,22.8,-46.8,20.6,8.50,73,0.00
46.660,8.28,-1.40,16.16,-0.06,-1.50,0.25,1013.4,23.0,-44.7,20.6,8.50,73,0.00
46.757,0.31,-2.41,7.60,0.58,-0.22,-0.04,1014.0,22.8,-43.7,20.6,8.50,73,0.00
46.871,-0.84,2.47,7.00,-0.35,-0.77,0.31,1013.1,22.8,-44.7,20.6,8.50,73,0.00
46.968,-3.01,0.16,7.58,0.07,-0.09,0.20,1014.1,22.9,-46.8,20.6,8.50,73,0.00
47.065,-0.96,-5.23,3.95,-0.65,0.31,-0.08,1013.9,22.9,-44.7,20.6,8.50,73,0.00
47.162,-2.05,-3.14,6.51,-0.41,0.45,-0.16,1013.6,22.8,-46.8,20.6,8.50,73,0.00
47.259,0.69,-0.76,16.03,-0.44,-0.21,0.26,1013.6,22.8,-47.9,20.6,8.50,73,0.00
47.373,3.68,0.48,14.40,0.33,-1.10,0.10,1013.9,22.8,-46.8,19.9,8.50,73,0.00
47.471,-3.47,1.44,9.70,0.00,0.48,0.20,1013.2,22.7,-38.4,19.9,8.99,73,0.00
47.568,2.02,-1.48,6.36,-0.21,0.25,-0.12,1013.4,22.9,-24.7,19.9,8.99,73,0.00
47.762,1.82,-0.10,24.11,0.14,0.89,0.04,1013.4,22.8,-43.7,19.9,8.99,104,0.00
47.878,-6.14,2.42,10.01,0.07,0.68,0.18,1013.7,22.8,-46.8,19.9,8.99,104,0.00
47.975,-0.50,2.16,3.66,0.22,-0.25,0.30,1013.3,22.8,-43.7,19.9,8.99,104,0.00
48.072,3.49,1.01,6.49,0.37,-0.06,0.25,1013.5,22.8,-44.7,19.9,8.99,104,0.00
48.169,4.82,0.47,14.59,0.47,-0.07,0.12,1014.0,22.8,-44.7,19.9,8.99,104,0.00
48.266,9.94,-2.52,13.62,0.47,-2.10,0.06,1013.9,22.8,-43.7,19.9,8.99,104,0.00
48.381,6.43,-2.40,9.52,0.48,-1.91,0.05,1013.6,22.7,-40.5,19.9,8.99,104,0.00
48.479,4.87,0.79,13.05,-0.06,0.42,0.07,1013.2,22.6,-47.9,19.9,9.68,104,0.00
48.576,10.10,-2.90,-3.37,1.19,-1.12,0.11,1013.8,22.8,-46.8,19.9,9.68,104,0.00
48.674,-1.02,-0.47,15.67,0.29,1.86,-0.44,1013.6,22.7,-47.9,19.9,9.68,104,0.00
48.771,-0.85,-0.35,12.02,-0.08,0.59,0.06,1013.7,22.8,-35.2,19.9,9.68,104,0.00
48.872,9.52,-1.52,9.88,0.08,-1.33,0.22,1013.1,22.7,-46.8,19.9,9.68,104,0.00
48.969,4.64,-2.64,9.73,-0.04,-0.17,0.07,1013.6,22.9,-67.9,19.9,9.68,104,0.00
49.066,8.56,0.38,11.24,-0.29,-0.30,0.12,1013.3,22.6,-41.6,19.9,9.68,104,0.00
49.163,9.68,-4.22,10.00,-0.57,-1.75,0.10,1013.6,22.6,-46.8,19.9,9.68,104,0.00
49.284,8.21,0.02,12.52,0.05,0.38,-0.03,1014.2,22.7,-37.4,19.9,9.68,104,0.00
49.375,-0.10,1.37,18.85,0.41,0.27,0.20,1013.6,23.0,-35.2,19.9,9.68,104,0.00
49.473,1.43,-0.23,13.37,-0.30,0.69,-0.07,1013.6,22.8,-37.4,19.9,10.06,104,0.00
49.570,5.56,-1.91,4.30,0.03,-0.49,-0.06,1013.4,22.5,-44.7,19.9,10.06,104,0.00
49.668,-3.74,-2.95,6.71,0.09,-0.90,-0.19,1013.7,22.6,-32.1,19.9,10.06,116,0.00
49.765,-6.65,0.53,23.00,0.74,0.07,-0.25,1013.3,22.8,-41.6,19.9,10.06,116,0.00
49.863,1.33,-2.25,0.35,-0.51,0.39,-0.09,1013.8,22.4,-46.8,19.9,10.06,116,0.00
49.985,-7.28,2.38,8.71,0.24,0.66,-0.10,1013.7,22.6,-38.4,19.9,10.06,116,0.00
50.082,9.96,-3.91,2.95,0.43,-1.16,0.19,1013.7,22.6,-38.4,19.9,10.06,116,0.00
50.179,1.32,-0.40,5.10,0.35,0.29,0.06,1013.4,22.8,-47.9,19.9,10.06,116,0.00
50.276,-6.73,-2.03,1.71,0.20,1.21,-0.41,1013.7,22.7,-44.7,19.9,10.06,116,0.00
50.366,1.55,0.99,12.67,0.25,-0.31,-0.32,1013.3,22.6,-47.9,19.9,10.06,116,0.00
50.465,6.71,-0.53,1.50,0.06,-0.56,-0.15,1013.2,22.8,-47.9,19.9,11.05,116,0.00
50.562,10.24,-3.67,-1.90,-0.42,0.11,0.09,1013.2,22.6,-46.8,19.9,11.05,116,0.00
50.684,4.21,-6.10,8.45,-0.27,1.29,-0.23,1013.8,22.6,-44.7,19.9,11.05,116,0.00
50.781,-8.61,0.82,7.68,0.07,1.20,-0.19,1013.6,22.8,-50.0,19.9,11.05,116,0.00
50.871,7.65,0.79,6.94,0.01,-0.90,-0.12,1013.5,22.4,-47.9,19.9,11.05,116,0.00
50.989,5.68,0.10,5.30,-0.29,-1.07,0.10,1013.7,22.7,-53.1,19.9,11.05,116,0.00
51.063,-10.67,3.37,1.64,0.08,1.27,-0.06,1013.6,22.7,-50.0,19.9,11.05,116,0.00
51.184,2.53,-2.56,8.32,0.24,1.82,-0.52,1013.6,22.6,-47.9,19.9,11.05,116,0.00
51.281,0.34,0.60,3.21,0.05,0.59,-0.08,1013.8,22.6,-44.7,19.9,11.05,116,0.00
51.371,1.43,2.31,12.60,-0.39,1.34,-0.28,1013.2,22.7,-44.7,19.9,11.05,116,0.00
51.471,2.30,-0.79,-3.06,-0.78,0.78,-0.46,1013.5,22.6,-46.8,19.9,11.51,116,0.00
51.568,5.19,-0.69,10.09,0.57,-1.67,0.22,1013.5,22.4,-50.0,19.9,11.51,116,0.00
51.666,3.07,-0.72,14.23,-0.19,-0.09,0.32,1013.8,22.4,-51.0,19.9,11.51,108,0.00
51.763,3.74,-1.17,1.70,0.56,0.51,-0.05,1013.3,22.5,-44.7,19.9,11.51,108,0.00
51.877,0.05,-1.46,4.25,-0.39,0.08,-0.14,1013.7,22.7,-47.9,19.9,11.51,108,0.00
51.975,1.53,1.90,7.25,0.03,0.67,-0.10,1013.6,22.5,-50.0,19.9,11.51,108,0.00
52.082,1.07,-1.87,6.80,0.21,-0.76,-0.06,1013.6,22.6,-47.9,19.9,11.51,108,0.00
52.179,3.55,-0.36,7.04,-0.19,0.44,-0.20,1013.3,22.6,-44.7,19.9,11.51,108,0.00
52.276,3.50,-1.99,2.78,-0.34,0.69,-0.17,1013.6,22.6,-53.1,19.9,11.51,108,0.00
52.390,5.64,-1.47,9.58,0.30,-0.40,0.19,1013.5,22.4,-53.1,19.9,11.51,108,0.00
52.465,1.31,-0.58,5.67,0.50,-0.26,0.26,1013.6,22.4,-50.0,19.9,11.87,108,0.00
52.562,-2.48,-1.71,3.27,0.05,-1.53,0.23,1013.3,22.4,-44.7,19.9,11.87,108,0.00
52.684,-6.48,-0.22,8.29,0.66,-0.48,-0.16,1013.4,22.6,-44.7,19.9,11.87,114,0.00
52.781,-4.35,-1.33,17.55,-0.67,1.66,-0.23,1013.4,22.6,-47.9,19.9,11.87,114,0.00
52.895,2.49,1.05,11.55,-0.51,0.06,0.04,1013.5,22.6,-46.8,19.9,11.87,114,0.00
52.969,7.88,-0.81,12.56,0.21,0.75,-0.31,1014.0,22.4,-47.9,19.9,11.87,114,0.00
53.075,-2.74,-1.77,16.42,-0.83,0.55,-0.14,1013.7,22.4,-47.9,19.9,11.87,114,0.00
53.173,-1.19,3.42,7.83,0.72,-0.62,-0.11,1013.3,22.5,-47.9,19.9,11.87,114,0.00
53.270,6.09,0.14,12.09,-0.67,2.18,-0.52,1013.6,22.4,-47.9,19.9,11.87,114,0.00
53.367,0.72,-3.91,1.43,-0.81,-0.81,0.17,1013.1,22.4,-46.8,19.9,11.87,114,0.00
53.482,-4.27,0.74,-7.09,0.87,2.14,-0.36,1013.5,22.4,-50.0,19.9,12.47,114,0.00
53.579,6.17,-0.68,3.44,-0.01,0.17,-0.19,1013.3,22.5,-47.9,19.9,12.47,114,0.00
53.677,-0.29,-0.34,8.06,-0.25,0.68,0.23,1013.7,22.2,-44.7,19.9,12.47,114,0.00
53.774,10.57,-2.67,5.29,0.02,-0.74,0.02,1013.5,22.4,-46.8,19.9,12.47,114,0.00
53.871,4.48,-3.43,11.36,-0.40,-1.32,0.21,1013.5,22.3,-51.0,19.9,12.47,114,0.00
53.985,10.30,-4.72,-3.27,0.56,-1.01,-0.08,1013.7,22.4,-50.0,19.9,12.47,114,0.00
54.082,-1.63,-0.07,15.00,0.25,0.81,-0.16,1013.5,22.5,-47.9,19.9,12.47,114,0.00
54.204,-0.97,1.52,16.93,0.15,1.48,-0.59,1013.5,22.2,-50.0,19.9,12.47,81,0.00
54.278,-2.30,-10.03,-1.56,-0.84,0.20,-0.37,1013.4,22.5,-50.0,19.9,12.47,81,0.00
54.375,-7.19,-0.98,2.83,0.57,0.82,-0.16,1013.8,22.3,-46.8,19.9,12.47,81,0.00
54.466,4.22,1.60,7.16,-0.41,1.20,-0.08,1013.0,22.4,-47.9,19.9,12.66,81,0.00
54.563,0.07,-0.11,5.20,0.23,-0.58,0.18,1013.8,22.3,-51.0,19.9,12.66,81,0.00
54.684,4.99,6.22,5.05,-0.13,1.22,-0.06,1013.6,22.3,-43.7,19.9,12.66,81,0.00
54.781,-0.74,-2.82,12.93,-0.09,-0.44,-0.10,1013.8,22.3,-47.9,19.9,12.66,81,0.00
54.878,6.63,-3.29,15.55,-0.14,1.07,0.02,1013.2,22.4,-41.6,19.9,12.66,81,0.00
54.968,3.04,-1.26,12.14,-0.08,-0.30,0.04,1013.4,22.4,-50.0,19.9,12.66,81,0.00
55.065,-3.06,-0.30,12.90,0.79,-2.11,0.06,1013.1,22.4,-43.7,19.9,12.66,81,0.00
55.162,-0.89,-0.21,15.94,0.01,-0.45,-0.08,1013.2,22.2,-50.0,19.9,12.66,81,0.00
55.269,-0.65,-2.04,5.33,-0.12,0.52,-0.14,1013.7,22.3,-51.0,19.9,12.66,81,0.00
55.366,-10.68,0.25,2.77,-0.13,1.21,-0.11,1013.4,22.4,-47.9,19.9,12.66,81,0.00
55.480,9.67,-1.13,3.36,-0.13,-0.77,0.13,1013.5,22.2,-51.0,19.9,12.66,81,0.00
55.577,0.18,1.21,9.58,0.20,0.99,-0.01,1013.3,22.4,-50.0,19.9,12.66,81,0.00
55.674,-3.61,0.43,16.02,-0.33,0.11,0.07,1013.4,22.2,-47.9,19.9,12.66,81,0.00
55.771,-6.16,3.21,5.47,-0.12,1.93,-0.06,1013.2,22.4,-50.0,19.9,12.66,81,0.00
55.868,-6.30,2.43,13.42,0.06,1.13,0.15,1013.5,22.2,-47.9,19.9,12.66,81,0.00
55.982,-7.80,-3.04,-21.47,-0.55,3.57,-0.34,1013.1,22.4,-41.6,19.9,12.66,81,0.00
56.079,-3.58,1.68,18.62,-0.08,0.39,0.06,1013.5,22.2,17.4,20.0,12.66,81,19.21
56.176,1.02,-5.10,-0.06,-0.48,1.53,-0.10,1014.0,22.3,-27.9,19.9,12.66,81,0.00
56.283,-7.46,4.41,21.08,0.03,0.84,0.53,1013.5,22.2,-56.3,19.9,12.66,81,0.00
56.381,-2.13,-1.02,10.91,0.60,-1.02,0.17,1013.6,22.3,-57.3,19.9,12.66,81,0.00
56.471,-8.60,0.45,-0.05,0.45,1.19,0.07,1013.8,22.4,-53.1,19.9,12.66,81,0.00
56.568,5.34,1.81,7.89,0.44,-0.49,-0.05,1013.4,22.3,-46.8,19.9,12.66,81,0.00
56.665,4.24,-1.52,15.52,-0.09,0.22,0.16,1014.1,22.3,-80.5,19.9,12.66,81,0.00
56.762,-0.87,5.86,14.10,0.44,-0.23,0.07,1013.9,22.2,-54.2,19.9,12.66,81,0.00
56.883,-5.41,-3.58,3.57,-0.12,0.46,-0.09,1013.4,22.1,-54.2,19.9,12.66,81,0.00
56.973,5.71,-2.20,6.75,-0.49,-0.39,-0.06,1013.1,22.4,-54.2,19.9,12.66,81,0.00
57.070,2.10,1.79,9.93,0.77,-0.12,0.12,1013.3,22.3,-51.0,19.9,12.66,81,0.00
57.167,4.67,-2.72,8.81,-0.66,-0.89,0.01,1013.4,22.3,-43.7,19.9,12.66,81,0.00
57.265,7.46,-2.48,10.30,0.13,-0.57,0.09,1013.8,22.4,-54.2,19.9,12.66,87,0.00
57.397,14.39,-2.56,6.27,0.35,0.75,-0.21,1013.5,22.2,-50.0,19.9,12.66,87,0.00
57.463,-1.62,-2.70,9.44,0.05,-0.40,-0.13,1013.2,22.2,-56.3,19.9,12.66,87,0.00
57.585,-10.08,0.56,-1.59,0.24,1.15,-0.35,1013.9,22.0,-54.2,19.9,12.66,87,0.00
57.682,15.16,-0.71,-5.14,0.10,1.39,-0.53,1013.3,22.3,-40.5,19.9,12.66,87,0.00
57.779,-3.57,-4.21,11.06,-0.48,1.69,-0.45,1013.7,22.2,-47.9,19.9,12.66,87,0.00
57.876,5.82,-3.69,-2.40,0.34,-1.91,0.28,1013.2,22.2,-54.2,19.9,12.66,87,0.00
57.965,1.36,2.84,14.49,0.57,0.12,-0.08,1013.2,22.2,-57.3,19.9,12.66,87,0.00
58.063,4.59,0.87,1.84,-0.13,1.38,-0.16,1013.7,22.3,-54.2,19.9,12.66,87,0.00
58.184,1.92,-2.33,12.83,0.23,-1.20,0.17,1013.3,22.2,-47.9,19.9,12.66,87,0.00
58.282,2.43,3.59,16.62,0.89,0.55,-0.12,1013.5,22.1,-53.1,19.9,12.66,79,0.00
58.379,-7.91,3.74,10.51,0.06,1.32,0.04,1013.7,22.0,-50.0,19.9,12.66,79,0.00
58.478,-6.58,-1.29,8.47,-0.57,0.97,0.51,1013.3,22.1,-56.3,19.9,13.22,79,0.00
58.576,19.22,2.38,-3.51,0.71,-1.80,0.09,1013.6,22.1,-54.2,19.9,13.22,79,0.00
58.673,8.26,0.08,2.48,0.26,1.77,0.05,1013.5,22.1,-50.0,19.9,13.22,79,0.00
58.770,5.66,-1.20,4.81,0.33,-0.29,0.05,1013.4,22.1,-43.7,19.9,13.22,79,0.00
58.867,7.01,-1.11,20.34,-0.22,-0.84,-0.36,1013.5,22.1,-54.2,19.9,13.22,79,0.00
58.980,2.15,-4.83,17.31,-0.23,0.03,-0.08,1013.3,22.2,-51.0,19.9,13.22,79,0.00
59.078,-10.89,-2.64,24.75,-0.12,-0.54,0.05,1013.4,22.2,-53.1,19.9,13.22,79,0.00
59.175,3.61,-1.36,14.98,-0.06,0.56,-0.03,1013.0,22.0,-47.9,19.9,13.22,79,0.00
59.273,-8.46,0.72,4.52,0.50,-0.12,-0.15,1013.4,21.9,-47.9,19.9,13.22,79,0.00
59.370,-7.66,-1.82,8.71,0.08,0.40,-0.02,1013.4,22.2,-51.0,19.9,13.22,79,0.00
59.570,13.60,1.82,10.69,-0.13,-1.13,0.44,1013.2,22.1,-57.3,19.1,13.76,79,0.00
59.692,-4.60,1.37,3.01,-0.12,-2.04,0.35,1013.3,22.1,-56.3,19.1,13.76,79,0.00
59.789,10.01,0.64,14.86,0.04,-1.33,0.30,1013.2,21.9,-18.4,19.1,13.76,79,0.00
59.886,-10.86,0.99,19.46,0.30,1.20,0.03,1013.9,22.0,-51.0,19.9,13.76,79,0.00
59.999,-1.35,-3.15,17.91,0.14,-1.22,0.04,1013.2,22.1,22.6,19.2,13.76,79,21.92
60.073,-8.70,2.22,6.90,-0.12,1.96,-0.33,1013.5,22.2,48.9,19.2,13.76,79,32.24
60.170,-9.11,-0.45,13.35,-0.26,0.21,0.06,1013.7,22.2,-37.4,19.9,13.76,79,0.00
60.292,-2.55,0.57,18.78,0.00,1.36,0.13,1013.5,21.9,4.7,19.2,13.76,86,10.03
60.389,4.22,-2.49,13.31,0.37,-1.28,0.35,1013.1,22.1,-38.4,19.9,13.76,86,0.00
60.504,-0.89,-0.20,2.89,-0.15,-0.42,-0.03,1013.3,22.1,-19.5,19.1,15.02,86,0.00
60.587,-3.15,-0.68,14.85,-0.20,-0.28,0.11,1013.4,22.1,-47.9,19.1,15.02,86,0.00
60.685,6.69,-0.51,7.66,0.15,-1.04,-0.04,1013.0,22.1,-50.0,19.1,15.02,86,0.00
60.782,1.80,-0.73,12.75,0.48,-0.17,-0.15,1013.1,22.1,-56.3,19.1,15.02,86,0.00
60.879,13.05,-0.47,4.82,0.31,0.24,-0.41,1013.5,22.1,-18.4,19.1,15.02,86,0.00
60.976,0.48,0.31,15.53,-1.12,-0.21,-0.02,1013.2,22.1,-12.1,19.1,15.02,86,0.00
61.090,-14.08,3.37,4.82,-0.20,0.57,0.24,1013.5,22.1,-16.3,19.1,15.02,86,0.00
61.187,-2.61,-2.51,6.29,-0.42,0.40,0.21,1013.3,22.1,-28.9,19.1,15.02,86,0.00
61.285,3.30,-1.87,9.66,0.53,-0.77,-0.03,1013.5,22.0,-34.2,19.1,15.02,83,0.00
61.382,6.33,-0.02,19.64,0.44,0.97,-0.29,1013.0,22.1,-40.5,19.1,15.02,83,0.00
61.480,-0.92,-0.75,4.97,-0.09,0.77,-0.01,1013.4,22.0,-54.2,19.1,15.22,83,0.00
61.570,4.44,2.38,5.13,0.41,-0.76,-0.23,1013.6,22.1,4.7,19.2,15.22,83,10.03
61.677,-6.38,5.96,13.92,0.77,1.24,-0.14,1013.0,22.1,-51.0,19.1,15.22,83,0.00
61.774,6.06,1.40,5.43,0.09,0.08,0.30,1013.3,22.2,-41.6,19.1,15.22,83,0.00
61.871,-2.94,-2.98,-0.80,0.24,-2.28,0.35,1013.2,22.0,-44.7,19.1,15.22,83,0.00
61.992,0.72,-3.08,19.16,0.24,0.25,-0.04,1013.3,21.9,-51.0,19.1,15.22,83,0.00
62.082,-4.47,3.25,9.39,0.04,1.24,-0.10,1013.5,21.8,-56.3,19.1,15.22,83,0.00
62.179,4.34,-1.35,-3.98,-0.16,0.77,-0.03,1013.0,22.0,-5.8,19.1,15.22,83,0.00
62.277,9.17,-1.92,13.34,-0.37,-1.18,0.02,1013.4,22.0,45.8,19.2,15.22,72,31.18
62.374,-7.81,-0.67,22.45,0.22,0.70,-0.44,1013.3,22.0,-18.4,19.1,15.22,72,0.00
62.472,1.77,0.86,12.01,-0.28,-0.11,0.08,1013.7,22.1,33.1,19.2,15.96,72,26.54
62.587,-10.47,2.99,4.01,0.43,-1.08,0.22,1013.5,21.9,-60.5,19.1,15.96,72,0.00
62.743,2.41,-2.35,10.57,0.15,-0.19,0.19,1013.3,22.1,35.2,19.2,15.96,72,27.36
62.793,1.48,-2.88,10.11,-0.36,1.07,0.03,1013.3,22.1,32.1,19.2,15.96,72,26.11
62.890,-0.30,-0.75,3.45,-0.10,1.07,-0.12,1013.5,22.1,-24.7,19.1,15.96,72,0.00
62.987,5.40,-3.72,13.07,0.30,-2.41,0.11,1013.2,21.9,-28.9,19.1,15.96,72,0.00
63.078,-2.39,-1.66,18.66,-0.46,0.64,-0.17,1013.8,22.0,-62.6,19.1,15.96,72,0.00
63.175,2.24,0.17,6.02,-0.02,0.40,-0.08,1013.1,21.9,-59.4,19.1,15.96,72,0.00
63.273,-2.10,4.98,8.21,0.13,0.43,0.15,1013.2,22.1,-35.2,19.1,15.96,72,0.00
63.370,1.64,-2.18,6.10,-0.01,-0.05,-0.04,1013.2,22.0,1.6,19.2,15.96,72,5.79
63.492,5.40,0.39,5.54,0.17,-0.77,-0.04,1013.1,21.9,17.4,19.2,16.37,72,19.21
63.582,3.50,-0.36,15.48,0.10,0.65,0.09,1013.4,21.9,-24.7,19.1,16.37,72,0.00
63.679,6.00,-1.30,7.55,-0.16,0.09,0.08,1013.1,22.0,-54.2,19.1,16.37,72,0.00
63.785,5.91,-1.10,11.76,0.45,-0.76,0.00,1013.5,22.0,-24.7,19.1,16.37,72,0.00
63.883,7.34,-2.81,13.02,-0.32,-0.95,0.00,1013.6,21.9,-50.0,19.1,16.37,72,0.00
63.980,1.29,-4.32,10.95,-0.61,0.30,-0.05,1013.4,21.9,-53.1,19.1,16.37,72,0.00
64.070,4.01,0.50,4.20,0.45,0.18,0.03,1013.3,22.0,-37.4,19.1,16.37,75,0.00
64.191,0.55,0.70,3.02,-0.29,0.33,0.14,1013.2,21.9,-24.7,19.1,16.37,75,0.00
64.288,4.41,-1.05,-0.27,-0.25,0.56,0.16,1013.3,21.9,-25.8,19.1,16.37,75,0.00
64.385,-3.60,-2.69,9.95,-0.02,0.44,0.11,1013.4,21.9,-57.3,19.1,16.37,75,0.00
64.483,-8.53,-0.79,6.19,-0.16,0.99,-0.17,1013.4,22.0,19.5,19.2,16.62,75,20.34
64.571,0.58,-2.97,3.44,0.06,-0.79,-0.06,1013.1,21.9,-34.2,19.1,16.62,75,0.00
64.693,2.24,-1.48,8.81,-0.41,-0.57,0.09,1013.1,21.8,-31.0,19.1,16.62,75,0.00
64.790,7.07,2.92,7.87,0.01,-0.31,-0.13,1013.2,22.0,-34.2,19.1,16.62,75,0.00
64.873,6.36,-0.68,1.45,-0.12,-0.74,0.19,1013.7,21.9,-35.2,19.1,16.62,75,0.00
64.970,4.12,1.87,4.02,-0.00,-0.14,0.39,1013.8,21.9,-32.1,19.1,16.62,75,0.00
65.085,-1.44,-1.29,7.26,-0.36,0.57,-0.09,1013.1,21.8,-57.3,19.1,16.62,83,0.00
65.182,2.16,-1.82,21.24,-0.73,-0.90,0.23,1013.5,21.8,-41.6,19.1,16.62,83,0.00
65.279,6.23,-0.17,16.44,0.06,0.23,0.06,1013.7,21.8,-51.0,19.1,16.62,83,0.00
65.376,-0.32,-0.47,7.30,-0.46,-0.22,0.21,1013.2,22.0,-25.8,19.1,16.62,83,0.00
65.474,6.67,-2.67,20.27,0.13,-1.22,0.28,1013.4,21.8,-27.9,19.1,16.72,83,0.00
65.587,-5.54,-1.13,14.62,0.25,-0.05,0.12,1013.5,21.9,-70.0,19.1,16.72,83,0.00
65.685,4.45,-1.40,6.06,-0.06,-0.18,0.05,1013.3,21.8,-85.7,19.1,16.72,83,0.00
65.782,10.04,-1.40,8.21,0.11,-0.35,-0.07,1012.9,21.9,-54.2,19.1,16.72,83,0.00
65.948,7.30,-4.38,12.90,-0.74,-1.01,0.23,1013.3,21.8,-51.0,19.1,16.72,83,0.00
65.973,-0.68,-1.52,5.64,0.21,0.41,0.06,1013.4,21.9,-53.1,19.1,16.72,83,0.00
66.088,5.79,2.03,4.52,-0.34,0.97,0.11,1014.0,21.9,-54.2,19.1,16.72,66,0.00
66.186,1.54,-2.32,-0.11,-0.09,0.14,-0.02,1013.3,21.9,-51.0,19.1,16.72,66,0.00
66.283,1.66,1.11,21.23,0.19,-0.09,-0.06,1013.9,21.9,-54.2,19.1,16.72,66,0.00
66.380,1.47,-1.26,0.37,-0.24,0.33,-0.07,1013.2,21.9,-27.9,19.1,16.72,66,0.00
66.477,-2.04,0.33,10.03,0.03,-1.75,0.06,1013.4,21.9,-54.2,19.1,16.72,66,0.00
66.590,3.30,0.71,17.70,-0.04,-1.17,0.15,1013.6,21.7,-50.0,19.1,16.72,66,0.00
66.688,4.98,-6.78,18.84,-0.13,0.60,-0.07,1012.9,21.8,-51.0,19.1,16.72,66,0.00
66.785,3.54,-2.01,13.44,0.22,-0.35,0.05,1013.4,21.8,-44.7,19.1,16.72,66,0.00
66.882,1.47,-1.87,4.97,-0.03,0.25,0.12,1013.3,21.8,-46.8,19.1,16.72,66,0.00
66.988,10.93,-0.37,-0.97,-0.42,-0.50,0.00,1013.5,21.7,-53.1,19.1,16.72,66,0.00
67.103,4.77,1.26,3.90,0.05,0.27,0.03,1013.3,21.7,-22.6,19.1,16.72,70,0.00
67.176,-0.00,0.19,7.65,0.10,0.13,0.11,1013.2,21.6,-57.3,19.1,16.72,70,0.00
67.273,2.80,-1.87,7.80,0.53,-0.76,0.12,1013.7,21.5,-57.3,19.1,16.72,70,0.00
67.370,-4.23,1.49,7.13,-0.16,1.08,-0.10,1013.6,21.7,-41.6,19.1,16.72,70,0.00
67.492,3.53,-0.83,17.49,0.11,0.18,-0.15,1013.1,21.6,-32.1,19.1,16.84,70,0.00
67.606,5.28,-2.05,10.60,0.25,-0.88,-0.04,1013.6,21.6,19.5,19.2,16.84,70,20.34
67.680,3.57,-3.20,13.02,0.05,-0.57,0.06,1013.5,21.6,-22.6,19.1,16.84,70,0.00
67.777,-0.65,-0.69,5.27,-0.01,-0.33,0.15,1014.0,21.8,-12.1,19.1,16.84,70,0.00
67.874,2.09,-1.55,8.50,-0.21,0.35,-0.23,1013.1,21.8,-2.6,19.1,16.84,70,0.00
67.971,2.47,-4.31,16.19,0.19,0.29,-0.14,1013.6,21.8,-21.6,19.1,16.84,70,0.00
68.079,-6.52,-0.52,21.43,0.51,-0.18,-0.27,1013.5,21.7,-59.4,19.1,16.84,70,0.00
68.193,-4.41,1.13,12.73,0.14,0.87,-0.09,1013.2,21.6,-56.3,19.1,16.84,70,0.00
68.290,-1.24,0.07,12.18,0.50,-0.55,0.29,1012.9,21.7,-27.9,19.1,16.84,70,0.00
68.387,2.70,-0.13,7.54,0.19,-0.36,0.22,1013.3,21.7,-59.4,19.1,16.91,70,0.00
68.484,0.80,0.17,5.02,0.30,-1.04,0.07,1013.3,21.6,-53.1,19.1,16.91,70,0.00
68.581,-14.01,3.29,14.22,0.39,0.81,0.07,1013.3,21.6,-56.3,19.1,16.91,70,0.00
68.671,11.31,1.79,3.17,0.05,1.00,-0.07,1012.8,21.5,-57.3,19.1,16.91,70,0.00
68.792,5.55,-1.08,-1.19,-0.59,-0.03,0.23,1013.7,21.6,-53.1,19.1,16.91,70,0.00
68.889,1.03,0.89,10.16,-1.00,-0.07,0.22,1013.3,21.6,-57.3,19.1,16.91,70,0.00
68.986,4.27,-3.62,21.23,0.18,-1.01,-0.30,1013.4,21.5,-53.1,19.1,16.91,70,0.00
69.154,0.43,0.24,3.28,-0.17,-1.12,-0.13,1013.4,21.6,-57.3,19.1,16.91,97,0.00
69.196,6.48,-0.25,17.10,0.16,-1.01,-0.06,1013.4,21.4,-57.3,19.1,16.91,97,0.00
69.270,2.62,1.91,17.60,-0.11,-0.38,0.01,1013.5,21.6,-53.1,19.1,16.91,97,0.00
69.391,0.34,1.08,17.88,0.23,-0.57,-0.36,1013.2,21.6,-57.3,19.1,16.89,97,0.00
69.488,2.74,-1.36,15.02,-0.02,-0.33,0.11,1013.1,21.4,-47.9,19.1,16.89,97,0.00
69.585,4.68,-1.24,11.46,0.31,-0.36,-0.01,1013.3,21.6,-54.2,19.1,16.89,97,0.00
69.698,6.37,0.64,14.11,0.24,0.04,0.16,1013.0,21.5,-53.1,19.1,16.89,97,0.00
69.772,2.82,-4.63,8.43,0.48,-0.27,-0.05,1013.3,21.5,-53.1,19.1,16.89,97,0.00
69.893,-5.27,3.22,11.46,0.01,1.12,-0.05,1013.2,21.6,-51.0,19.1,16.89,97,0.00
69.990,2.57,0.68,-4.23,0.06,0.04,0.10,1013.2,21.5,-50.0,19.1,16.89,97,0.00
70.088,1.44,5.12,15.60,-0.38,1.58,-0.33,1013.6,21.4,-47.9,18.3,16.89,106,0.00
70.237,-5.61,-2.31,16.63,-0.41,1.38,-0.23,1013.5,21.4,-56.3,18.3,16.89,106,0.00
70.287,9.60,-1.70,11.15,0.02,-0.54,0.05,1012.8,21.4,-53.1,18.3,16.89,106,0.00
70.384,3.07,-0.59,4.99,-0.11,1.23,0.07,1013.7,21.5,-51.0,18.3,16.72,106,0.00
70.481,1.26,-0.32,18.91,0.11,-0.67,0.04,1013.4,21.2,-54.2,18.3,16.72,106,0.00
70.578,1.08,-2.17,0.63,0.10,-0.10,-0.25,1013.4,21.6,-51.0,18.3,16.72,106,0.00
70.675,0.61,-2.11,21.80,0.28,0.65,-0.29,1013.4,21.5,-51.0,18.3,16.72,106,0.00
70.789,-1.86,0.77,16.58,0.10,0.01,-0.07,1013.2,21.4,-54.2,18.3,16.72,106,0.00
70.886,4.78,1.64,6.56,-0.02,-0.24,-0.01,1013.1,21.6,-51.0,18.3,16.72,106,0.00
70.983,5.30,-0.01,7.09,0.09,-0.93,0.11,1013.4,21.3,-50.0,18.3,16.72,106,0.00
71.081,0.54,-0.70,1.68,-0.25,0.69,0.19,1013.1,21.6,-50.0,18.3,16.72,69,0.00
71.178,-1.52,0.63,8.74,-0.16,0.78,-0.04,1013.4,21.4,-54.2,18.3,16.72,69,0.00
71.356,-0.95,1.77,8.24,0.32,-0.23,0.12,1013.3,21.4,-50.0,18.3,16.72,69,0.00
71.381,1.85,-1.13,8.16,-0.10,-0.06,-0.09,1013.5,21.4,-47.9,18.3,16.51,69,0.00
71.479,-10.34,-0.11,21.57,-0.24,0.65,0.03,1013.7,21.4,-50.0,18.3,16.51,69,0.00
71.576,0.57,-1.02,13.26,-1.45,0.03,0.08,1013.5,21.4,-46.8,18.3,16.51,69,0.00
71.673,4.43,-2.92,11.32,-0.45,-0.40,0.23,1013.3,21.4,-44.7,18.3,16.51,69,0.00
71.788,2.44,-4.27,15.72,0.05,0.05,-0.03,1013.4,21.5,-44.7,18.3,16.51,69,0.00
71.885,6.20,-3.67,3.89,0.19,0.51,-0.11,1013.3,21.4,-41.6,18.3,16.51,69,0.00
71.982,2.36,2.95,2.38,0.75,-0.17,0.07,1013.4,21.5,-51.0,18.3,16.51,69,0.00
72.080,2.16,-1.20,21.22,-0.60,0.41,0.20,1013.2,21.2,-53.1,18.3,16.51,69,0.00
72.177,5.72,-1.49,11.86,-0.42,1.01,-0.06,1013.1,21.5,-57.3,18.3,16.51,69,0.00
72.292,-1.62,-0.96,7.54,0.29,-0.96,-0.04,1013.7,21.4,41.6,18.4,16.51,69,29.71
72.425,-6.46,3.49,8.90,-0.08,0.40,0.20,1013.7,21.3,61.5,18.4,15.80,69,36.16
72.475,1.93,-1.44,9.35,-0.19,0.24,0.09,1013.1,21.4,79.4,18.4,15.80,69,41.08
72.572,6.82,-2.75,0.72,0.17,0.54,0.11,1013.0,21.5,76.3,18.4,15.80,69,40.26
72.693,3.83,4.49,6.50,0.08,-0.52,0.17,1013.1,21.3,79.4,18.4,15.80,69,41.08
72.784,-1.26,-1.43,1.26,0.05,0.32,-0.11,1013.1,21.2,78.4,18.4,15.80,69,40.81
72.881,1.52,0.47,9.32,0.19,0.86,-0.17,1013.5,21.4,84.7,18.4,15.80,69,42.42
72.978,0.61,0.58,12.66,0.63,-1.35,0.15,1013.1,21.5,82.6,18.4,15.80,69,41.89
73.076,0.49,1.70,18.70,-0.62,1.09,-0.10,1013.3,21.6,75.2,18.4,15.80,33,39.98
73.173,2.64,0.38,10.39,-0.38,-0.22,-0.19,1013.1,21.4,66.8,18.4,15.80,33,37.68
73.288,1.25,1.16,10.46,0.36,-0.08,0.08,1013.0,21.5,81.5,18.4,15.80,33,41.62
73.385,1.93,3.89,10.86,0.10,1.18,0.09,1012.9,21.7,75.2,18.4,15.25,33,39.98
73.493,1.12,-0.63,9.02,-0.08,-0.56,-0.04,1012.6,21.4,73.1,18.4,15.25,33,39.42
73.591,-3.04,1.21,10.32,-0.08,1.41,0.06,1013.2,21.6,52.1,18.4,15.25,33,33.26
73.688,-0.55,1.32,19.01,-0.05,-0.04,0.18,1013.4,21.7,42.6,18.4,15.25,33,30.09
73.778,-0.58,-2.35,8.41,-0.18,0.13,0.03,1013.7,21.4,58.4,18.4,15.25,33,35.22
73.877,-2.75,0.27,10.31,-0.29,1.02,-0.03,1013.2,21.5,65.8,18.4,15.25,30,37.38
73.974,3.66,-2.69,16.05,-0.05,-0.69,0.11,1013.0,21.4,30.0,18.4,15.25,30,25.24
74.071,8.18,-0.04,4.86,0.18,-0.10,0.01,1013.0,21.5,42.6,18.4,15.25,30,30.09
74.192,1.50,-1.49,7.81,-0.32,0.56,0.13,1013.3,21.7,-28.9,18.3,15.25,30,0.00
74.282,3.22,-1.53,6.92,-0.08,-0.20,0.15,1013.2,21.8,-57.3,18.3,15.25,30,0.00
74.380,3.71,0.93,8.86,0.19,0.29,0.10,1013.4,21.7,58.4,18.4,14.66,30,35.22
74.477,-1.13,-1.45,1.27,0.03,0.33,-0.03,1013.1,21.7,79.4,18.4,14.66,30,41.08
74.636,0.89,-1.46,7.63,-0.54,0.18,0.00,1013.6,21.6,64.7,18.4,14.66,30,37.08
74.686,-0.84,-1.74,5.82,0.09,0.16,-0.01,1013.1,21.6,42.6,18.4,14.66,30,30.09
74.799,5.12,-0.77,10.08,0.13,-0.18,-0.07,1013.2,21.6,41.6,18.4,14.66,0,29.71
74.873,1.14,-1.12,6.60,-0.30,0.93,-0.22,1013.7,21.8,17.4,18.4,14.66,0,19.21
74.970,1.36,0.70,4.43,0.34,-0.06,-0.02,1013.1,21.7,-8.9,18.3,14.66,0,0.00
75.091,1.91,-1.13,3.74,-0.13,-0.19,-0.01,1012.6,21.6,19.5,18.4,14.66,0,20.34
75.188,-0.32,0.03,9.41,-0.11,0.28,0.03,1013.3,21.7,58.4,18.4,14.66,0,35.22
75.301,5.94,0.30,7.32,-0.04,0.26,0.06,1012.7,21.6,81.5,18.4,14.66,0,41.62
75.375,7.29,0.35,14.12,0.02,0.47,0.09,1012.7,21.6,75.2,18.4,14.15,0,39.98
75.472,6.12,-6.09,2.10,0.09,-0.19,0.14,1012.5,21.8,79.4,18.4,14.15,0,41.08
75.593,-7.04,1.03,9.77,-0.35,1.71,-0.16,1013.1,21.6,81.5,18.4,14.15,0,41.62
75.701,11.71,-0.94,16.44,-0.17,0.93,-0.08,1013.2,21.6,73.1,18.4,14.15,0,39.42
75.775,-2.49,-2.17,10.65,-0.18,-0.33,-0.23,1012.7,21.9,-37.4,18.3,14.15,0,0.00
75.890,-1.54,-1.32,3.91,0.63,-0.12,0.10,1013.3,21.7,-43.7,18.3,14.15,0,0.00
75.987,4.37,0.45,15.50,0.24,-1.14,0.29,1013.5,21.6,-47.9,18.3,14.15,0,0.00
76.084,-7.47,-0.23,4.57,0.10,-0.44,-0.05,1013.3,21.8,-47.9,18.3,14.15,0,0.00
76.181,-0.86,0.82,22.38,0.26,-1.38,0.22,1013.4,21.6,-46.8,18.3,14.15,0,0.00
76.278,-1.55,-0.97,-7.75,-0.60,1.05,-0.13,1013.3,21.8,-51.0,18.3,14.15,0,0.00
76.392,-2.24,-9.58,-2.07,0.13,0.48,-0.31,1013.5,21.7,-43.7,18.3,13.44,0,0.00
76.489,3.76,2.48,3.56,0.01,0.42,0.05,1013.2,21.8,-44.7,18.3,13.44,0,0.00
76.586,-8.13,1.00,14.43,0.40,0.24,0.09,1012.8,21.6,-44.7,18.3,13.44,0,0.00
76.683,6.00,1.14,16.97,0.19,-0.51,-0.12,1013.4,21.7,-43.7,18.3,13.44,0,0.00
76.792,5.35,-0.71,20.26,-0.37,-1.01,-0.10,1012.8,21.8,-43.7,18.3,13.44,0,0.00
76.882,-5.58,0.24,13.07,0.06,0.97,-0.12,1012.8,21.6,-47.9,18.3,13.44,0,0.00
76.979,6.20,-4.19,12.57,-0.60,0.36,-0.23,1013.3,21.6,-50.0,18.3,13.44,0,0.00
77.076,2.98,-1.08,9.30,-0.03,-0.56,0.09,1013.4,21.6,-50.0,18.3,13.44,0,0.00
77.173,-4.47,2.39,8.98,-0.20,1.55,-0.15,1012.9,21.5,-41.6,18.3,13.44,0,0.00
77.270,-0.48,-0.46,13.46,-0.14,0.46,-0.02,1013.3,21.6,-46.8,18.3,13.44,0,0.00
77.384,-0.21,0.98,22.20,-0.07,0.69,0.18,1013.6,21.4,-47.9,18.3,12.85,0,0.00
77.481,-4.70,-2.07,11.08,0.16,0.20,0.05,1013.3,21.6,-44.7,18.3,12.85,0,0.00
77.578,5.85,-0.39,10.76,0.09,0.33,0.07,1013.0,21.5,-47.9,18.3,12.85,0,0.00
77.675,1.43,0.02,7.83,-0.09,-0.20,0.01,1012.9,21.6,-44.7,18.3,12.85,0,0.00
77.772,1.81,-0.10,4.93,-0.06,-0.80,0.11,1013.2,21.7,-32.1,18.3,12.85,0,0.00
77.904,1.72,-1.43,6.55,0.00,0.00,0.00,1013.0,21.6,-41.6,18.3,12.85,0,0.00
77.971,1.49,1.27,13.99,-0.08,0.97,-0.07,1013.1,21.6,-38.4,18.3,12.85,0,0.00
78.092,1.28,-0.64,10.30,0.09,0.00,0.04,1013.6,21.7,-34.2,18.3,12.85,0,0.00
78.189,1.37,-0.23,5.52,0.12,0.03,0.02,1013.5,21.5,-44.7,18.3,12.85,0,0.00
78.286,7.14,0.72,9.33,-0.13,-0.36,0.09,1013.8,21.5,-43.7,18.3,12.85,0,0.00
78.383,3.88,-1.03,4.46,0.46,-0.86,0.13,1013.2,21.8,-37.4,18.3,12.14,0,0.00
78.473,2.90,0.48,6.08,-0.07,-0.44,0.11,1013.4,21.6,-43.7,18.3,12.14,0,0.00
78.570,5.09,1.01,14.67,0.51,-0.19,0.19,1012.9,21.4,-44.7,18.3,12.14,0,0.00
78.691,-0.79,2.20,16.70,0.50,-0.06,0.31,1012.9,21.4,-40.5,18.3,12.14,0,0.00
78.788,2.54,-3.06,6.60,0.58,-0.66,0.16,1013.1,21.4,-15.3,18.3,12.14,0,0.00
78.886,2.93,-1.88,12.85,0.44,-0.24,0.11,1013.2,21.5,-35.2,18.3,12.14,0,0.00
78.986,-5.16,0.24,8.28,0.01,-0.78,0.11,1013.5,21.5,-38.4,18.3,12.14,0,0.00
79.084,-5.55,-1.52,9.41,0.00,1.12,-0.25,1013.8,21.5,-40.5,18.3,12.14,0,0.00
79.181,-0.57,-0.59,7.70,-0.25,0.03,-0.01,1013.5,21.5,-44.7,18.3,12.14,0,0.00
79.278,0.14,0.21,0.84,-0.33,0.31,0.13,1013.3,21.6,-44.7,18.3,12.14,0,0.00
79.375,5.28,-2.55,5.40,0.26,-0.52,0.03,1013.0,21.4,-41.6,18.3,11.09,0,0.00
79.489,2.94,-2.26,13.01,0.04,-0.09,-0.17,1013.2,21.4,-44.7,18.3,11.09,0,0.00
79.586,3.85,0.10,12.79,-0.03,0.38,-0.10,1013.4,21.5,-40.5,18.3,11.09,0,0.00
79.683,2.51,0.00,8.84,-0.14,-0.06,-0.12,1013.1,21.4,-43.7,18.3,11.09,0,0.00
79.780,3.23,-0.23,13.37,-0.03,-0.15,0.06,1013.0,21.6,-43.7,18.3,11.09,0,0.00
79.878,-3.17,-0.21,9.99,0.10,0.32,0.08,1012.9,21.5,-32.1,18.3,11.09,0,0.00
79.992,3.30,-2.16,2.24,-0.09,-1.34,0.15,1013.4,21.6,-44.7,18.3,11.09,0,0.00
80.077,1.85,0.23,7.34,0.01,-0.14,0.01,1013.5,21.5,-43.7,18.3,11.09,0,0.00
80.174,-0.77,-0.24,10.05,0.11,-0.60,0.04,1013.3,21.4,-40.5,18.3,11.09,0,0.00
80.271,2.62,-0.94,8.45,-0.12,-0.60,0.05,1013.2,21.4,-35.2,18.3,11.09,0,0.00
80.392,0.38,-0.55,18.19,0.12,0.41,0.08,1013.0,21.3,-40.5,18.3,9.77,0,0.00
80.481,0.51,0.36,7.52,-0.01,-0.35,0.17,1012.9,21.6,-35.2,18.3,9.77,0,0.00
80.579,2.04,-1.48,9.72,-0.20,0.15,0.09,1013.3,21.4,-35.2,18.3,9.77,0,0.00
80.676,6.61,-1.54,8.94,0.30,-1.75,0.09,1013.7,21.5,-32.1,18.3,9.77,0,0.00
80.773,6.46,-0.15,12.77,-0.05,0.04,0.08,1013.3,21.4,-38.4,18.3,9.77,0,0.00
80.871,0.54,0.05,10.51,0.01,-0.51,0.04,1013.3,21.4,-41.6,18.3,9.77,0,0.00
80.984,-1.15,-2.04,8.79,-0.07,0.02,0.01,1013.6,21.5,-41.6,18.3,9.77,0,0.00
81.202,1.09,0.12,12.35,0.13,-0.04,0.08,1013.2,21.5,-40.5,18.3,9.77,0,0.00
81.324,-0.24,0.78,10.03,-0.28,0.44,-0.11,1013.4,21.4,-43.7,18.3,9.77,0,0.00
81.422,0.31,0.82,9.55,0.37,-0.11,0.01,1013.6,21.6,-38.4,18.3,8.69,0,0.00
81.512,-1.21,-1.14,10.80,-0.11,0.03,-0.19,1013.3,21.4,-41.6,18.3,8.69,0,0.00
81.609,4.43,-0.94,9.34,-0.41,-0.15,-0.12,1013.1,21.4,-40.5,18.3,8.69,0,0.00
81.706,0.81,1.47,8.49,-0.05,-0.13,-0.15,1013.2,21.5,-40.5,18.3,8.69,0,0.00
81.803,-0.13,-0.38,12.48,-0.18,0.28,-0.22,1013.1,21.4,-38.4,18.3,8.69,0,0.00
81.924,1.68,-5.08,7.60,-0.56,-0.06,-0.23,1013.7,21.5,-32.1,18.3,8.69,0,0.00
82.014,2.19,0.86,13.53,1.04,0.11,-0.45,1013.8,21.6,-37.4,18.3,8.69,0,0.00
82.111,-2.19,0.49,11.02,1.29,0.59,-0.49,1012.9,21.4,-32.1,18.3,8.69,0,0.00
82.208,3.05,1.12,8.22,-0.41,-0.35,-0.60,1013.3,21.4,-34.2,18.3,8.69,0,0.00
82.317,1.85,0.34,10.72,-0.30,0.07,-0.53,1013.3,21.5,-37.4,18.3,8.69,0,0.00
82.414,2.03,-0.79,12.35,-0.38,0.02,-0.52,1013.2,21.5,-40.5,18.3,8.69,0,0.00
82.504,1.42,-0.23,9.86,-0.06,0.02,-0.34,1013.3,21.4,-35.2,18.3,8.69,0,0.00
82.602,3.68,1.70,10.36,0.25,-0.07,-0.23,1013.5,21.5,-37.4,18.3,8.69,0,0.00
82.723,0.32,-0.28,10.53,-0.21,0.07,-0.18,1013.4,21.4,-41.6,18.3,8.69,0,0.00
82.820,2.44,-0.58,10.53,-0.14,-0.09,-0.02,1013.6,21.6,-37.4,18.3,8.69,0,0.00
82.918,3.68,-0.75,10.19,-0.47,0.07,0.25,1013.4,21.5,-40.5,18.3,8.69,0,0.00
83.007,1.74,0.69,7.20,0.49,0.03,0.18,1013.4,21.6,-50.0,18.3,8.69,0,0.00
83.105,2.14,-1.01,11.31,0.03,-0.07,0.46,1013.1,21.4,-50.0,18.3,8.69,0,0.00
83.202,-0.89,-3.06,13.92,-0.39,-0.06,0.69,1013.1,21.5,-37.4,18.3,8.69,0,0.00
83.333,0.58,-0.42,9.07,-0.10,-0.10,0.61,1013.3,21.4,-40.5,18.3,8.69,0,0.00
83.407,1.80,-0.43,6.77,0.26,-0.35,0.78,1013.4,21.4,-41.6,18.3,7.85,0,0.00
83.521,-1.40,-0.69,8.09,0.03,0.05,1.03,1013.2,21.4,-8.9,18.3,7.85,0,0.00
83.619,-1.39,-0.82,15.11,0.11,0.38,0.99,1012.9,21.4,-3.7,18.3,7.85,0,0.00
83.716,0.92,-0.60,10.62,-0.22,-0.42,1.05,1013.5,21.4,-46.8,18.3,7.85,0,0.00
83.813,-1.19,0.11,10.77,0.30,-0.07,1.25,1013.1,21.4,-40.5,18.3,7.85,0,0.00
83.910,0.76,-0.20,12.04,0.32,-0.26,1.03,1013.3,21.4,-21.6,18.3,7.85,0,0.00
84.023,1.41,0.29,6.58,0.37,-0.34,0.82,1013.5,21.4,-2.6,18.3,7.85,0,0.00
84.121,2.57,-1.99,7.31,-0.17,-0.40,0.87,1013.2,21.4,13.2,18.4,7.85,0,16.72
84.218,1.80,-2.31,10.36,0.41,-0.46,0.72,1013.4,21.4,28.9,18.4,7.85,0,24.79
84.315,1.44,-2.00,8.61,-0.06,-0.27,0.59,1013.4,21.5,45.8,18.4,7.85,0,31.18
84.476,2.21,-0.96,8.80,-0.06,-0.14,0.46,1013.4,21.4,19.5,18.4,7.85,0,20.34
84.542,2.23,0.15,8.93,0.03,-0.11,0.65,1013.2,21.5,17.4,18.4,7.85,0,19.21
84.616,0.30,-4.27,12.61,-0.45,0.05,0.62,1014.0,21.6,17.4,18.4,7.85,0,19.21
84.713,1.87,-2.43,8.88,0.05,-0.37,0.59,1013.3,21.5,41.6,18.4,7.85,0,29.71
84.810,-0.23,-1.54,9.63,0.61,-0.18,0.74,1013.5,21.5,82.6,18.4,7.85,0,41.89
84.907,0.79,-1.66,10.08,0.07,-0.30,0.66,1013.2,21.4,-46.8,18.3,7.85,0,0.00
85.004,1.48,-2.87,10.15,0.01,-0.05,0.81,1013.4,21.5,41.6,18.4,7.85,0,29.71
85.117,0.01,-0.08,10.22,0.33,-0.07,0.81,1013.3,21.5,-32.1,18.3,7.85,0,0.00
85.214,-1.51,-2.29,14.59,0.26,0.15,0.79,1013.0,21.6,6.8,18.4,7.85,0,12.05
85.311,1.28,-2.83,9.31,-0.08,-0.05,0.83,1013.5,21.4,-35.2,18.3,7.85,0,0.00
85.408,0.79,-0.95,10.97,0.05,-0.28,0.82,1013.7,21.7,-81.5,18.3,4.78,0,0.00
85.542,0.53,-2.69,11.85,0.21,-0.11,0.71,1013.4,21.4,16.3,18.4,4.78,0,18.61
85.609,1.44,0.53,9.30,0.45,-0.04,0.96,1013.7,21.4,10.0,18.4,4.78,0,14.57
85.706,1.60,-1.20,8.72,0.43,-0.36,0.98,1013.4,21.6,35.2,18.4,4.78,0,27.36
85.803,-0.52,-3.61,6.41,-0.24,0.02,1.01,1013.7,21.3,-47.9,18.3,4.78,0,0.00
85.924,0.71,-1.88,7.32,0.27,-0.18,0.84,1013.6,21.4,-76.3,18.3,4.78,0,0.00
86.021,-1.87,-1.60,10.04,0.41,-0.06,0.89,1013.6,21.5,-136.2,18.3,4.78,0,0.00
86.111,0.34,-1.45,10.54,0.46,0.09,0.83,1013.4,21.5,-41.6,18.3,4.78,0,0.00
86.208,0.37,-0.47,9.66,-0.07,-0.03,0.59,1013.3,21.5,-40.5,18.3,4.78,0,0.00
86.305,0.25,-1.88,8.63,-0.31,-0.03,0.54,1013.2,21.4,-40.5,18.3,4.78,0,0.00
86.402,-0.52,-1.39,9.32,-0.12,-0.05,0.37,1013.4,21.5,-41.6,18.3,4.78,0,0.00
86.524,0.65,-1.81,9.76,-0.19,-0.00,0.07,1013.4,21.4,-41.6,18.3,4.78,0,0.00
86.626,1.26,-1.65,9.83,-0.23,0.00,0.06,1013.2,21.4,-41.6,18.3,4.78,0,0.00
86.724,1.55,-1.56,9.35,-0.25,-0.01,0.11,1013.2,21.3,-37.4,18.3,4.78,0,0.00
86.821,2.08,-2.60,9.48,-0.11,-0.03,0.20,1013.4,21.4,-43.7,18.3,4.78,0,0.00
86.918,0.99,-1.58,10.17,-0.13,-0.04,0.28,1013.5,21.4,-43.7,18.3,4.78,0,0.00
87.015,4.30,-1.59,10.41,-0.18,-0.19,0.58,1013.1,21.5,-44.7,18.3,4.78,0,0.00
87.104,2.21,-3.09,9.86,0.05,-0.09,0.38,1013.5,21.2,-44.7,18.3,4.78,0,0.00
87.202,1.67,-1.04,10.90,0.11,-0.06,0.54,1013.2,21.4,-41.6,18.3,4.78,0,0.00
87.323,-8.89,-3.51,2.26,0.23,0.92,0.63,1013.6,21.2,-43.7,18.3,4.78,0,0.00
87.421,0.35,-1.88,9.23,0.22,-0.21,0.80,1013.3,21.5,-41.6,18.3,0.27,0,0.00
87.518,1.08,-3.52,10.97,-0.13,-0.26,0.78,1013.2,21.2,-47.9,18.3,0.27,0,0.00
87.607,0.02,-3.02,10.07,0.23,-0.39,0.72,1012.7,21.3,-46.8,18.3,0.27,0,0.00
87.767,3.13,-1.58,8.82,0.19,-0.47,0.64,1013.4,21.2,-41.6,18.3,0.27,0,0.00
87.817,0.13,-2.55,8.97,0.17,-0.42,0.63,1013.2,21.2,-44.7,18.3,0.27,0,0.00
87.914,1.18,0.21,9.94,0.48,-0.13,0.58,1013.7,21.2,-44.7,18.3,0.27,0,0.00
88.011,0.76,-1.62,8.25,0.36,-0.03,0.48,1013.1,21.3,-38.4,18.3,0.27,0,0.00
88.124,-0.57,1.11,11.26,0.22,0.06,0.49,1013.1,21.3,-46.8,18.3,0.27,0,0.00
88.222,-0.07,0.29,9.58,0.11,-0.03,0.34,1013.5,21.2,-43.7,18.3,0.27,0,0.00
88.319,2.70,0.93,9.14,0.09,-0.05,0.19,1013.2,21.2,-43.7,18.3,0.27,0,0.00
88.416,1.47,-1.22,9.28,0.04,-0.18,0.10,1013.3,21.2,-37.4,18.3,0.27,0,0.00
88.514,0.75,-1.07,9.41,-0.02,-0.07,0.00,1013.1,21.4,-35.2,18.3,0.27,0,0.00
88.627,1.30,-1.58,11.03,0.19,-0.01,0.04,1013.5,21.2,-38.4,18.3,0.27,0,0.00
88.725,1.12,0.48,9.44,0.39,0.03,0.01,1013.0,21.1,-40.5,18.3,0.27,0,0.00
88.833,2.97,-2.99,10.02,0.16,-0.05,-0.08,1013.1,21.3,-40.5,18.3,0.27,0,0.00
88.907,0.20,-1.70,10.51,-0.05,0.02,-0.04,1013.1,21.2,-38.4,18.3,0.27,0,0.00
89.004,0.50,-2.38,9.32,-0.12,0.01,0.04,1012.9,21.1,-40.5,18.3,0.27,0,0.00
89.141,2.22,-1.56,10.21,0.05,0.01,0.01,1013.4,21.2,-38.4,18.3,0.27,0,0.00
89.215,0.34,-0.82,9.64,0.35,-0.00,-0.05,1013.3,21.2,-38.4,18.3,0.27,0,0.00
89.312,0.29,-1.85,9.11,-0.09,-0.01,0.01,1013.2,21.2,-40.5,18.3,0.27,0,0.00
89.409,0.15,2.34,10.52,0.49,0.00,-0.12,1013.3,21.2,-41.6,18.3,0.27,0,0.00
89.507,1.16,-1.60,9.43,0.03,0.01,-0.02,1013.6,21.2,-35.2,18.3,0.27,0,0.00
89.604,0.66,1.30,9.85,0.06,-0.01,0.01,1013.1,21.2,-40.5,18.3,0.27,0,0.00
89.718,2.01,-0.13,9.91,-0.00,0.00,0.00,1013.5,21.1,-34.2,18.3,0.27,0,0.00
89.815,1.79,-1.11,9.46,-0.04,0.01,0.01,1013.2,21.2,-41.6,18.3,0.27,0,0.00
89.925,2.96,1.74,11.35,-0.08,-0.03,0.06,1013.3,21.1,-41.6,18.3,0.27,0,0.00
90.022,2.08,0.57,9.79,0.06,0.01,-0.01,1013.8,21.2,-38.4,18.3,0.27,0,0.00
90.119,1.58,-0.47,9.69,-0.03,0.01,-0.02,1013.5,21.0,-43.7,18.3,0.27,0,0.00
90.209,1.11,-1.25,9.88,-0.06,0.02,-0.03,1013.2,21.2,-40.5,18.3,0.27,0,0.00
90.306,1.18,-1.14,9.74,-0.11,-0.00,0.03,1013.1,21.1,-41.6,18.3,0.27,0,0.00
90.403,1.82,-1.52,9.71,0.00,-0.00,0.01,1013.4,21.1,-38.4,18.3,0.27,0,0.00
90.525,0.16,-1.53,7.52,-0.06,0.06,0.05,1013.9,21.2,-40.5,18.3,0.27,0,0.00
90.622,0.49,-0.33,9.44,0.01,0.01,0.02,1013.6,21.1,-43.7,18.3,0.27,0,0.00
90.713,2.71,-1.06,10.77,0.29,-0.03,-0.09,1013.6,21.0,-40.5,18.3,0.27,0,0.00
90.810,0.73,-1.90,9.63,0.14,0.00,-0.04,1013.4,21.1,-40.5,18.3,0.27,0,0.00
90.907,1.40,-1.22,9.85,-0.04,-0.00,0.01,1012.9,21.1,-40.5,18.3,0.27,0,0.00
91.043,1.17,-1.02,9.82,-0.05,-0.00,0.01,1013.3,21.2,-40.5,18.3,0.27,0,0.00
91.117,1.81,-1.25,9.62,0.01,-0.00,-0.00,1013.5,21.0,-40.5,18.3,0.27,0,0.00
91.207,1.77,-0.91,9.79,-0.01,-0.00,0.01,1013.8,21.1,-38.4,18.3,0.27,0,0.00
91.304,1.36,-1.03,9.69,-0.03,0.00,0.01,1013.8,21.1,-37.4,18.3,0.27,0,0.00
91.426,1.24,-1.59,9.66,0.02,0.01,0.02,1013.7,21.2,-35.2,18.3,0.00,0,0.00
91.523,1.28,-1.34,10.12,0.01,0.00,0.02,1013.2,20.9,-44.7,18.3,0.00,0,0.00
91.620,1.58,-1.28,7.15,-0.01,-0.02,-0.11,1013.2,21.1,-41.6,18.3,0.00,0,0.00
91.711,1.35,-0.89,9.95,0.19,0.01,-0.00,1013.4,20.9,-35.2,18.3,0.00,0,0.00
91.808,1.03,-1.35,10.01,0.09,0.01,0.00,1013.3,21.0,-41.6,18.3,0.00,0,0.00
91.905,1.48,-0.36,9.66,0.11,-0.01,-0.03,1013.9,20.9,-43.7,18.3,0.00,0,0.00
92.002,1.53,-0.45,9.85,0.09,0.00,-0.05,1013.3,21.0,-41.6,18.3,0.00,0,0.00
92.111,2.25,0.45,9.68,-0.01,0.01,-0.02,1013.4,21.1,-41.6,18.3,0.00,0,0.00
92.226,1.33,-1.49,9.87,0.02,0.00,0.04,1012.8,20.9,-41.6,18.3,0.00,0,0.00
92.323,1.23,-0.19,9.73,-0.06,0.01,0.02,1013.2,20.8,-38.4,18.3,0.00,0,0.00
92.421,1.76,-0.91,9.81,0.04,-0.00,-0.02,1013.2,20.8,-38.4,18.3,0.00,0,0.00
92.519,3.22,-0.37,9.63,0.24,-0.10,0.02,1013.2,21.0,-40.5,18.3,0.00,0,0.00
92.616,1.04,0.35,9.75,0.08,-0.03,0.02,1013.4,20.9,-43.7,18.3,0.00,0,0.00
92.705,1.63,-1.44,9.67,0.11,0.01,0.01,1013.5,20.9,-41.6,18.3,0.00,0,0.00
92.803,1.20,-1.22,10.02,0.02,0.04,-0.01,1013.3,21.0,-37.4,18.3,0.00,0,0.00
92.924,0.63,-1.17,9.68,0.04,-0.01,-0.04,1013.4,20.9,-40.5,18.3,0.00,0,0.00
93.021,1.95,-1.43,9.66,-0.02,0.00,0.02,1013.2,21.0,-44.7,18.3,0.00,0,0.00
93.118,1.61,-0.90,9.44,0.00,-0.01,0.03,1013.7,20.9,-40.5,18.3,0.00,0,0.00
93.255,1.61,-0.64,9.74,0.04,0.01,-0.01,1013.0,20.9,-40.5,18.3,0.00,0,0.00
93.322,1.57,-0.89,9.87,0.02,0.01,-0.02,1013.0,20.9,-38.4,18.3,0.00,0,0.00
93.420,1.40,-1.31,9.78,0.03,-0.00,0.01,1013.1,20.9,-37.4,18.3,0.00,0,0.00
93.518,2.50,-1.58,15.08,-0.01,-0.04,-0.01,1013.2,20.9,-41.6,18.3,0.00,0,0.00
93.615,1.58,-1.05,9.73,0.03,-0.01,0.01,1013.1,20.8,-38.4,18.3,0.00,0,0.00
93.712,1.51,-1.16,9.70,0.01,-0.00,0.03,1013.2,20.9,-43.7,18.3,0.00,0,0.00
93.826,1.53,-0.91,9.77,-0.02,-0.00,0.00,1013.6,20.8,-41.6,18.3,0.00,0,0.00
93.923,1.92,-1.21,9.89,0.01,0.01,0.01,1013.3,20.9,-41.6,18.3,0.00,0,0.00
94.020,1.21,-1.90,9.68,0.04,0.01,0.01,1013.7,20.8,-41.6,18.3,0.00,0,0.00
94.117,1.35,-0.62,9.72,0.10,-0.00,-0.01,1013.1,20.9,-41.6,18.3,0.00,0,0.00
94.214,0.57,-0.46,9.64,0.25,-0.02,-0.08,1013.0,20.8,-41.6,18.3,0.00,0,0.00
94.340,2.39,-0.75,9.49,0.05,0.03,-0.05,1013.4,20.8,-40.5,18.3,0.00,0,0.00
94.414,1.04,0.27,9.39,0.06,0.01,-0.05,1013.2,20.9,-44.7,18.3,0.00,0,0.00
94.512,0.83,-0.64,9.97,0.10,-0.00,0.02,1013.6,20.8,-40.5,18.3,0.00,0,0.00
94.609,2.31,-1.26,9.97,0.02,-0.01,0.03,1013.2,20.6,-43.7,18.3,0.00,0,0.00
94.706,1.42,0.08,9.76,-0.04,0.00,-0.03,1012.9,20.8,-41.6,18.3,0.00,0,0.00
94.819,1.12,-0.10,10.98,0.09,-0.09,0.01,1013.3,20.9,-41.6,18.3,0.00,0,0.00
94.917,2.51,-0.45,10.65,-0.25,-0.05,0.03,1012.7,20.7,-44.7,18.3,0.00,0,0.00
95.014,2.32,0.68,9.01,-0.25,0.14,-0.01,1013.8,20.7,-41.6,18.3,0.00,0,0.00
95.111,1.71,0.06,9.63,0.05,-0.01,-0.06,1013.3,20.9,-41.6,18.3,0.00,0,0.00
95.208,2.03,-1.87,9.73,-0.13,0.00,0.04,1013.1,20.9,-43.7,18.3,0.00,0,0.00
95.321,1.72,0.26,9.74,0.01,-0.01,0.03,1013.0,20.8,-43.7,18.3,0.00,0,0.00
95.407,1.28,-0.29,9.78,-0.01,0.00,-0.01,1013.2,20.6,-41.6,18.3,0.00,0,0.00
95.505,1.36,-1.03,9.81,0.03,0.00,-0.01,1013.1,20.7,-43.7,18.3,0.00,0,0.00
95.602,1.73,-0.85,9.96,0.00,0.03,-0.01,1013.4,20.8,-40.5,18.3,0.00,0,0.00
95.723,1.73,-0.80,9.76,-0.00,0.01,0.01,1013.0,20.6,-41.6,18.3,0.00,0,0.00
95.836,1.42,-0.23,9.54,0.07,-0.02,0.02,1013.1,20.7,-41.6,18.3,0.00,0,0.00
95.910,0.95,0.21,9.80,-0.02,0.02,-0.00,1013.4,20.6,-40.5,18.3,0.00,0,0.00
96.007,2.56,-0.91,8.59,-0.11,-0.01,0.00,1013.5,20.7,-46.8,18.3,0.00,0,0.00
96.104,2.21,-0.00,9.89,-0.07,0.01,0.02,1013.1,20.6,-41.6,18.3,0.00,0,0.00
96.225,2.37,-0.04,9.19,-0.00,-0.03,0.01,1013.3,20.7,-43.7,18.3,0.00,0,0.00
96.338,3.81,-1.15,9.53,-0.09,0.04,-0.01,1013.1,20.5,-41.6,18.3,0.00,0,0.00
96.520,2.51,-0.38,9.60,-0.07,0.03,0.13,1013.6,20.6,-38.4,18.3,0.00,0,0.00
96.642,3.32,-0.82,9.50,0.23,-0.31,0.05,1013.3,20.6,-41.6,18.3,0.00,0,0.00
96.739,-0.68,-0.55,8.75,-0.06,0.21,0.09,1013.5,20.6,-41.6,18.3,0.00,0,0.00
96.852,4.22,-0.37,9.36,0.18,-0.19,0.01,1013.4,20.6,-41.6,18.3,0.00,0,0.00
96.926,1.54,-0.55,7.88,0.10,0.04,0.11,1013.8,20.6,-38.4,18.3,0.00,0,0.00
97.023,0.89,-0.79,8.14,0.09,0.03,0.17,1013.6,20.6,-41.6,18.3,0.00,0,0.00
97.120,-0.56,0.26,2.25,0.36,0.16,0.19,1013.5,20.6,-41.6,18.3,0.00,0,0.00
97.241,1.39,-0.11,12.60,-0.24,-0.26,0.24,1013.6,20.8,-43.7,18.3,0.00,0,0.00
97.354,3.62,-0.69,11.53,-0.06,-0.33,0.10,1013.7,20.4,-41.6,18.3,0.00,0,0.00
97.429,0.08,-1.07,12.05,0.04,0.11,0.29,1013.3,20.6,-44.7,18.3,0.00,0,0.00
97.527,-0.73,-1.05,7.26,-0.18,0.02,0.27,1013.9,20.6,-40.5,18.3,0.00,0,0.00
97.636,1.17,1.42,11.82,0.69,-0.24,-0.08,1013.4,20.5,-40.5,18.3,0.00,0,0.00
97.733,4.43,-1.74,15.56,-0.02,-0.18,0.03,1013.8,20.6,-37.4,18.3,0.00,0,0.00
97.830,1.61,-0.31,8.99,0.18,-0.24,0.07,1013.6,20.5,-40.5,18.3,0.00,0,0.00
97.920,0.36,-0.02,7.18,-0.23,0.00,0.15,1013.2,20.6,-40.5,18.3,0.00,0,0.00
98.041,-0.09,0.34,10.70,0.45,0.21,0.10,1013.4,20.5,-37.4,18.3,0.00,0,0.00
98.138,3.03,1.14,10.26,0.05,0.02,0.15,1013.7,20.6,-40.5,18.3,0.00,0,0.00
98.235,1.91,-1.77,7.83,-0.04,-0.01,0.11,1013.4,20.4,-38.4,18.3,0.00,0,0.00
98.332,1.63,-0.26,10.34,0.09,0.15,0.01,1013.6,20.3,-41.6,18.3,0.00,0,0.00
98.423,0.91,-0.77,10.97,0.02,0.20,-0.10,1013.2,20.5,-40.5,18.3,0.00,0,0.00
98.521,-0.34,0.46,9.19,0.01,0.12,-0.16,1013.7,20.6,-40.5,18.3,0.00,0,0.00
98.653,2.64,0.11,10.85,-0.06,0.04,-0.14,1013.5,20.6,-37.4,18.3,0.00,0,0.00
98.727,2.55,-1.48,8.36,0.09,-0.17,-0.20,1013.5,20.4,-41.6,18.3,0.00,0,0.00
98.824,2.15,1.47,12.56,0.02,-0.02,0.13,1013.7,20.5,-41.6,18.3,0.00,0,0.00
98.938,2.24,-2.30,8.60,-0.23,0.20,0.00,1013.8,20.5,-40.5,18.3,0.00,0,0.00
99.035,4.17,-3.27,9.13,-0.40,-0.23,-0.00,1013.5,20.4,-43.7,18.3,0.00,0,0.00
99.132,-2.03,-1.23,2.97,0.18,0.63,-0.21,1013.5,20.6,-37.4,18.3,0.00,0,0.00
99.229,0.81,-0.48,13.40,-0.01,0.35,-0.10,1013.4,20.3,-41.6,18.3,0.00,0,0.00
99.326,3.61,-0.60,16.26,-0.27,-0.21,-0.07,1013.6,20.4,-43.7,18.3,0.00,0,0.00
99.441,5.08,0.97,10.17,0.30,-0.26,-0.07,1013.7,20.4,-41.6,18.3,0.00,0,0.00
99.539,1.69,-0.92,5.65,-0.02,-0.13,-0.03,1013.4,20.4,-43.7,18.3,0.00,0,0.00
99.636,0.35,-1.00,10.29,-0.32,0.08,-0.09,1013.1,20.4,-40.5,18.3,0.00,0,0.00
99.801,2.26,-1.83,9.45,-0.42,-0.32,0.07,1013.3,20.2,-38.4,18.3,0.00,0,0.00
99.826,-2.24,-2.16,12.89,-0.20,0.62,-0.10,1013.0,20.3,-40.5,18.3,0.00,0,0.00
99.941,5.56,-0.37,7.96,0.12,-0.29,0.05,1013.5,20.3,-43.7,18.3,0.00,0,0.00
100.038,-1.53,0.19,9.54,-0.02,0.54,0.10,1013.4,20.4,-37.4,18.3,0.00,0,0.00
100.135,3.37,-1.74,14.14,0.13,0.06,0.20,1013.3,20.4,-38.4,18.3,0.00,0,0.00
100.232,-1.40,-1.02,12.85,0.24,0.30,-0.01,1012.8,20.2,-38.4,18.3,0.00,0,0.00
100.329,5.58,0.54,6.98,-0.01,-0.50,0.13,1013.6,20.4,-38.4,18.3,0.00,0,0.00
100.444,-0.26,-4.33,16.53,0.22,0.48,0.06,1013.3,20.2,-40.5,18.3,0.00,0,0.00
100.542,6.58,-1.39,9.29,-0.12,-0.15,0.05,1013.7,20.3,-43.7,18.3,0.00,0,0.00
100.639,-5.05,-1.58,20.30,-0.17,1.41,-0.30,1013.3,20.4,-40.5,18.3,0.00,0,0.00
100.736,-9.08,0.66,11.60,-0.18,1.68,-0.35,1013.2,20.4,-43.7,18.3,0.00,0,0.00
100.869,7.13,-1.74,11.20,-0.27,-0.86,-0.24,1013.2,20.4,-38.4,18.3,0.00,0,0.00
100.936,6.47,-2.13,8.70,-0.04,-0.40,-0.37,1013.3,20.3,-40.5,18.3,0.00,0,0.00
101.033,-5.51,2.59,9.50,0.11,0.72,-0.31,1013.3,20.2,-44.7,18.3,0.00,0,0.00
101.130,4.48,3.79,16.45,-0.15,1.61,-0.51,1013.5,20.2,-40.5,18.3,0.00,0,0.00
101.227,-5.58,-0.18,9.70,-0.56,0.72,-0.07,1012.9,20.2,-41.6,18.3,0.00,0,0.00
101.324,-0.51,-0.45,5.85,0.17,1.01,-0.32,1013.4,20.4,-43.7,18.3,0.00,0,0.00
101.438,4.67,-4.34,1.27,-0.01,-1.09,-0.08,1013.5,20.3,-43.7,18.3,0.18,0,0.00
101.536,1.81,-0.51,10.16,-0.13,-0.09,-0.22,1013.2,20.2,-50.0,18.3,0.18,0,0.00
101.633,2.36,-0.34,10.27,-0.08,0.23,0.02,1013.4,20.4,-47.9,18.3,0.18,0,0.00
101.730,5.88,-1.24,13.80,0.10,-0.79,0.09,1013.6,20.2,-50.0,18.3,0.18,0,0.00
101.827,11.16,-1.34,14.33,-0.38,-0.18,0.21,1013.7,20.2,-40.5,18.3,0.18,0,0.00
101.952,-2.98,-0.72,2.95,-0.73,1.25,-0.38,1013.7,20.2,-50.0,18.3,0.18,0,0.00
102.026,4.45,1.59,8.96,-0.26,0.21,-0.31,1013.1,20.3,-44.7,18.3,0.18,0,0.00
102.123,2.32,-2.48,11.76,-0.09,-0.00,-0.03,1013.2,20.2,-41.6,18.3,0.18,0,0.00
102.220,-1.05,1.62,14.39,0.32,-1.32,0.12,1013.6,20.2,-41.6,18.3,0.18,0,0.00
102.342,-0.16,-2.48,9.64,-0.29,0.91,-0.15,1013.2,20.1,-44.7,18.3,0.18,0,0.00
102.431,0.15,-0.45,2.00,-0.12,-0.26,0.13,1013.3,20.1,-41.6,18.3,0.18,0,0.00
102.529,4.10,0.91,12.62,0.17,0.64,0.16,1013.6,20.2,-38.4,18.3,0.18,0,0.00
102.626,5.74,-2.02,4.60,-0.05,-0.69,0.20,1013.3,20.1,-53.1,18.3,0.18,0,0.00
102.723,1.63,-1.51,5.74,-0.19,0.69,-0.08,1013.5,20.4,-46.8,18.3,0.18,0,0.00
102.820,2.16,-0.10,7.99,0.22,-0.15,0.12,1013.1,20.2,-66.8,18.3,0.18,0,0.00
102.933,1.63,0.05,5.48,-0.38,0.28,0.20,1013.1,20.1,-98.4,18.3,0.18,0,0.00
103.089,9.62,-4.14,4.18,-0.04,-2.12,-0.04,1013.4,20.3,-101.5,18.3,0.18,0,0.00
103.139,11.53,-3.92,-0.72,0.19,-1.29,-0.07,1013.2,20.1,-98.4,18.3,0.18,0,0.00
103.236,3.20,1.85,13.17,0.38,-1.01,0.16,1013.6,20.2,-101.5,18.3,0.18,80,0.00
103.334,-0.42,1.44,22.34,-0.02,1.08,-0.21,1013.6,20.1,-95.2,18.3,0.18,80,0.00
103.449,-0.41,-2.24,10.13,-0.24,0.14,-0.07,1013.3,20.1,-77.3,18.3,6.75,80,0.00
103.523,-2.33,-0.17,4.48,-0.14,0.49,-0.03,1012.8,20.1,-97.3,18.3,6.75,80,0.00
103.620,-8.83,0.52,21.35,-0.40,0.64,-0.03,1013.4,20.2,-63.7,18.3,6.75,80,0.00
103.741,-1.20,1.41,11.49,-0.17,0.39,-0.06,1013.3,20.1,-62.6,18.3,6.75,80,0.00
103.838,8.52,-0.35,12.44,0.28,-1.11,0.17,1013.5,20.2,-73.1,18.3,6.75,80,0.00
103.951,1.19,4.65,20.51,0.51,-0.64,0.11,1013.2,20.2,-62.6,18.3,6.75,80,0.00
104.025,-1.71,1.30,6.51,0.52,0.41,-0.10,1013.2,20.1,-85.7,18.3,6.75,80,0.00
104.158,-1.81,0.97,4.76,0.62,-0.13,-0.19,1013.8,20.1,-100.5,18.3,6.75,80,0.00
104.232,-2.89,-1.39,12.45,0.18,1.03,-0.42,1013.1,20.0,-83.6,18.3,6.75,80,0.00
104.330,6.18,-1.55,11.94,-0.20,0.41,-0.31,1013.3,20.2,-91.0,18.3,6.75,80,0.00
104.428,3.46,-2.36,8.21,-0.14,0.00,-0.28,1013.6,20.2,-67.9,18.3,7.12,80,0.00
104.542,5.34,-1.02,17.54,0.23,-1.02,-0.04,1013.3,20.1,-77.3,18.3,7.12,80,0.00
104.639,3.53,-2.64,10.93,-0.04,0.11,-0.18,1013.5,20.2,-43.7,18.3,7.12,80,0.00
104.736,-1.53,-0.23,5.54,-0.08,-0.41,-0.07,1013.2,20.3,-66.8,18.3,7.12,80,0.00
104.833,3.35,-0.65,10.43,0.10,0.65,-0.24,1013.2,20.1,-71.0,18.3,7.12,80,0.00
104.930,2.08,-4.27,-1.36,0.06,0.06,-0.36,1013.5,20.3,-91.0,18.3,7.12,80,0.00
105.020,0.19,-1.86,14.87,0.35,-0.76,0.01,1012.9,20.0,-103.6,18.3,7.12,80,0.00
105.141,-6.08,0.22,9.37,-0.09,-0.07,-0.08,1013.5,20.2,-81.5,18.3,7.12,80,0.00
105.226,3.51,0.23,8.45,0.06,-0.45,-0.06,1013.3,20.3,-88.9,18.3,7.12,80,0.00
105.324,3.99,-2.58,12.35,-0.09,-0.94,-0.11,1013.7,20.2,-81.5,18.3,7.12,80,0.00
105.422,-0.95,-0.80,19.03,0.68,-1.15,0.20,1012.9,20.4,-66.8,18.3,7.56,80,0.00
105.536,-10.30,-0.23,-1.08,0.15,-2.02,0.30,1013.3,20.1,-100.5,18.3,7.56,80,0.00
105.633,-17.63,2.15,16.16,0.46,1.95,-0.27,1013.4,20.2,-76.3,18.3,7.56,80,0.00
105.730,1.37,0.55,12.00,-0.86,1.11,-0.23,1013.6,20.2,-74.2,18.3,7.56,80,0.00
105.827,3.88,2.19,18.71,0.35,-0.45,0.14,1013.7,20.3,-101.5,18.3,7.56,80,0.00
105.924,10.25,-1.66,4.49,0.16,-1.00,0.11,1013.8,20.3,-94.2,18.3,7.56,80,0.00
106.038,7.31,6.31,1.71,0.04,-0.30,-0.02,1013.5,20.2,-50.0,18.3,7.56,80,0.00
106.135,7.55,-2.76,4.49,-2.57,1.04,-0.33,1013.3,20.3,-43.7,18.3,7.56,80,0.00
106.232,-0.61,-4.78,1.32,-1.01,-0.04,0.35,1013.6,20.2,-44.7,18.3,7.56,80,0.00
106.367,-9.39,-5.00,18.74,-0.86,1.50,-0.66,1013.2,20.1,-40.5,18.3,7.56,80,0.00
106.442,6.06,-2.40,10.86,-0.32,-1.17,0.19,1013.3,20.1,-53.1,18.3,8.07,80,0.00
106.532,3.70,-6.36,11.87,-0.40,-0.08,-0.29,1013.5,20.1,-65.8,18.3,8.07,80,0.00
106.629,6.45,-0.33,7.82,-0.13,-0.99,0.09,1013.0,20.1,-57.3,18.3,8.07,80,0.00
106.726,1.55,-0.64,7.10,0.61,0.46,0.34,1013.2,20.1,-43.7,18.3,8.07,80,0.00
106.823,5.78,2.67,8.40,1.66,0.11,0.02,1013.3,20.1,-51.0,18.3,8.07,80,0.00
106.920,1.67,2.83,13.54,0.62,0.01,0.37,1013.7,20.2,-37.4,18.3,8.07,80,0.00
107.034,11.01,4.60,5.09,1.37,-1.65,0.22,1013.5,20.2,-71.0,18.3,8.07,80,0.00
107.131,3.68,1.58,8.21,1.29,-0.26,0.19,1013.3,20.1,-41.6,18.3,8.07,80,0.00
107.228,-5.05,-1.07,6.35,-0.29,1.32,0.01,1012.9,20.1,-63.7,18.3,8.07,66,0.00
107.326,2.91,0.05,8.98,-0.13,-1.29,-0.11,1013.3,20.1,-56.3,18.3,8.07,66,0.00
107.435,-3.67,-3.13,5.07,0.28,1.16,-0.13,1013.1,20.1,-53.1,18.3,9.04,66,0.00
107.525,0.41,2.07,12.89,0.11,0.68,-0.20,1013.2,20.1,-46.8,18.3,9.04,66,0.00
107.623,-0.91,-1.70,9.96,0.24,-0.77,0.14,1013.2,20.0,-50.0,18.3,9.04,66,0.00
107.720,1.04,0.39,22.48,0.01,0.88,-0.15,1013.1,20.1,-47.9,18.3,9.04,66,0.00
107.841,-9.38,1.98,27.20,-0.03,3.22,-0.25,1013.5,20.1,-43.7,18.3,9.04,66,0.00
107.938,4.66,-3.93,4.90,-0.51,0.73,-0.01,1013.4,20.1,-41.6,18.3,9.04,66,0.00
108.027,-5.42,1.34,1.53,0.79,-1.73,0.27,1013.0,20.1,-46.8,18.3,9.04,66,0.00
108.125,6.22,-0.08,15.40,0.07,-0.19,0.07,1013.7,20.1,-44.7,18.3,9.04,66,0.00
108.222,2.44,2.48,5.92,0.47,-1.37,0.05,1013.4,19.9,-44.7,18.3,9.04,66,0.00
108.320,-0.04,-1.36,18.10,0.42,-0.11,0.18,1013.5,20.1,-44.7,18.3,9.04,66,0.00
108.442,-0.64,-1.11,4.12,0.21,0.21,0.24,1013.3,20.1,-46.8,18.3,9.68,66,0.00
108.544,3.12,-1.40,13.58,0.23,0.04,0.04,1013.8,20.1,-46.8,18.3,9.68,66,0.00
108.642,4.78,-2.87,2.49,0.19,-0.14,-0.02,1013.4,20.1,-44.7,18.3,9.68,66,0.00
108.739,3.41,0.36,9.41,0.35,0.63,0.02,1013.2,19.9,-41.6,18.3,9.68,66,0.00
108.836,1.14,0.20,3.01,0.42,-0.18,-0.24,1013.2,20.1,-43.7,18.3,9.68,66,0.00
108.933,2.38,0.05,5.40,0.13,0.14,-0.15,1013.5,20.2,-44.7,18.3,9.68,66,0.00
109.046,-1.26,0.86,7.84,-0.16,0.77,-0.29,1012.8,19.9,-44.7,18.3,9.68,66,0.00
109.120,-9.35,-1.85,13.68,-0.11,0.39,-0.17,1013.1,20.1,-43.7,18.3,9.68,66,0.00
109.241,4.37,-0.84,8.00,-0.22,-0.54,0.09,1013.3,20.1,-43.7,18.3,9.68,54,0.00
109.339,2.52,-1.60,13.77,-0.04,0.37,0.01,1013.6,20.1,-44.7,18.3,9.68,54,0.00
109.437,-2.64,-1.97,5.99,-0.09,0.40,-0.15,1013.1,20.2,-46.8,18.3,10.21,54,0.00
109.657,4.28,2.91,8.18,0.11,0.08,0.11,1013.2,20.1,-46.8,18.3,10.21,54,0.00
109.779,8.98,-1.16,13.37,0.14,-0.56,-0.18,1013.8,19.9,-46.8,18.3,10.21,54,0.00
109.876,0.47,-0.87,8.17,0.00,-0.13,-0.03,1013.4,19.9,-44.7,18.3,10.21,54,0.00
109.973,3.42,-0.26,11.14,0.23,-0.21,-0.17,1013.6,20.0,-50.0,18.3,10.21,54,0.00
110.063,0.75,1.07,11.50,0.40,0.19,0.01,1013.3,20.0,-47.9,18.3,10.21,54,0.00
110.161,1.90,0.45,9.85,0.03,-0.13,0.06,1013.5,20.1,-43.7,18.3,10.21,54,0.00
110.259,2.87,-0.08,8.03,0.36,-0.31,0.02,1013.6,19.9,-44.7,18.3,10.21,54,0.00
110.380,4.87,-1.59,4.68,-0.10,-0.78,-0.03,1013.4,20.1,-51.0,18.3,10.78,54,0.00
110.477,-1.35,0.72,11.65,-0.09,0.80,-0.17,1013.3,19.9,-44.7,18.3,10.78,54,0.00
110.567,2.77,-0.43,3.09,-0.03,0.69,-0.44,1013.4,19.9,-47.9,18.3,10.78,54,0.00
110.702,-1.74,1.71,6.86,-0.11,0.03,-0.15,1013.2,20.0,-41.6,18.3,10.78,54,0.00
110.776,-4.37,2.18,12.44,0.15,0.46,-0.09,1013.6,19.9,-47.9,18.3,10.78,54,0.00
110.873,1.43,-0.09,4.51,-0.30,-0.08,0.00,1013.4,19.9,-50.0,18.3,10.78,54,0.00
110.970,1.06,-1.04,13.30,-0.13,-0.18,0.22,1013.5,20.1,-50.0,18.3,10.78,54,0.00
111.084,1.86,-1.14,9.80,-0.28,0.26,0.05,1013.0,20.0,-50.0,18.3,10.78,54,0.00
111.158,-1.46,-0.02,17.99,-0.38,0.35,0.16,1013.6,19.9,-50.0,18.3,10.78,54,0.00
111.280,8.11,-1.01,8.98,0.40,-0.98,0.13,1013.3,20.1,-51.0,18.3,10.78,48,0.00
111.377,2.16,0.24,5.98,0.27,0.13,0.15,1013.3,19.9,-51.0,18.3,11.28,48,0.00
111.474,1.70,0.62,8.10,0.16,-0.12,0.33,1013.2,20.1,-46.8,18.3,11.28,48,0.00
111.587,4.15,0.33,13.54,0.27,-0.95,0.29,1013.5,19.9,-47.9,18.3,11.28,48,0.00
111.661,8.97,-0.84,11.95,0.14,-1.41,0.18,1013.8,20.0,-46.8,18.3,11.28,48,0.00
111.851,5.07,-1.18,7.71,0.35,0.08,-0.04,1013.3,19.9,-43.7,18.3,11.28,48,0.00
111.876,-1.53,0.40,8.57,0.42,-0.15,0.05,1013.3,20.0,-50.0,18.3,11.28,48,0.00
111.974,-0.61,-0.09,12.43,-0.10,-0.04,0.04,1013.6,19.9,-53.1,18.3,11.28,48,0.00
112.088,2.98,-2.91,12.08,0.33,-0.26,-0.25,1013.5,19.8,-47.9,18.3,11.28,40,0.00
112.162,-1.52,0.96,6.78,0.04,0.44,-0.20,1013.0,19.8,-46.8,18.3,11.28,40,0.00
112.259,2.16,1.78,14.09,-0.27,0.61,0.21,1013.0,19.8,-43.7,18.3,11.28,40,0.00
112.380,1.15,0.58,8.93,0.21,0.33,-0.25,1013.3,19.8,-46.8,18.3,11.28,40,0.00
112.477,0.32,0.46,9.10,0.29,-0.02,0.15,1013.8,20.0,-56.3,18.3,11.28,40,0.00
112.590,-1.91,-0.30,-1.29,-0.36,1.36,-0.07,1013.5,19.8,-60.5,18.3,11.28,40,0.00
112.664,-4.11,-1.87,6.40,-0.10,0.23,-0.16,1013.4,19.8,-65.8,18.3,11.28,40,0.00
112.761,-1.87,-1.27,10.14,-0.11,0.64,-0.14,1013.6,19.8,-54.2,18.3,11.28,40,0.00
112.858,-6.14,1.36,9.68,-0.24,0.77,-0.15,1013.9,19.9,-91.0,18.3,11.28,40,0.00
112.967,-3.34,-2.63,6.62,-0.11,0.57,-0.11,1013.0,19.9,-71.0,18.3,11.28,40,0.00
113.065,-4.59,2.80,21.50,0.14,-0.14,0.04,1013.4,19.9,-67.9,18.3,11.28,40,0.00
113.179,-3.01,-0.49,8.13,0.25,0.17,-0.06,1013.4,19.9,-92.1,18.3,11.28,40,0.00
113.276,3.97,0.45,10.38,0.17,-0.08,-0.07,1013.2,19.8,-87.9,18.3,11.28,40,0.00
113.373,7.58,-1.04,12.05,0.05,-0.84,0.06,1013.3,19.9,-51.0,18.3,11.28,40,0.00
113.470,2.02,1.69,10.07,0.24,-0.31,-0.02,1013.9,19.8,-50.0,18.3,12.11,40,0.00
113.567,-5.58,0.04,6.83,-0.38,0.64,-0.02,1013.1,19.8,-43.7,18.3,12.11,40,0.00
113.657,0.90,0.18,19.36,0.13,0.01,-0.03,1013.7,19.9,-41.6,18.3,12.11,40,0.00
113.778,-2.35,-1.88,9.92,0.08,0.54,0.00,1013.3,19.9,-54.2,18.3,12.11,40,0.00
113.875,2.21,2.58,10.61,-0.21,-0.26,0.15,1013.1,19.9,-60.5,18.3,12.11,40,0.00
113.983,0.25,0.11,-2.64,0.28,-0.09,-0.06,1013.4,19.9,-50.0,18.3,12.11,40,0.00
114.058,2.81,-0.70,7.03,0.35,-0.25,-0.06,1013.2,19.9,-53.1,18.3,12.11,42,0.00
114.172,4.41,0.12,11.22,0.14,0.19,-0.02,1013.2,19.8,-41.6,18.3,12.11,42,0.00
114.269,8.33,-0.91,4.70,-0.09,-0.82,-0.02,1013.0,19.8,-46.8,18.3,12.11,42,0.00
114.366,1.57,-4.17,3.65,-0.19,0.45,-0.18,1013.7,19.8,-44.7,18.3,12.11,42,0.00
114.464,-2.64,-3.29,19.33,0.07,-1.63,0.32,1013.6,19.9,-85.7,18.3,12.64,42,0.00
114.561,-9.03,3.60,19.30,0.72,-0.27,0.05,1013.7,19.8,-71.0,18.3,12.64,42,0.00
114.676,-9.89,-2.50,2.10,-0.08,0.94,-0.14,1013.0,19.8,-47.9,18.3,12.64,42,0.00
114.773,-0.96,-0.27,13.48,0.22,-1.69,0.18,1012.9,19.9,-47.9,18.3,12.64,42,0.00
114.870,-4.11,-0.65,10.35,0.26,-0.12,0.01,1013.1,19.9,-51.0,18.3,12.64,42,0.00
114.967,7.01,-1.82,3.55,0.34,-0.33,-0.01,1013.7,19.9,-47.9,18.3,12.64,42,0.00
115.134,6.57,-2.01,9.98,0.91,-0.29,-0.09,1013.6,19.8,-44.7,18.3,12.64,49,0.00
115.176,-1.19,0.15,2.53,-0.18,-0.18,-0.35,1013.3,19.9,-53.1,18.3,12.64,49,0.00
115.274,13.09,1.52,10.59,0.34,-1.81,0.17,1013.3,19.8,-41.6,18.3,12.64,49,0.00
115.371,-7.53,2.81,10.84,0.56,-1.31,0.36,1013.3,19.8,-43.7,18.3,12.64,49,0.00
115.469,2.52,0.38,-0.99,-0.01,-1.43,0.11,1013.2,19.8,-47.9,18.3,12.91,49,0.00
115.566,6.97,2.36,14.07,-0.42,1.18,-0.19,1013.3,19.8,-46.8,18.3,12.91,49,0.00
115.680,-7.28,0.12,26.69,0.14,0.96,-0.11,1013.2,19.8,-50.0,18.3,12.91,49,0.00
115.778,-9.66,-1.95,5.82,-0.45,2.28,-0.53,1013.6,19.8,-47.9,18.3,12.91,49,0.00
115.875,-11.10,1.23,11.36,-0.26,2.81,-0.67,1013.3,19.9,-47.9,18.3,12.91,49,0.00
115.972,0.29,-0.48,17.41,0.99,-1.58,0.18,1013.3,19.8,-50.0,18.3,12.91,49,0.00
116.070,-1.43,0.15,13.01,0.33,-0.59,-0.02,1013.6,19.8,-54.2,18.3,12.91,49,0.00
116.219,2.63,-1.37,9.57,-0.04,0.82,-0.34,1013.1,19.7,-44.7,18.3,12.91,49,0.00
116.269,-6.94,1.34,12.62,0.13,0.65,-0.10,1013.2,19.7,-62.6,18.3,12.91,49,0.00
116.366,9.06,-0.21,0.00,-0.37,-1.33,0.14,1013.5,19.8,-54.2,18.3,12.91,49,0.00
116.464,1.03,-0.99,2.69,0.01,-0.68,0.20,1013.2,19.6,-60.5,18.3,13.09,49,0.00
116.561,5.75,-2.73,14.42,0.04,-0.66,0.16,1013.3,19.7,-54.2,18.3,13.09,49,0.00
116.658,0.28,-1.12,-0.25,0.14,0.07,0.12,1012.8,19.6,-50.0,18.3,13.09,49,0.00
116.772,-2.20,0.56,4.54,0.04,0.56,-0.12,1013.4,19.8,-47.9,18.3,13.09,49,0.00
116.869,1.08,1.78,7.90,0.75,-0.20,0.10,1013.6,19.7,-53.1,18.3,13.09,49,0.00
116.966,-1.81,-1.84,19.20,-0.23,0.72,0.10,1013.5,19.6,-67.9,18.3,13.09,49,0.00
117.064,-2.98,-1.43,7.46,-0.10,0.31,-0.06,1013.0,19.7,-47.9,18.3,13.09,59,0.00
117.161,-0.89,-2.69,10.10,-0.08,0.13,-0.05,1013.4,19.8,-59.4,18.3,13.09,59,0.00
117.262,-3.90,-1.39,16.44,-0.21,0.41,-0.38,1013.5,19.7,-57.3,18.3,13.09,59,0.00
117.360,1.98,-3.33,23.78,0.47,1.12,-0.04,1013.2,19.8,-77.3,18.3,13.09,59,0.00
117.458,-0.41,-1.65,15.60,0.24,-0.62,-0.56,1013.6,19.8,-59.4,18.3,13.44,59,0.00
117.579,5.76,0.47,19.49,-0.18,2.00,-0.22,1013.5,19.7,-71.0,18.3,13.44,59,0.00
117.676,2.25,-0.12,12.40,1.55,-1.40,0.22,1013.5,19.6,-44.7,18.3,13.44,59,0.00
117.766,6.52,-1.15,10.01,-0.42,0.08,0.02,1013.6,19.7,-73.1,18.3,13.44,59,0.00
117.863,10.96,2.16,9.84,0.18,-1.61,0.02,1013.3,19.6,-47.9,18.3,13.44,59,0.00
117.960,-3.12,0.91,5.07,0.66,-0.11,0.07,1013.4,19.8,-67.9,18.3,13.44,59,0.00
118.058,-2.20,-2.69,8.94,-0.09,0.38,0.05,1013.4,19.6,-66.8,18.3,13.44,35,0.00
118.179,6.02,-0.44,-4.09,0.05,0.16,-0.09,1013.7,19.6,-53.1,18.3,13.44,35,0.00
118.269,9.33,-0.32,1.19,-0.18,-0.65,-0.10,1013.2,19.5,-51.0,18.3,13.44,35,0.00
118.406,8.94,-2.60,11.33,0.34,-1.02,0.05,1012.8,19.6,-59.4,18.3,13.46,35,0.00
118.480,-5.93,-0.65,7.52,-0.04,0.67,-0.12,1013.6,19.6,-62.6,18.3,13.46,35,0.00
118.577,-0.07,0.87,5.22,0.17,-0.13,-0.16,1013.1,19.6,-53.1,18.3,13.46,35,0.00
118.674,-1.59,0.04,5.71,-0.10,0.35,0.02,1013.5,19.6,-60.5,18.3,13.46,35,0.00
118.765,-0.55,-1.83,3.53,-0.55,0.59,-0.14,1013.4,19.8,-46.8,18.3,13.46,35,0.00
118.862,-0.08,-1.44,11.51,0.01,0.37,0.09,1013.1,19.6,-46.8,18.3,13.46,35,0.00
118.959,-2.04,0.28,13.70,-0.06,-0.10,0.03,1013.1,19.6,-47.9,18.3,13.46,35,0.00
119.057,-5.18,-1.67,10.60,0.14,0.12,-0.14,1013.8,19.6,-53.1,18.3,13.46,35,0.00
119.178,5.25,-0.83,8.29,-0.21,-0.06,0.06,1013.8,19.6,-46.8,18.3,13.46,35,0.00
119.269,6.65,-1.19,15.08,0.26,-1.14,0.05,1013.7,19.7,-50.0,18.3,13.46,35,0.00
119.366,2.86,-2.16,6.64,0.04,0.27,-0.11,1013.5,19.7,-53.1,18.3,13.46,35,0.00
119.475,1.25,-0.19,9.33,0.54,0.06,-0.10,1013.4,19.6,-53.1,18.3,13.50,35,0.00
119.573,5.13,-0.95,8.93,-0.53,-0.02,0.26,1013.3,19.6,-77.3,18.3,13.50,35,0.00
119.670,9.58,0.34,7.76,-0.31,-0.07,0.29,1013.5,19.5,-50.0,18.3,13.50,35,0.00
119.760,4.65,-1.52,2.57,-0.01,0.43,0.13,1013.3,19.8,-51.0,18.3,13.50,35,0.00
119.858,-1.99,1.35,17.53,0.27,0.68,-0.00,1013.0,19.6,-77.3,18.3,13.50,35,0.00
119.979,4.43,-0.93,5.98,0.13,-0.70,0.18,1013.1,19.6,-47.9,18.3,13.50,35,0.00
120.077,1.37,-1.23,6.32,0.00,0.20,0.17,1013.4,19.7,-71.0,18.3,13.50,39,0.00
120.174,-4.93,-0.72,17.97,-0.04,0.70,-0.02,1013.4,19.6,-67.9,18.3,13.50,39,0.00
120.264,-4.12,-1.05,6.00,0.49,0.00,-0.06,1013.4,19.6,-83.6,18.3,13.50,39,0.00
120.362,2.59,-0.83,15.77,0.21,0.55,-0.02,1013.4,19.6,-47.9,18.3,13.50,39,0.00
120.460,-8.00,-0.51,5.85,0.22,0.52,-0.09,1013.6,19.6,-50.0,18.3,13.59,39,0.00
120.619,8.68,-1.68,17.49,0.16,-0.87,-0.02,1013.3,19.6,-47.9,18.3,13.59,39,0.00
120.669,4.44,-0.89,8.58,-0.24,-0.42,0.06,1013.2,19.6,-51.0,18.3,13.59,39,0.00
120.783,4.65,0.24,9.38,-0.22,-0.07,0.02,1013.4,19.6,-46.8,18.3,13.59,39,0.00
120.857,-0.61,-0.49,10.47,0.21,-0.68,0.00,1013.5,19.6,-47.9,17.5,13.59,39,0.00
120.978,-0.85,0.28,5.73,0.23,-0.24,-0.07,1013.3,19.4,-46.8,18.3,13.59,39,0.00
121.076,1.88,-0.63,7.25,0.14,0.28,-0.04,1013.7,19.4,-57.3,17.5,13.59,39,0.00
121.173,2.62,2.02,6.33,-0.06,0.36,0.13,1013.3,19.5,-71.0,17.5,13.59,39,0.00
121.287,-1.38,0.09,4.26,-0.03,0.05,0.01,1013.1,19.5,-46.8,17.5,13.59,39,0.00
121.361,1.45,-0.37,8.94,0.04,0.19,-0.11,1013.7,19.6,-60.5,18.3,13.59,39,0.00
121.459,-5.97,-0.42,2.82,0.01,0.00,-0.17,1013.5,19.4,-62.6,17.5,13.61,39,0.00
121.580,4.81,1.06,7.78,-0.04,-0.46,0.08,1013.5,19.6,-71.0,17.5,13.61,39,0.00
121.688,0.80,-1.89,14.83,-0.05,0.10,0.18,1013.8,19.4,-81.5,18.3,13.61,39,0.00
121.762,3.19,0.04,11.65,0.20,-0.32,0.04,1013.0,19.4,-56.3,17.5,13.61,39,0.00
121.877,0.10,-2.30,-1.92,-0.02,0.10,-0.12,1013.4,19.4,-51.0,17.5,13.61,70,0.00
121.974,-0.38,-0.47,1.81,0.15,0.54,-0.32,1013.0,19.5,-56.3,17.5,13.61,70,0.00
122.071,0.22,0.65,-3.95,-0.17,0.89,-0.02,1013.4,19.4,-53.1,17.5,13.61,70,0.00
122.168,0.36,1.40,1.18,-0.19,1.07,-0.14,1013.7,19.6,-50.0,17.5,13.61,70,0.00
122.265,-3.47,2.06,7.58,-0.18,1.15,0.21,1013.3,19.4,-44.7,17.5,13.61,70,0.00
122.379,6.48,-2.16,13.50,-0.11,-0.23,0.14,1013.1,19.4,-50.0,17.5,13.72,70,0.00
122.476,-3.60,0.03,-2.31,0.28,0.60,-0.08,1013.7,19.3,-50.0,17.5,13.72,70,0.00
122.573,7.55,-0.19,5.15,-0.17,-0.97,0.02,1013.4,19.4,-65.8,17.5,13.72,70,0.00
122.670,-4.20,-0.13,9.42,-0.02,0.40,0.04,1013.7,19.4,-63.7,17.5,13.72,70,0.00
122.779,7.91,-0.51,12.73,-0.08,-0.23,0.10,1013.8,19.4,-50.0,17.5,13.72,70,0.00
122.870,-7.95,-0.13,9.18,-0.09,0.75,-0.10,1013.7,19.5,-85.7,17.5,13.72,79,0.00
122.967,2.59,-5.75,14.76,-0.02,-0.40,0.06,1014.0,19.3,-53.1,17.5,13.72,79,0.00
123.064,4.42,-0.77,10.32,-0.06,0.57,0.01,1013.6,19.2,-41.6,17.5,13.72,79,0.00
123.161,6.33,-3.10,20.00,0.08,-1.17,-0.01,1013.5,19.4,-47.9,17.5,13.72,79,0.00
123.258,0.18,-1.98,2.87,0.57,0.44,-0.35,1013.7,19.4,-40.5,17.5,13.72,79,0.00
123.372,2.29,-0.93,10.15,0.35,-1.05,-0.23,1013.6,19.5,-43.7,17.5,13.72,79,0.00
123.469,7.80,-3.99,15.19,-0.31,-2.04,-0.06,1013.4,19.4,-43.7,17.5,13.77,79,0.00
123.566,-4.54,-0.58,10.13,-0.45,1.01,-0.21,1013.3,19.3,-50.0,17.5,13.77,79,0.00
123.663,-0.10,3.22,15.92,-0.56,-0.67,0.29,1013.3,19.3,-41.6,17.5,13.77,79,0.00
123.760,-10.31,2.31,16.48,-0.01,0.81,-0.12,1013.5,19.4,-50.0,17.5,13.77,79,0.00
123.898,1.50,-1.73,18.50,-0.09,-0.64,-0.02,1013.3,19.4,-46.8,17.5,13.77,79,0.00
123.965,-0.38,-0.48,5.60,0.08,0.49,0.22,1013.7,19.2,-43.7,17.5,13.77,79,0.00
124.062,11.31,-1.80,5.47,-0.10,-0.49,0.26,1013.6,19.4,-43.7,17.5,13.77,79,0.00
124.159,-1.61,-1.39,8.95,0.09,0.42,-0.16,1013.7,19.2,-43.7,17.5,13.77,79,0.00
124.280,4.06,-1.62,9.33,0.39,-1.04,-0.03,1013.9,19.2,-41.6,17.5,13.77,79,0.00
124.377,1.82,2.21,6.63,0.68,-0.21,-0.23,1013.6,19.2,-46.8,17.5,13.77,79,0.00
124.468,-2.89,2.96,2.47,0.32,0.75,0.03,1013.4,19.4,-43.7,17.5,13.77,79,0.00
124.565,-2.26,-2.58,17.19,-0.16,0.82,-0.01,1013.4,19.4,-41.6,17.5,13.77,79,0.00
124.662,6.30,-4.81,21.08,0.12,-0.34,-0.02,1014.1,19.4,-38.4,17.5,13.77,79,0.00
124.759,3.37,-0.18,8.80,0.16,-0.15,0.00,1013.4,19.4,-44.7,17.5,13.77,79,0.00
124.857,-6.52,1.17,6.40,0.12,2.25,-0.35,1013.6,19.2,-50.0,17.5,13.77,90,0.00
124.983,11.84,-1.06,23.34,0.49,-1.06,-0.02,1013.8,19.3,-43.7,17.5,13.77,90,0.00
125.057,1.43,0.81,0.73,0.07,0.68,0.17,1013.7,19.2,-46.8,17.5,13.77,90,0.00
125.178,11.34,-3.35,14.13,-0.78,0.06,0.21,1013.3,19.2,-38.4,17.5,13.77,90,0.00
125.275,2.66,2.32,16.86,-0.09,2.37,-0.37,1013.7,19.2,-43.7,17.5,13.77,90,0.00
125.372,1.62,1.87,15.03,-0.12,0.69,0.06,1013.2,19.2,-44.7,17.5,13.77,90,0.00
125.462,2.64,0.01,20.58,-0.32,-0.02,-0.23,1013.5,19.2,-43.7,17.5,13.72,90,0.00
125.560,11.42,-2.49,14.06,0.29,-0.58,-0.08,1013.5,19.3,-47.9,17.5,13.72,90,0.00
125.657,-1.28,-1.37,8.34,0.10,1.18,0.08,1013.4,19.5,-43.7,17.5,13.72,90,0.00
125.778,-2.26,2.30,4.89,0.79,0.15,0.10,1013.4,19.2,-38.4,17.5,13.72,90,0.00
125.876,-16.46,-1.43,6.64,-0.45,1.89,-0.30,1013.7,19.2,-50.0,17.5,13.72,106,0.00
125.966,-0.66,1.13,7.51,-0.20,1.53,0.11,1013.3,19.1,-50.0,17.5,13.72,106,0.00
126.076,5.99,-1.72,-9.47,-0.24,-0.28,-0.19,1013.0,19.4,-44.7,17.5,13.72,106,0.00
126.173,-0.08,0.39,4.25,-0.52,0.81,-0.23,1013.6,19.2,-71.0,17.5,13.72,106,0.00
126.270,-0.99,-2.73,4.32,-0.65,0.24,0.08,1012.9,19.2,-63.7,17.5,13.72,106,0.00
126.367,6.30,-3.75,5.20,-0.02,-0.33,0.06,1013.7,19.3,-57.3,17.5,13.72,106,0.00
126.482,2.89,-0.42,11.73,-0.32,1.02,0.26,1013.5,19.2,-40.5,17.5,13.71,106,0.00
126.580,3.11,0.33,1.97,0.22,-0.03,0.14,1013.4,19.1,-47.9,17.5,13.71,106,0.00
126.677,0.19,-2.23,5.12,0.16,0.68,-0.27,1013.1,19.3,-59.4,17.5,13.71,106,0.00
126.774,10.00,-1.24,9.66,-0.22,-0.47,0.07,1013.4,19.3,-60.5,17.5,13.71,106,0.00
126.872,7.10,0.47,13.08,-0.21,-0.38,-0.17,1013.4,19.2,-56.3,17.5,13.71,106,0.00
126.986,0.43,0.47,5.77,0.16,0.06,-0.20,1013.0,19.2,-50.0,17.5,13.71,106,0.00
127.172,2.49,-1.20,20.61,-0.72,0.21,0.13,1013.6,19.1,-44.7,17.5,13.71,106,0.00
127.294,8.04,-2.33,1.63,-0.09,-1.36,0.11,1013.6,19.1,-46.8,17.5,13.71,106,0.00
127.391,-0.17,0.64,20.01,-0.17,1.23,0.31,1013.5,19.2,-54.2,17.5,13.65,106,0.00
127.505,4.49,-2.03,19.92,-0.20,-0.65,-0.08,1013.5,19.4,-47.9,17.5,13.65,106,0.00
127.579,5.07,2.19,1.28,0.42,-0.11,0.01,1013.6,19.1,-46.8,17.5,13.65,106,0.00
127.676,-10.83,-4.21,12.76,-0.41,1.48,-0.38,1013.8,19.2,-43.7,17.5,13.65,106,0.00
127.773,-6.81,1.24,-0.89,-0.15,0.98,-0.32,1013.3,19.1,-44.7,17.5,13.65,106,0.00
127.895,3.27,-1.43,4.98,-0.28,-0.05,-0.15,1013.5,19.1,-46.8,17.5,13.65,109,0.00
128.009,6.59,-0.72,8.06,0.13,-0.51,-0.01,1013.7,19.2,-40.5,17.5,13.65,109,0.00
128.083,4.22,-0.65,6.15,0.39,-0.81,-0.06,1013.5,19.2,-40.5,17.5,13.65,109,0.00
128.180,5.61,-0.40,13.67,0.21,-1.27,0.03,1013.5,19.2,-41.6,17.5,13.65,109,0.00
128.289,-2.11,3.87,11.75,0.19,-0.49,0.04,1013.4,19.2,-44.7,17.5,13.65,109,0.00
128.386,6.43,0.13,0.92,-0.09,-0.51,0.01,1013.7,19.2,-41.6,17.5,13.71,109,0.00
128.483,3.12,1.08,13.25,-0.05,-0.84,0.27,1013.7,19.0,-44.7,17.5,13.71,109,0.00
128.573,3.29,0.02,6.90,0.33,-1.13,0.34,1013.9,19.1,-47.9,17.5,13.71,109,0.00
128.694,5.90,0.42,6.05,0.31,-0.02,-0.02,1013.4,19.0,-44.7,17.5,13.71,109,0.00
128.791,-0.51,-2.85,-4.95,0.61,-0.12,-0.14,1013.6,19.1,-50.0,17.5,13.71,109,0.00
128.889,0.84,2.26,7.39,0.39,0.13,-0.09,1013.3,19.2,-41.6,17.5,13.71,95,0.00
128.986,12.44,-2.25,-0.34,0.12,-0.29,0.05,1013.5,19.1,-50.0,17.5,13.71,95,0.00
129.076,-7.92,-0.62,10.72,0.22,0.24,-0.00,1013.2,19.2,-53.1,17.5,13.71,95,0.00
129.173,-1.02,0.05,17.07,-0.09,0.81,0.41,1013.4,19.2,-53.1,17.5,13.71,95,0.00
129.305,-3.93,-4.65,15.66,-0.75,0.86,-0.01,1013.4,19.2,-47.9,17.5,13.71,95,0.00
129.379,8.62,-0.90,8.38,0.35,-1.26,0.00,1013.9,19.3,-41.6,17.5,13.75,95,0.00
129.476,2.96,0.85,12.87,0.05,-0.42,-0.06,1013.8,19.2,-43.7,17.5,13.75,95,0.00
129.589,-0.26,-1.89,6.82,-0.22,-0.35,-0.01,1013.6,19.2,-40.5,17.5,13.75,95,0.00
129.686,-1.66,3.06,-1.99,1.13,0.46,-0.24,1013.5,19.1,-50.0,17.5,13.75,95,0.00
129.783,-2.68,-0.97,-2.98,0.35,0.17,-0.18,1013.2,19.1,-88.9,17.5,13.75,95,0.00
129.881,3.50,-1.76,5.76,-0.10,-0.76,-0.12,1013.6,19.1,-46.8,17.5,13.75,95,0.00
129.978,4.19,0.55,3.27,-0.29,-0.57,-0.18,1013.6,19.2,-44.7,17.5,13.75,95,0.00
130.093,1.79,-1.47,13.14,-0.58,0.82,-0.24,1013.3,19.1,-50.0,17.5,13.75,95,0.00
130.190,6.97,3.22,17.04,-0.13,-0.23,0.37,1013.2,19.1,-44.7,17.5,13.75,95,0.00
130.287,8.40,0.36,-3.32,-1.99,0.44,0.28,1013.6,19.1,-47.9,17.5,13.75,95,0.00
130.457,1.17,1.08,5.80,0.23,-0.08,0.09,1013.0,19.0,-51.0,17.5,13.91,95,0.00
130.482,10.33,-0.91,10.28,-0.90,-0.15,0.31,1013.3,18.9,-46.8,17.5,13.91,95,0.00
130.574,3.39,-4.92,24.67,-0.74,-1.03,0.41,1013.5,19.0,-41.6,17.5,13.91,95,0.00
130.695,-7.69,-0.23,8.26,-0.28,1.48,-0.09,1013.5,19.1,-41.6,17.5,13.91,95,0.00
130.792,3.30,2.91,11.09,0.25,0.45,0.14,1013.5,19.1,-40.5,17.5,13.91,95,0.00
130.890,-0.34,0.53,6.63,0.08,0.28,0.15,1013.0,19.1,-44.7,17.5,13.91,0,0.00
130.987,1.12,-1.71,16.21,-0.55,-0.00,-0.12,1013.5,19.1,-46.8,17.5,13.91,0,0.00
131.077,0.42,-3.69,16.40,-0.64,0.54,-0.12,1013.4,19.0,-43.7,17.5,13.91,0,0.00
131.174,0.65,2.72,20.28,0.41,0.25,0.13,1013.5,19.2,-41.6,17.5,13.91,0,0.00
131.295,-12.63,-0.39,8.40,-0.11,1.69,-0.21,1013.4,19.2,-41.6,17.5,13.91,0,0.00
131.392,-2.64,0.90,10.62,0.08,0.44,0.12,1013.4,19.0,-44.7,17.5,13.99,0,0.00
131.525,2.59,1.16,9.38,0.56,-0.29,0.20,1013.4,19.1,-44.7,17.5,13.99,0,0.00
131.592,5.11,-2.41,8.03,0.35,-0.29,-0.02,1013.5,18.9,-43.7,17.5,13.99,0,0.00
131.690,-8.26,1.94,10.22,-0.34,1.09,0.00,1013.5,19.2,-44.7,17.5,13.99,0,0.00
131.787,1.61,-4.48,-0.16,-0.41,0.48,-0.05,1013.2,19.2,-51.0,17.5,13.99,0,0.00
131.884,-1.67,-1.21,2.44,0.28,0.20,0.21,1013.5,19.1,-44.7,17.5,13.99,0,0.00
131.981,9.78,-0.97,13.05,-0.04,-1.04,0.20,1013.6,19.1,-53.1,17.5,13.99,0,0.00
132.095,8.67,-0.75,5.69,-0.27,0.90,0.03,1013.0,19.1,-50.0,17.5,13.99,0,0.00
132.192,-3.23,0.67,13.56,-0.36,0.40,-0.04,1013.4,19.1,-41.6,17.5,13.99,0,0.00
132.289,-15.23,0.45,2.13,-0.27,2.49,-0.40,1013.7,19.1,-43.7,17.5,13.99,0,0.00
132.386,-2.75,-0.20,3.94,0.44,0.84,-0.21,1013.7,19.1,-46.8,17.5,13.86,0,0.00
132.483,-2.83,0.78,9.00,0.09,0.55,-0.00,1013.8,19.1,-43.7,17.5,13.86,0,0.00
132.608,-4.14,-0.06,9.45,-0.33,0.06,-0.01,1013.6,18.9,-41.6,17.5,13.86,0,0.00
132.682,3.00,-2.04,6.20,-0.22,-0.14,-0.11,1013.5,18.9,-46.8,17.5,13.86,0,0.00
132.779,-0.96,-0.68,1.43,-0.09,0.21,-0.07,1013.5,19.1,-46.8,17.5,13.86,0,0.00
132.876,-3.25,2.01,15.80,-0.40,0.23,0.14,1013.5,19.1,-53.1,17.5,13.86,0,0.00
132.973,5.68,-0.14,8.76,0.21,-1.48,0.27,1013.2,19.0,-54.2,17.5,13.86,0,0.00
133.086,4.24,-2.24,17.74,-0.58,-0.80,0.26,1013.5,19.1,-51.0,17.5,13.86,0,0.00
133.184,3.39,-2.02,15.16,-0.15,-0.80,0.03,1013.6,19.1,-53.1,17.5,13.86,0,0.00
133.281,6.78,-0.21,11.68,0.67,-1.31,0.29,1013.4,19.1,-53.1,17.5,13.86,0,0.00
133.378,12.87,3.67,4.64,-0.70,0.64,-0.28,1013.5,19.1,-56.3,17.5,13.67,0,0.00
133.475,-0.75,-0.99,10.96,-0.16,-0.25,-0.15,1013.9,19.1,-59.4,17.5,13.67,0,0.00
133.588,5.97,0.99,10.98,0.26,0.42,0.18,1013.7,19.1,-57.3,17.5,13.67,0,0.00
133.752,-4.77,-0.73,-0.63,0.14,-0.42,-0.12,1013.7,19.1,-57.3,17.5,13.67,0,0.00
133.777,2.67,-0.26,14.82,0.38,-0.93,-0.16,1013.1,19.1,-67.9,17.5,13.67,0,0.00
133.875,3.05,-1.46,3.84,0.25,-0.09,-0.03,1014.2,19.0,-73.1,17.5,13.67,0,0.00
133.972,3.50,-3.24,10.72,0.06,-1.48,-0.01,1012.9,19.1,-57.3,17.5,13.67,0,0.00
134.109,2.86,2.52,10.43,0.28,-1.31,-0.07,1013.4,18.9,-51.0,17.5,13.67,0,0.00
134.183,-2.09,-2.26,11.14,-0.19,0.18,-0.01,1013.2,18.9,-47.9,17.5,13.67,0,0.00
134.280,3.11,1.55,5.37,-0.10,1.05,0.16,1013.5,18.9,-54.2,17.5,13.67,0,0.00
134.377,0.70,0.80,7.33,0.14,0.32,0.27,1013.7,19.0,-77.3,17.5,13.34,0,0.00
134.474,-4.66,1.71,6.13,-0.62,1.51,0.25,1013.5,19.2,-62.6,17.5,13.34,0,0.00
134.611,2.97,-0.88,6.75,0.32,-0.21,-0.08,1013.9,19.0,-66.8,17.5,13.34,0,0.00
134.685,-11.48,2.32,12.66,0.18,0.65,0.06,1013.9,19.1,-54.2,17.5,13.34,0,0.00
134.818,-3.60,0.74,4.76,-0.03,-0.11,0.16,1013.5,19.2,-59.4,17.5,13.34,0,0.00
134.892,-7.70,-1.75,-6.49,0.17,-0.54,0.16,1013.1,19.1,-50.0,17.5,13.34,0,0.00
134.989,2.72,-2.04,14.25,-0.18,-1.00,0.28,1013.3,19.0,-46.8,17.5,13.34,0,0.00
135.086,-0.49,-1.49,2.76,0.67,0.75,-0.04,1013.6,19.0,-46.8,17.5,13.34,0,0.00
135.176,3.53,0.94,15.91,0.71,-0.38,-0.14,1013.9,19.0,-60.5,17.5,13.34,0,0.00
135.273,5.40,-0.28,10.10,0.32,0.27,-0.04,1013.6,19.0,-50.0,17.5,13.34,0,0.00
135.394,6.87,0.59,12.42,0.42,-1.93,0.06,1014.0,19.1,-51.0,17.5,13.04,0,0.00
135.491,6.21,-0.16,-1.71,0.06,-0.03,-0.13,1013.2,19.0,-67.9,17.5,13.04,0,0.00
135.588,12.64,-1.30,13.88,-0.27,-0.97,0.19,1013.7,19.0,-85.7,17.5,13.04,0,0.00
135.678,5.85,-1.92,6.96,-0.38,1.78,-0.34,1013.3,19.0,-77.3,17.5,13.04,0,0.00
135.775,-6.01,-2.72,12.91,-0.12,0.41,-0.10,1013.2,18.9,-66.8,17.5,13.04,0,0.00
135.957,4.30,-1.34,13.60,0.65,-0.32,-0.15,1013.6,19.2,-53.1,17.5,13.04,0,0.00
135.982,6.68,1.13,7.75,0.70,-0.40,-0.03,1013.1,18.9,-47.9,17.5,13.04,0,0.00
136.080,-4.33,-2.78,5.75,-0.88,0.61,-0.06,1013.2,18.9,-40.5,17.5,13.04,0,0.00
136.194,8.23,-0.90,20.59,0.24,-0.35,0.11,1013.4,19.1,-44.7,17.5,13.04,0,0.00
136.291,9.27,-1.41,11.99,0.27,-1.31,-0.04,1013.4,18.9,-51.0,17.5,13.04,0,0.00
136.388,-2.44,-0.10,3.32,-0.20,0.34,-0.08,1013.6,19.1,-46.8,17.5,12.83,0,0.00
136.485,-6.64,0.95,-1.92,-0.25,1.67,-0.31,1013.7,19.1,-43.7,17.5,12.83,0,0.00
136.582,-8.15,-5.53,20.99,-0.53,0.37,0.06,1013.4,19.1,-47.9,17.5,12.83,0,0.00
136.673,3.81,-3.70,11.15,0.46,-1.26,0.09,1013.2,19.1,-50.0,17.5,12.83,0,0.00
136.794,4.85,0.12,0.56,-0.31,-0.59,-0.15,1013.5,19.0,-62.6,17.5,12.83,0,0.00
136.891,0.70,-1.68,2.72,0.15,-0.30,-0.05,1013.2,19.1,-54.2,17.5,12.83,0,0.00
137.024,-1.55,-1.42,4.72,0.17,0.21,-0.22,1013.3,18.9,-62.6,17.5,12.83,0,0.00
137.074,7.66,-1.62,10.94,-0.51,-0.11,-0.02,1013.4,19.2,-51.0,17.5,12.83,0,0.00
137.188,1.85,-0.42,10.60,0.38,-1.54,-0.22,1013.3,19.2,-85.7,17.5,12.83,0,0.00
137.285,-2.26,1.25,9.76,-0.19,-0.06,0.04,1013.1,19.1,-67.9,17.5,12.83,0,0.00
137.382,-0.11,0.47,3.84,-0.14,-0.40,0.17,1013.4,19.1,-51.0,17.5,12.60,0,0.00
137.479,0.13,0.12,24.21,0.18,0.37,-0.23,1013.6,19.1,-66.8,17.5,12.60,0,0.00
137.576,-1.33,1.81,4.53,0.15,0.13,0.11,1013.5,18.9,-65.8,17.5,12.60,0,0.00
137.690,0.42,0.78,12.63,0.27,0.06,0.03,1013.6,19.1,-60.5,17.5,12.60,0,0.00
137.787,-7.68,-0.95,7.42,-0.06,1.08,0.04,1013.6,19.1,-60.5,17.5,12.60,0,0.00
137.884,-1.36,0.50,5.53,0.06,1.25,-0.04,1013.1,19.0,-63.7,17.5,12.60,0,0.00
137.981,-1.35,-0.85,5.99,0.49,0.28,0.19,1013.4,19.1,-54.2,17.5,12.60,0,0.00
138.090,1.43,-1.04,14.42,-0.42,0.01,0.10,1013.9,18.9,-63.7,17.5,12.60,0,0.00
138.180,-8.91,-1.81,2.02,-0.03,0.53,-0.02,1013.5,18.9,-46.8,17.5,12.60,0,0.00
138.278,-2.38,-0.05,3.78,-0.12,0.33,-0.07,1012.8,19.0,-47.9,17.5,12.60,0,0.00
138.375,-2.89,-0.33,10.41,0.20,0.42,-0.15,1013.1,19.1,-50.0,17.5,12.22,0,0.00
138.472,4.54,-1.17,7.58,-0.13,-0.85,0.12,1013.3,19.1,-92.1,17.5,12.22,0,0.00
138.593,-3.07,-1.09,20.33,-0.48,1.80,-0.25,1013.0,18.9,-81.5,17.5,12.22,0,0.00
138.683,-10.14,-0.56,6.27,0.01,1.24,-0.30,1013.4,19.0,-74.2,17.5,12.22,0,0.00
138.780,9.30,2.90,20.13,-0.42,1.47,0.23,1013.7,19.1,-46.8,17.5,12.22,0,0.00
138.877,4.37,-5.45,11.15,-0.48,-0.49,0.06,1013.8,19.0,-54.2,17.5,12.22,0,0.00
138.974,-2.74,-3.03,13.64,-0.45,-0.35,0.06,1013.7,18.9,-59.4,17.5,12.22,0,0.00
139.095,-6.76,-1.65,7.43,-0.38,0.30,0.07,1013.4,19.1,-46.8,17.5,12.22,0,0.00
139.229,-0.33,-0.98,5.99,0.14,-0.73,0.23,1013.2,19.2,-62.6,17.5,12.22,0,0.00
139.296,1.16,-2.13,15.44,0.11,0.14,0.07,1013.3,19.1,-51.0,17.5,12.22,0,0.00
139.393,7.15,0.04,9.97,-0.04,0.54,0.20,1013.6,19.1,-54.2,17.5,11.96,0,0.00
139.490,-7.54,-0.50,4.57,-0.36,0.57,0.16,1013.5,18.9,-47.9,17.5,11.96,0,0.00
139.587,-11.71,-2.87,7.58,-0.02,1.15,-0.34,1013.5,19.1,-51.0,17.5,11.96,0,0.00
139.685,-4.17,-0.51,4.58,-0.25,0.57,-0.37,1013.5,19.2,-46.8,17.5,11.96,0,0.00
139.774,4.20,-0.04,6.52,-0.12,-0.14,-0.05,1013.8,19.1,-46.8,17.5,11.96,0,0.00
139.872,2.19,-2.46,12.01,0.01,1.01,-0.35,1013.6,19.1,-62.6,17.5,11.96,0,0.00
139.993,12.74,0.55,22.43,0.36,-2.23,0.38,1013.4,19.1,-46.8,17.5,11.96,0,0.00
140.090,8.21,-0.62,9.47,-0.21,-0.60,0.10,1014.0,19.1,-41.6,17.5,11.96,0,0.00
140.187,-3.45,-0.66,5.03,0.04,-0.00,-0.12,1013.7,18.9,-46.8,17.5,11.96,0,0.00
140.313,4.01,-0.12,12.72,0.20,-0.24,-0.05,1013.1,19.1,-46.8,17.5,11.96,0,0.00
140.387,3.56,-0.48,12.14,0.20,0.31,-0.10,1013.8,19.0,-46.8,17.5,11.61,0,0.00
140.484,1.14,0.08,10.56,-0.42,0.92,-0.19,1013.2,18.7,-46.8,17.5,11.61,0,0.00
140.581,-5.96,-1.31,2.37,0.38,-0.02,-0.15,1013.5,19.2,-43.7,17.5,11.61,0,0.00
140.679,7.60,-0.63,9.70,0.13,-0.73,0.07,1013.6,19.1,-46.8,17.5,11.61,0,0.00
140.792,10.45,-4.10,14.99,-0.20,-0.42,0.07,1013.5,18.9,-47.9,17.5,11.61,0,0.00
140.890,3.06,0.21,14.71,-0.23,-1.20,-0.05,1013.5,19.1,-51.0,17.5,11.61,0,0.00
140.987,-3.68,-0.88,12.11,0.03,0.28,-0.05,1013.3,19.1,-47.9,17.5,11.61,0,0.00
141.084,1.49,0.28,9.87,-0.23,-0.03,-0.01,1013.6,19.2,-59.4,17.5,11.61,0,0.00
141.181,1.81,-0.35,12.62,-0.76,-0.33,-0.07,1013.5,19.1,-46.8,17.5,11.61,0,0.00
141.294,1.74,0.50,4.55,-0.56,0.52,0.04,1013.5,19.0,-46.8,17.5,11.61,0,0.00
141.380,5.46,-0.51,13.30,0.16,0.28,0.05,1013.6,18.9,-47.9,17.5,11.17,0,0.00
141.478,-5.55,-0.10,7.25,-0.24,0.95,0.05,1013.6,19.1,-47.9,17.5,11.17,0,0.00
141.575,1.04,2.07,3.85,-0.23,0.03,0.10,1013.6,19.1,-46.8,17.5,11.17,0,0.00
141.672,7.28,-0.85,23.08,-0.76,1.16,-0.06,1013.8,19.2,-44.7,17.5,11.17,0,0.00
141.809,-5.77,0.71,8.37,-0.11,0.60,0.13,1013.4,19.1,-50.0,17.5,11.17,0,0.00
141.883,3.12,1.06,3.87,0.28,0.27,-0.19,1013.4,19.0,-44.7,17.5,11.17,0,0.00
141.980,-4.36,0.86,6.86,0.17,0.51,-0.10,1013.4,19.1,-44.7,17.5,11.17,0,0.00
142.077,-6.27,2.36,11.23,0.05,0.73,0.08,1013.8,19.1,-44.7,17.5,11.17,0,0.00
142.174,5.02,-0.40,11.06,-0.19,-1.02,0.02,1013.8,18.9,-46.8,17.5,11.17,0,0.00
142.311,2.78,1.13,9.00,0.48,0.31,-0.06,1013.6,19.0,-44.7,17.5,11.17,0,0.00
142.493,-9.29,2.59,3.77,0.51,1.32,-0.23,1013.2,18.9,-43.7,17.5,10.90,0,0.00
142.615,-2.22,-1.02,6.07,0.02,0.72,-0.13,1013.5,19.0,-41.6,17.5,10.90,0,0.00
142.712,0.21,-1.56,14.95,-0.36,0.06,-0.04,1013.6,19.0,-46.8,17.5,10.90,0,0.00
142.825,0.86,-0.05,12.16,0.20,0.16,0.01,1013.6,19.0,-46.8,17.5,10.90,0,0.00
142.899,1.95,0.01,5.22,-0.47,-0.31,0.13,1013.5,19.1,-43.7,17.5,10.90,0,0.00
142.996,-9.20,-1.10,5.43,-0.26,0.00,0.07,1013.2,19.1,-43.7,17.5,10.90,0,0.00
143.093,-2.37,1.24,13.11,-0.08,1.14,0.12,1013.5,19.0,-41.6,17.5,10.90,0,0.00
143.214,-1.17,-0.11,10.99,0.05,-0.02,0.01,1013.8,19.0,-43.7,17.5,10.90,0,0.00
143.327,6.79,-1.53,13.99,-0.13,-0.03,0.15,1013.4,18.9,-43.7,17.5,10.90,0,0.00
143.401,5.39,0.06,7.71,-0.19,-0.30,-0.20,1013.6,18.9,-41.6,17.5,10.43,0,0.00
143.499,-0.69,-2.17,9.88,-0.61,1.41,-0.38,1013.0,19.0,-43.7,17.5,10.43,0,0.00
143.608,3.07,-0.36,20.89,-0.06,-0.43,0.00,1013.6,19.1,-47.9,17.5,10.43,0,0.00
143.705,7.40,-0.80,8.10,-0.11,-1.05,0.18,1013.5,19.0,-46.8,17.5,10.43,0,0.00
143.802,-0.48,-0.59,6.59,0.39,-0.06,0.01,1013.5,19.1,-41.6,17.5,10.43,0,0.00
143.916,-1.42,-2.42,9.76,-0.34,0.57,-0.23,1013.6,18.9,-46.8,17.5,10.43,0,0.00
144.013,-7.07,1.32,13.42,0.06,1.42,-0.36,1013.7,19.1,-41.6,17.5,10.43,0,0.00
144.110,-10.07,1.15,4.04,-0.08,1.32,-0.37,1014.0,19.0,-44.7,17.5,10.43,0,0.00
144.207,-10.41,-0.53,3.89,-0.04,0.52,-0.01,1013.3,19.0,-46.8,17.5,10.43,0,0.00
144.304,5.19,-0.59,9.28,0.19,-0.02,0.01,1013.4,19.1,-43.7,17.5,10.43,0,0.00
144.394,-0.02,0.96,8.05,0.05,-0.20,0.13,1013.3,19.0,-43.7,17.5,9.92,0,0.00
144.516,-4.68,-1.02,2.04,-0.29,-0.09,0.18,1013.3,18.9,-44.7,17.5,9.92,0,0.00
144.623,-3.24,-0.42,4.80,-0.02,0.17,-0.09,1013.2,18.8,-44.7,17.5,9.92,0,0.00
144.697,-2.04,-1.31,2.12,-0.14,-0.19,-0.07,1013.6,19.2,-43.7,17.5,9.92,0,0.00
144.794,14.15,-0.71,13.09,0.45,1.26,-0.02,1013.3,18.9,-47.9,17.5,9.92,0,0.00
144.908,12.57,-2.24,9.35,-0.05,-1.25,0.31,1013.7,18.9,-41.6,17.5,9.92,0,0.00
145.005,-1.57,-2.51,14.44,-0.09,-0.44,-0.02,1013.6,18.9,-43.7,17.5,9.92,0,0.00
145.102,-4.91,1.14,9.30,0.50,0.85,-0.02,1013.2,19.1,-41.6,17.5,9.92,0,0.00
145.199,-3.83,-1.35,9.09,-0.25,0.29,0.21,1013.2,19.1,-44.7,17.5,9.92,0,0.00
145.296,-0.05,-0.90,7.78,-0.41,-0.12,-0.16,1013.3,19.0,-41.6,17.5,9.92,0,0.00
145.410,4.97,-2.57,10.86,-0.47,0.22,-0.14,1013.8,19.1,-47.9,17.5,9.59,0,0.00
145.508,5.10,-0.69,8.31,-0.17,-0.59,-0.04,1013.0,18.9,-43.7,17.5,9.59,0,0.00
145.605,1.81,-1.66,7.87,-0.01,-0.11,-0.06,1013.7,18.9,-44.7,17.5,9.59,0,0.00
145.775,2.43,2.02,10.06,-0.10,-0.27,0.02,1013.4,19.1,-41.6,17.5,9.59,0,0.00
145.800,-7.04,1.02,9.39,-0.24,-0.42,0.12,1013.7,18.9,-41.6,17.5,9.59,0,0.00
145.915,14.34,0.15,11.90,-0.30,0.90,0.03,1013.2,18.9,-44.7,17.5,9.59,0,0.00
146.012,2.07,-0.26,2.02,-0.32,-0.25,0.19,1013.4,18.8,-43.7,17.5,9.59,0,0.00
146.109,4.66,0.88,12.90,-0.12,0.21,0.39,1013.4,18.9,-43.7,17.5,9.59,0,0.00
146.206,7.51,-0.79,2.73,-0.02,-0.94,0.19,1013.6,18.9,-41.6,17.5,9.59,0,0.00
146.303,12.90,0.90,18.70,0.30,-1.72,0.40,1013.5,18.9,-43.7,17.5,9.59,0,0.00
146.393,0.54,-0.00,9.41,0.54,0.10,0.21,1013.5,18.8,-46.8,17.5,9.13,0,0.00
146.515,-9.89,0.80,11.26,0.01,1.12,0.12,1013.5,18.9,-43.7,17.5,9.13,0,0.00
146.612,-0.64,-2.72,10.75,0.06,-0.90,0.18,1013.6,18.9,-43.7,17.5,9.13,0,0.00
146.709,8.81,0.37,13.68,0.14,-0.63,-0.02,1013.6,19.0,-43.7,17.5,9.13,0,0.00
146.842,-0.22,1.94,11.08,0.68,0.05,-0.17,1013.1,18.9,-46.8,17.5,9.13,0,0.00
146.909,1.40,0.95,16.30,0.27,-0.39,-0.23,1013.1,18.8,-41.6,17.5,9.13,0,0.00
147.006,0.46,-0.70,10.21,-0.50,-0.17,-0.15,1013.2,18.9,-44.7,17.5,9.13,0,0.00
147.103,-6.62,-1.80,7.35,0.13,-0.27,-0.26,1013.5,18.9,-43.7,17.5,9.13,0,0.00
147.200,5.28,1.74,11.40,0.19,-0.19,-0.15,1013.4,19.0,-44.7,17.5,9.13,0,0.00
147.297,4.02,-1.60,5.95,-0.32,-0.17,-0.01,1013.8,18.9,-43.7,17.5,9.13,0,0.00
147.411,4.07,-0.35,8.74,-0.21,-0.28,-0.25,1013.6,18.9,-41.6,17.5,8.69,0,0.00
147.509,-4.63,0.81,10.27,0.30,0.61,-0.15,1013.7,18.8,-44.7,17.5,8.69,0,0.00
147.606,9.41,-0.79,15.57,-0.44,-0.22,0.18,1013.1,18.9,-41.6,17.5,8.69,0,0.00
147.703,2.58,-0.59,10.06,-0.06,0.26,0.00,1013.5,18.9,-41.6,17.5,8.69,0,0.00
147.800,7.49,-0.77,11.93,-0.13,-0.33,0.05,1013.9,18.9,-41.6,17.5,8.69,0,0.00
147.925,-1.99,-1.71,12.37,0.14,0.20,-0.16,1014.0,18.8,-43.7,17.5,8.69,0,0.00
147.999,4.15,-1.88,8.00,-0.72,-0.03,-0.03,1013.7,18.9,-43.7,17.5,8.69,0,0.00
148.096,1.26,-0.88,5.07,-0.09,0.03,-0.12,1013.8,18.9,-40.5,17.5,8.69,0,0.00
148.193,-0.78,-1.81,10.98,-0.37,0.49,0.18,1013.1,19.0,-40.5,17.5,8.69,0,0.00
148.314,1.59,-1.83,4.16,0.04,-0.10,0.08,1013.1,18.9,-41.6,17.5,8.69,0,0.00
148.403,-2.24,-0.30,11.15,0.04,0.01,0.06,1014.0,18.8,-43.7,17.5,8.69,0,0.00
148.501,-14.93,1.32,8.55,0.32,-0.12,0.03,1013.8,18.8,-43.7,17.5,8.69,0,0.00
148.598,-1.44,0.25,4.47,-0.14,0.28,-0.19,1013.3,18.8,-43.7,17.5,8.69,0,0.00
148.695,3.49,-1.44,15.87,-0.06,0.38,-0.03,1013.6,18.8,-43.7,17.5,8.69,0,0.00
148.816,0.18,-1.16,6.58,-0.10,-0.42,-0.21,1013.5,18.8,-43.7,17.5,8.69,0,0.00
148.905,0.88,1.77,18.97,0.18,0.32,-0.04,1013.2,19.0,-41.6,16.7,8.69,0,0.00
149.065,-2.19,-1.00,11.15,0.35,-0.22,0.00,1013.3,18.6,-41.6,16.7,8.69,0,0.00
149.115,-5.24,-0.91,9.33,-0.45,0.62,-0.04,1013.7,18.8,-40.5,16.7,8.69,0,0.00
149.212,-1.53,-0.46,10.53,0.01,0.14,0.03,1013.3,19.0,-43.7,16.7,8.69,0,0.00
149.309,-0.99,0.34,8.60,0.44,0.19,-0.01,1014.1,18.8,-43.7,16.7,8.69,0,0.00
149.423,3.53,1.55,12.11,-0.16,-0.06,0.22,1013.4,18.8,-44.7,16.7,8.28,0,0.00
149.497,1.31,-2.52,21.18,0.15,-1.07,-0.01,1013.4,18.9,-47.9,16.7,8.28,0,0.00
149.594,5.50,-2.23,9.91,-0.01,-0.31,-0.09,1013.4,18.8,-54.2,17.5,8.28,0,0.00
149.715,4.08,-1.15,9.81,-0.67,-0.26,-0.24,1013.1,18.8,-70.0,17.5,8.28,0,0.00
149.812,-1.02,-1.01,13.59,-0.18,0.02,0.02,1013.5,18.8,-71.0,17.5,8.28,0,0.00
149.925,0.72,-0.19,3.66,0.12,-0.00,-0.10,1013.2,18.8,-51.0,17.5,8.28,0,0.00
149.999,0.90,-1.03,18.79,0.43,0.44,-0.05,1013.3,18.9,-41.6,16.7,8.28,0,0.00
150.134,3.81,-0.41,9.44,-0.02,0.02,-0.20,1013.5,18.9,-54.2,16.7,8.28,0,0.00
150.208,-0.88,-0.62,9.95,-0.02,-0.12,-0.15,1013.8,18.9,-54.2,16.7,8.28,0,0.00
150.305,-1.85,1.12,11.57,-0.04,0.34,-0.09,1013.5,18.9,-57.3,16.7,8.28,0,0.00
150.402,7.88,-0.75,6.07,0.10,-1.03,-0.19,1013.7,18.8,-50.0,16.7,7.86,0,0.00
150.493,1.37,-0.68,8.91,0.22,0.40,-0.14,1013.5,18.9,-53.1,16.7,7.86,0,0.00
150.614,2.27,1.07,10.27,0.18,-0.12,0.04,1013.7,18.8,-60.5,17.5,7.86,0,0.00
150.711,2.07,0.42,7.69,0.13,-0.20,0.05,1013.3,19.0,-47.9,16.7,7.86,0,0.00
150.808,2.76,-1.02,11.79,0.00,0.05,-0.06,1013.3,18.8,-47.9,16.7,7.86,0,0.00
150.905,-1.35,-0.89,9.82,0.41,-0.04,-0.04,1013.5,18.8,-60.5,16.7,7.86,0,0.00
150.994,-3.80,-0.29,5.60,-0.06,0.17,-0.11,1013.5,18.8,-67.9,16.7,7.86,0,0.00
151.115,2.78,-2.00,8.89,-0.01,-0.19,-0.16,1013.2,18.8,-71.0,17.5,7.86,0,0.00
151.272,3.97,-0.69,9.78,-0.05,-0.19,-0.15,1013.1,18.8,-59.4,17.5,7.86,0,0.00
151.297,2.42,0.33,7.71,0.17,-0.34,-0.07,1013.5,18.7,-50.0,17.5,7.86,0,0.00
151.395,4.47,-0.57,5.20,-0.02,-0.20,-0.01,1013.9,18.9,-43.7,16.7,7.33,0,0.00
151.510,4.75,-2.66,13.42,-0.38,-0.16,-0.08,1013.5,18.8,-43.7,16.7,7.33,0,0.00
151.607,-2.16,0.13,9.06,0.07,-0.10,-0.01,1013.6,18.8,-41.6,16.7,7.33,0,0.00
151.704,2.76,-0.54,10.14,0.13,-0.28,0.02,1013.3,18.9,-44.7,16.7,7.33,0,0.00
151.801,2.50,0.55,7.92,0.10,-0.26,0.03,1013.1,18.8,-44.7,16.7,7.33,0,0.00
151.898,-0.37,-0.69,10.89,-0.05,0.26,0.09,1013.2,18.9,-46.8,16.7,7.33,0,0.00
152.012,-0.04,-0.20,8.96,0.04,0.06,0.01,1013.4,18.8,-41.6,16.7,7.33,0,0.00
152.109,1.10,-0.68,9.28,-0.08,-0.01,0.03,1013.4,19.0,-43.7,16.7,7.33,0,0.00
152.206,1.70,-0.22,11.00,0.07,0.01,0.01,1013.7,18.9,-41.6,16.7,7.33,0,0.00
152.338,0.42,-0.00,8.22,0.07,0.01,0.01,1013.7,18.9,-43.7,16.7,7.33,0,0.00
152.412,2.14,-0.04,10.62,0.02,0.00,0.05,1013.8,18.9,-44.7,16.7,7.33,0,0.00
152.503,-2.45,-1.13,8.54,-0.09,0.23,0.09,1013.5,18.8,-46.8,16.7,7.33,0,0.00
152.600,-1.09,-1.36,13.02,0.09,-0.07,-0.07,1013.2,18.7,-46.8,16.7,7.33,0,0.00
152.697,3.17,1.60,11.14,0.23,-0.07,-0.03,1013.6,18.7,-46.8,16.7,7.33,0,0.00
152.794,0.91,0.56,8.70,-0.01,0.04,-0.01,1013.1,18.8,-46.8,16.7,7.33,0,0.00
152.915,-0.25,-1.71,9.74,-0.05,0.06,-0.00,1013.5,18.8,-54.2,16.7,7.33,0,0.00
153.005,0.43,-1.49,9.61,0.06,-0.03,-0.02,1013.5,18.8,-62.6,16.7,7.33,0,0.00
153.102,0.47,-1.11,10.09,-0.14,-0.03,0.01,1014.1,18.8,-66.8,16.7,7.33,0,0.00
153.199,1.51,-0.35,9.48,-0.05,-0.00,-0.01,1013.7,18.7,-57.3,16.7,7.33,0,0.00
153.296,1.41,-1.63,10.08,-0.04,0.04,0.01,1013.9,18.9,-50.0,16.7,7.33,0,0.00
153.404,1.17,-2.33,10.07,0.05,0.01,0.05,1013.0,18.9,-50.0,16.7,0.25,0,0.00
153.494,1.38,-2.32,9.21,-0.08,0.00,0.06,1013.6,18.8,-46.8,16.7,0.25,0,0.00
153.616,1.03,-1.69,10.08,0.08,-0.00,-0.01,1013.5,18.9,-47.9,16.7,0.25,0,0.00
153.713,1.12,-1.33,9.52,0.00,0.00,0.02,1013.6,18.8,-46.8,16.7,0.25,0,0.00
153.810,0.97,-1.61,10.14,0.11,0.00,-0.05,1013.1,18.7,-46.8,16.7,0.25,0,0.00
153.907,0.81,-1.61,10.08,0.00,-0.02,0.01,1013.5,18.8,-46.8,16.7,0.25,0,0.00
153.996,0.76,-0.37,10.00,0.10,-0.01,-0.00,1013.6,18.9,-44.7,16.7,0.25,0,0.00
154.094,1.82,-0.91,9.76,0.04,-0.00,-0.00,1013.5,18.8,-44.7,16.7,0.25,0,0.00
154.215,1.83,-1.43,9.87,0.01,-0.00,0.01,1013.4,18.9,-46.8,16.7,0.25,0,0.00
154.312,1.95,-1.21,9.63,0.05,0.01,-0.02,1013.8,18.9,-46.8,16.7,0.25,0,0.00
154.409,1.87,-1.34,9.56,0.06,0.01,-0.02,1013.4,18.8,-46.8,16.7,0.25,0,0.00
154.547,1.71,-1.62,9.79,0.09,0.00,-0.01,1013.5,18.7,-46.8,16.7,0.25,0,0.00
154.614,1.78,-1.36,9.54,0.14,-0.00,-0.02,1013.6,18.8,-44.7,16.7,0.25,0,0.00
154.711,1.99,-0.19,10.24,0.10,-0.05,0.01,1013.1,18.8,-46.8,16.7,0.25,0,0.00
154.808,1.62,0.36,9.76,0.12,-0.00,-0.03,1013.2,18.8,-46.8,16.7,0.25,0,0.00
154.905,1.71,-0.78,9.71,0.09,-0.00,-0.04,1013.3,18.8,-43.7,16.7,0.25,0,0.00
155.002,1.06,-0.19,9.82,0.09,-0.00,-0.03,1013.6,18.8,-46.8,16.7,0.25,0,0.00
155.116,2.18,-0.35,9.85,0.07,-0.01,-0.04,1013.3,18.8,-46.8,16.7,0.25,0,0.00
155.213,1.93,-0.37,9.84,0.09,0.01,-0.01,1013.4,18.8,-50.0,16.7,0.25,0,0.00
155.310,1.82,-0.23,9.86,0.10,0.00,-0.03,1013.6,18.7,-47.9,16.7,0.25,0,0.00
155.407,1.78,0.34,9.56,0.05,0.01,-0.02,1014.0,18.8,-44.7,16.7,0.25,0,0.00
155.505,1.76,-0.11,9.82,0.02,0.01,0.00,1013.3,18.8,-47.9,16.7,0.25,0,0.00
155.629,1.89,0.71,9.88,-0.01,0.01,0.00,1013.5,18.7,-46.8,16.7,0.25,0,0.00
155.703,1.81,0.13,9.84,-0.08,0.01,-0.01,1013.1,18.7,-51.0,16.7,0.25,0,0.00
155.800,0.74,-0.99,9.86,-0.09,0.02,-0.03,1013.4,18.8,-53.1,16.7,0.25,0,0.00
155.897,1.75,-0.26,9.61,-0.06,-0.00,0.02,1013.6,18.8,-54.2,16.7,0.25,0,0.00
155.994,0.83,-0.23,10.37,-0.04,0.05,0.13,1013.2,18.7,-54.2,16.7,0.25,0,0.00
156.107,1.59,0.14,10.11,0.03,-0.01,0.22,1013.8,18.7,-60.5,17.5,0.25,0,0.00
156.205,1.58,2.10,10.42,0.43,0.06,0.30,1013.8,18.7,-60.5,16.7,0.25,0,0.00
156.302,1.03,-0.91,8.98,0.08,-0.05,0.58,1013.9,18.8,-62.6,16.7,0.25,0,0.00
156.399,4.73,2.56,7.88,0.53,-0.09,0.60,1013.9,18.8,-60.5,17.5,0.25,0,0.00
156.497,1.54,-1.10,11.65,-0.16,0.12,0.34,1013.8,18.6,-57.3,17.5,0.25,0,0.00
156.610,1.21,0.47,12.45,0.13,0.12,0.31,1013.4,18.8,-56.3,17.5,0.25,0,0.00
156.695,3.60,-1.70,9.73,-0.07,-0.19,0.41,1013.7,18.9,-53.1,16.7,0.25,0,0.00
156.793,2.54,-1.84,8.55,-0.27,-0.03,0.25,1013.2,18.8,-57.3,16.7,0.25,0,0.00
156.914,2.74,-0.88,9.58,-0.17,0.02,0.18,1013.4,18.6,-50.0,17.5,0.25,0,0.00
157.011,2.73,0.10,9.19,0.16,0.02,0.15,1013.5,18.7,-37.4,16.7,0.25,0,0.00
157.124,2.49,1.03,10.29,0.14,0.02,0.24,1013.6,18.8,-54.2,16.7,0.25,0,0.00
157.198,3.06,2.38,9.82,0.12,0.02,0.31,1013.8,18.8,-53.1,16.7,0.25,0,0.00
157.295,4.62,1.05,8.88,0.01,-0.08,0.59,1013.3,18.8,-46.8,17.5,0.25,0,0.00
157.416,0.77,0.09,9.51,0.22,0.10,0.76,1013.3,18.9,-53.1,16.7,0.00,0,0.00
157.514,1.22,-0.51,9.07,0.26,-0.05,0.79,1013.2,18.6,-56.3,16.7,0.00,0,0.00
157.627,1.15,-1.14,11.77,0.32,-0.11,0.71,1013.7,18.7,-53.1,17.5,0.00,0,0.00
157.701,-1.22,0.86,5.98,0.41,-0.00,0.91,1013.8,18.8,-47.9,17.5,0.00,0,0.00
157.832,-1.02,-0.51,11.26,-0.28,0.08,0.61,1013.2,18.8,-46.8,17.5,0.00,0,0.00
157.906,0.07,-0.07,10.59,-0.09,0.01,0.58,1013.7,18.8,-41.6,16.7,0.00,0,0.00
158.003,0.72,-0.01,11.44,0.01,-0.03,0.56,1013.7,18.8,-43.7,17.5,0.00,0,0.00
158.100,0.98,-0.34,11.00,-0.13,0.04,0.55,1013.4,18.9,-40.5,16.7,0.00,0,0.00
158.214,1.20,-0.39,9.71,0.11,0.03,0.59,1013.3,18.8,-41.6,16.7,0.00,0,0.00
158.311,2.07,-2.44,9.26,-0.53,-0.17,0.65,1013.4,18.8,-43.7,16.7,0.00,0,0.00
158.408,1.57,-0.53,8.71,-0.01,-0.25,0.76,1014.0,18.6,-44.7,16.7,0.00,0,0.00
158.506,0.67,-1.64,9.30,0.03,-0.13,0.94,1013.6,18.9,-43.7,16.7,0.00,0,0.00
158.603,1.22,-0.87,8.13,-0.28,-0.17,0.87,1013.5,18.8,-41.6,16.7,0.00,0,0.00
158.693,1.35,-0.42,11.08,0.64,-0.28,0.81,1013.9,18.8,-41.6,16.7,0.00,0,0.00
158.814,1.85,0.89,7.12,0.16,-0.14,1.00,1013.5,18.8,-46.8,16.7,0.00,0,0.00
158.898,-0.40,-4.38,13.31,-0.02,-0.01,0.93,1013.3,18.7,-43.7,16.7,0.00,0,0.00
158.996,0.88,-1.42,11.76,-0.14,-0.00,0.80,1013.1,18.7,-43.7,17.5,0.00,0,0.00
159.093,-1.69,1.53,10.69,0.22,-0.38,0.94,1013.5,18.8,-44.7,17.5,0.00,0,0.00
159.207,0.64,-2.94,6.52,-0.30,0.09,0.86,1013.3,18.8,-43.7,17.5,0.00,0,0.00
159.304,2.11,-0.90,11.76,0.01,-0.16,0.99,1013.2,18.9,-44.7,17.5,0.00,0,0.00
159.401,0.06,-0.82,13.46,0.32,0.02,0.92,1014.0,18.7,-41.6,16.7,0.00,0,0.00
159.499,2.62,-1.84,6.83,-0.29,-0.23,1.05,1013.1,18.8,-41.6,17.5,0.00,0,0.00
159.596,2.00,-0.34,10.79,0.29,-0.19,0.95,1013.6,18.7,-44.7,17.5,0.00,0,0.00
159.710,0.06,0.03,8.07,-0.19,-0.11,1.00,1013.5,18.8,-40.5,17.5,0.00,0,0.00
159.807,0.49,-1.17,8.71,-0.08,0.10,0.90,1013.7,18.9,-41.6,16.7,0.00,0,0.00
159.904,3.40,-2.92,9.66,0.04,-0.25,0.77,1014.0,18.8,-43.7,17.5,0.00,0,0.00
160.013,3.74,-0.38,15.82,0.17,-0.11,0.79,1013.2,18.6,-38.4,16.7,0.00,0,0.00
160.110,-1.18,2.45,13.47,0.66,0.12,0.81,1013.7,18.8,-41.6,16.7,0.00,0,0.00
160.200,4.26,3.30,6.45,0.40,-0.38,0.72,1013.4,18.8,-40.5,16.7,0.00,0,0.00
160.297,-2.64,-3.25,16.15,-0.58,0.45,0.73,1013.6,18.9,-44.7,17.5,0.00,0,0.00
160.394,1.74,2.52,17.67,-0.26,0.24,0.91,1013.3,18.6,-43.7,16.7,0.00,0,0.00
160.515,1.87,-1.90,5.98,-0.19,-0.22,0.83,1013.0,18.9,-43.7,16.7,0.00,0,0.00
160.612,0.22,3.39,13.36,0.87,0.35,0.82,1013.6,18.6,-43.7,17.5,0.00,0,0.00
160.702,1.83,-0.43,8.78,0.22,0.25,0.77,1013.3,18.8,-43.7,17.5,0.00,0,0.00
160.799,-1.21,0.57,10.59,0.08,-0.01,0.54,1013.8,18.8,-40.5,17.5,0.00,0,0.00
160.896,3.26,-0.78,13.61,-0.56,-0.56,0.75,1013.3,18.7,-40.5,17.5,0.00,0,0.00
161.108,-1.12,-3.10,7.29,-0.22,0.11,0.59,1013.4,18.7,-31.0,17.5,0.00,0,0.00
161.223,3.33,-0.64,8.08,0.10,-0.05,0.29,1013.4,18.8,-34.2,17.5,0.00,0,0.00
161.321,4.19,-0.57,9.85,0.31,0.06,0.20,1013.3,18.6,-38.4,17.5,0.00,0,0.00
161.418,2.90,-0.66,5.06,-0.07,-0.15,0.17,1013.3,18.7,-37.4,17.5,0.00,0,0.00
161.516,-1.41,-3.59,7.04,0.58,-0.29,-0.09,1013.1,18.7,-43.7,17.5,0.00,0,0.00
161.613,-3.87,-2.16,7.70,0.52,-0.74,-0.04,1013.5,18.8,-43.7,17.5,0.00,0,0.00
161.727,-3.22,-3.70,8.85,0.23,-0.30,-0.17,1013.2,18.9,-41.6,17.5,0.00,0,0.00
161.824,0.49,1.47,15.03,-0.58,0.28,0.05,1013.3,18.8,-41.6,17.5,0.00,0,0.00
161.921,1.17,1.80,10.88,0.19,0.20,-0.02,1012.8,18.9,7.9,17.6,0.00,0,12.95
162.018,5.24,-7.40,10.26,-0.01,-0.13,-0.13,1013.7,18.8,13.2,17.6,0.00,0,16.72
162.115,2.83,2.37,9.70,0.31,-0.11,-0.18,1013.7,18.8,7.9,17.6,0.00,0,12.95
162.216,-0.23,0.25,7.12,0.27,0.30,-0.09,1013.1,18.9,20.5,17.6,0.00,0,20.88
162.314,-3.57,-1.57,4.55,-0.26,0.84,-0.36,1013.3,18.8,20.5,17.6,0.00,0,20.88
162.411,-2.39,-0.01,10.92,-0.01,0.58,-0.41,1013.5,18.9,35.2,17.6,0.00,0,27.36
162.509,-2.01,1.11,11.09,-0.21,0.34,-0.23,1013.2,18.9,11.0,17.6,0.00,0,15.32
162.630,7.31,-4.75,14.23,-0.20,-0.15,-0.06,1013.9,18.5,4.7,17.6,0.00,0,10.03
162.719,0.75,1.75,12.42,0.30,0.35,-0.01,1013.0,18.8,4.7,17.6,0.00,0,10.03
162.817,7.81,-5.17,13.48,0.30,-0.54,-0.18,1013.3,18.8,22.6,17.6,0.00,0,21.92
162.914,-5.21,0.26,9.58,-0.65,0.59,0.02,1013.2,18.9,11.0,17.6,0.00,0,15.32
163.011,9.89,-0.70,8.26,0.45,-0.65,-0.29,1013.6,18.7,-21.6,17.5,0.00,0,0.00
163.108,-5.58,-2.00,2.09,0.60,0.30,-0.05,1013.3,18.6,-44.7,17.5,0.00,0,0.00
163.329,9.03,-0.87,11.42,0.05,-0.90,-0.34,1013.6,18.8,-41.6,17.5,0.00,0,0.00
163.452,4.85,1.97,12.79,0.28,0.03,-0.24,1013.5,18.9,-40.5,17.5,0.00,0,0.00
163.549,-8.01,-0.71,8.81,-0.53,1.16,0.11,1013.6,18.9,-41.6,17.5,0.00,0,0.00
163.646,4.92,-1.20,7.12,-0.08,-0.40,0.01,1013.4,18.9,-38.4,17.5,0.00,0,0.00
163.735,8.00,-0.39,9.15,-0.16,-0.71,0.25,1013.4,18.9,-44.7,17.5,0.00,0,0.00
163.833,4.25,-0.91,18.01,-0.06,-0.15,0.29,1013.3,18.8,-40.5,17.5,0.00,0,0.00
163.930,7.56,-1.56,15.49,-0.20,-0.52,0.24,1013.8,19.0,-41.6,17.5,0.00,0,0.00
164.052,5.43,0.83,11.57,0.19,-0.24,0.17,1013.6,18.8,-44.7,17.5,0.00,0,0.00
164.149,5.25,-5.83,14.68,-0.48,0.17,0.26,1013.5,18.9,-38.4,17.5,0.00,0,0.00
164.238,4.55,1.76,8.08,0.06,-0.54,0.05,1013.6,18.8,-43.7,17.5,0.00,0,0.00
164.371,6.77,-3.68,16.08,-0.32,0.55,-0.15,1013.4,18.8,-44.7,17.5,0.00,0,0.00
164.445,-2.71,2.05,3.54,0.19,-0.17,-0.18,1012.9,18.8,-41.6,17.5,3.79,0,0.00
164.542,6.06,0.14,11.47,0.10,-0.34,0.22,1013.3,18.8,-43.7,17.5,3.79,0,0.00
164.639,2.70,-2.34,9.66,0.09,0.49,-0.10,1013.2,18.7,-43.7,17.5,3.79,0,0.00
164.752,-0.07,-4.09,11.37,-0.64,0.48,-0.34,1012.8,18.9,-41.6,17.5,3.79,0,0.00
164.850,-0.21,-0.73,12.20,0.01,0.03,-0.39,1013.4,18.8,-46.8,17.5,3.79,0,0.00
164.947,3.17,-0.07,14.52,0.04,0.08,-0.43,1013.4,18.8,-44.7,17.5,3.79,0,0.00
165.045,-6.06,0.95,15.63,-0.22,0.67,-0.17,1013.2,18.8,-41.6,16.7,3.79,0,0.00
165.143,-1.00,-0.51,17.36,-0.46,0.14,0.08,1013.6,18.9,-43.7,16.7,3.79,0,0.00
165.256,1.34,0.61,2.73,0.97,0.66,0.27,1013.8,18.7,-44.7,16.7,3.79,0,0.00
165.330,0.25,-2.07,20.91,-0.02,-0.63,0.32,1013.4,18.8,-44.7,16.7,3.79,0,0.00
165.439,-0.48,-2.23,12.83,-0.21,0.51,0.27,1013.6,18.9,-47.9,16.7,3.79,0,0.00
165.537,4.33,0.93,10.07,0.02,0.00,0.12,1013.1,18.9,-47.9,17.5,3.79,0,0.00
165.634,1.00,-1.54,9.01,-0.04,0.24,0.33,1013.4,18.9,-41.6,16.7,3.79,0,0.00
165.731,-3.55,0.03,4.67,-0.12,-0.62,0.50,1013.9,18.8,-41.6,16.7,3.79,0,0.00
165.845,1.65,-0.24,-3.04,0.28,0.38,0.03,1013.5,18.8,-41.6,16.7,3.79,0,0.00
165.942,-10.08,1.92,1.29,0.51,0.69,0.15,1014.0,18.8,-43.7,16.7,3.79,0,0.00
166.039,-7.53,-1.03,6.03,-0.30,0.66,0.02,1013.3,18.7,-43.7,16.7,3.79,0,0.00
166.137,-3.52,-6.16,7.67,-0.60,0.87,-0.44,1013.4,18.6,-46.8,16.7,3.79,0,0.00
166.234,0.38,-1.95,6.60,-0.10,-1.31,0.06,1013.4,18.8,-47.9,16.7,3.79,0,0.00
166.348,1.62,-1.19,7.85,0.07,0.06,-0.06,1013.8,18.8,-43.7,16.7,3.79,0,0.00
166.446,-0.71,1.54,3.12,0.03,0.12,-0.04,1013.6,18.8,-43.7,16.7,3.79,0,0.00
166.586,0.30,-0.72,7.66,-0.25,-0.44,-0.01,1013.4,18.6,-44.7,16.7,3.79,0,0.00
166.636,12.98,1.75,16.42,0.14,-0.81,0.17,1013.5,18.7,-46.8,16.7,3.79,0,0.00
166.733,3.67,-0.67,10.05,0.19,-0.62,0.35,1013.3,18.8,-41.6,16.7,3.79,0,0.00
166.847,0.37,0.81,6.62,-0.21,0.58,-0.03,1013.4,18.7,-41.6,16.7,3.79,0,0.00
166.944,3.40,0.06,19.49,0.25,-0.16,0.11,1012.9,18.9,-43.7,16.7,3.79,0,0.00
167.041,6.63,-3.75,1.52,0.05,0.37,0.02,1013.3,18.8,-41.6,16.7,3.79,0,0.00
167.139,12.86,2.76,18.01,-0.02,0.01,0.17,1013.5,18.6,-46.8,16.7,3.79,0,0.00
167.236,0.58,-0.13,13.74,-0.37,0.02,-0.09,1013.9,18.9,-44.7,16.7,3.79,0,0.00
167.350,-0.05,1.50,7.52,-0.13,0.43,-0.29,1013.3,18.8,-44.7,16.7,3.79,0,0.00
167.448,4.66,-0.94,10.45,0.26,-1.86,0.07,1013.1,18.8,-46.8,16.7,3.79,0,0.00
167.545,-1.77,4.04,10.41,0.00,0.84,-0.02,1013.3,18.8,-47.9,16.7,3.79,0,0.00
167.654,1.25,0.86,10.36,-0.57,-0.93,0.42,1013.7,18.6,-43.7,16.7,3.79,0,0.00
167.752,14.17,-0.15,5.86,0.65,0.53,0.12,1013.4,18.8,-41.6,16.7,3.79,0,0.00
167.842,1.31,-0.95,11.80,0.22,0.02,-0.01,1013.5,18.8,-46.8,16.7,3.79,0,0.00
167.939,-1.71,0.62,15.39,0.26,-0.41,0.14,1013.4,18.8,-44.7,16.7,3.79,0,0.00
168.036,-4.84,1.11,12.85,0.23,0.94,-0.27,1013.5,18.8,-46.8,16.7,3.79,0,0.00
168.134,0.83,-2.22,7.23,-0.43,-0.40,-0.19,1013.8,18.8,-46.8,16.7,3.79,0,0.00
168.231,-3.17,-6.69,7.31,-0.52,-2.09,0.20,1013.8,18.8,-41.6,16.7,3.79,0,0.00
168.345,-6.75,1.29,15.33,0.00,0.29,-0.15,1013.5,18.9,-44.7,16.7,3.79,0,0.00
168.443,-7.65,-2.45,8.03,-0.33,0.34,-0.13,1013.4,18.9,-43.7,16.7,3.83,0,0.00
168.540,6.49,0.51,14.68,-0.51,-1.37,-0.39,1013.7,18.7,-44.7,16.7,3.83,0,0.00
168.637,3.00,-2.04,5.11,-0.56,0.16,-0.34,1013.4,18.8,-40.5,16.7,3.83,0,0.00
168.747,6.50,0.13,16.83,-0.21,0.52,-0.02,1013.3,18.7,-46.8,16.7,3.83,0,0.00
168.836,-7.69,-1.43,6.38,0.03,0.58,-0.02,1013.8,18.7,-43.7,16.7,3.83,0,0.00
168.934,-1.42,-0.39,9.34,-0.13,0.06,0.01,1013.7,18.9,-43.7,16.7,3.83,0,0.00
169.031,1.02,0.29,8.50,-0.30,-0.26,0.06,1013.4,18.8,-40.5,16.7,3.83,0,0.00
169.129,0.68,-1.57,10.24,-0.01,-0.30,0.08,1013.6,18.8,-40.5,16.7,3.83,0,0.00
169.250,0.75,-1.40,-8.46,-0.24,-0.40,0.20,1013.2,18.8,-40.5,16.7,3.83,0,0.00
169.339,-3.99,-1.92,3.52,-0.02,-0.26,0.42,1013.4,18.7,-41.6,16.7,3.83,0,0.00
169.438,1.69,-3.63,9.11,0.19,-0.33,0.22,1013.3,18.6,-40.5,16.7,4.49,0,0.00
169.535,1.69,-3.40,3.69,0.16,-0.29,0.07,1013.3,18.9,-40.5,16.7,4.49,0,0.00
169.632,4.99,-1.92,8.80,0.15,-0.34,-0.12,1013.1,18.6,-40.5,16.7,4.49,0,0.00
169.729,1.28,0.58,9.88,0.13,-0.03,-0.08,1013.5,18.8,-28.9,16.7,4.49,0,0.00
169.861,1.67,-0.84,9.71,-0.03,-0.02,-0.01,1013.5,18.8,-15.3,16.7,4.49,0,0.00
169.952,1.57,-1.54,9.66,-0.02,0.00,0.04,1013.4,18.6,-16.3,16.7,4.49,0,0.00
170.050,1.38,-2.58,9.73,-0.16,0.00,0.04,1013.6,18.7,-21.6,16.7,4.49,0,0.00
170.147,1.37,-1.83,9.63,0.03,0.00,0.00,1013.3,18.7,-19.5,16.7,4.49,0,0.00
170.244,1.41,-2.29,9.73,0.04,0.00,0.00,1013.5,18.6,-16.3,16.7,4.49,0,0.00
170.341,1.32,-2.36,9.76,0.13,-0.00,-0.04,1013.8,18.9,-12.1,16.7,4.49,0,0.00
170.431,1.83,-1.99,9.78,0.18,-0.01,-0.03,1013.5,18.7,-13.2,16.7,5.11,0,0.00
170.552,1.02,-2.31,9.85,0.24,-0.01,-0.04,1013.3,18.8,-16.3,16.7,5.11,0,0.00
170.649,1.73,-1.43,9.76,0.25,-0.01,-0.05,1013.5,18.6,-37.4,16.7,5.11,0,0.00
170.746,1.37,-0.04,9.71,0.26,0.00,-0.05,1013.5,18.8,-38.4,16.7,5.11,0,0.00
170.843,1.76,-0.44,9.73,0.20,-0.00,-0.00,1013.5,18.9,-43.7,16.7,5.11,0,0.00
170.945,1.34,0.50,10.06,0.09,-0.00,-0.03,1013.4,18.8,-40.5,16.7,5.11,0,0.00
171.043,1.64,0.04,9.80,0.05,-0.00,-0.01,1013.5,18.8,-38.4,16.7,5.11,0,0.00
171.140,1.83,-0.25,9.60,0.02,-0.01,0.01,1013.0,18.7,-40.5,16.7,5.11,0,0.00
171.237,1.92,-0.75,9.74,0.01,0.01,-0.00,1013.5,18.8,-40.5,16.7,5.11,0,0.00
171.334,1.39,-0.49,9.99,0.02,0.00,-0.01,1013.3,18.9,-41.6,16.7,5.11,0,0.00
171.448,1.64,-0.50,9.79,0.04,0.00,0.01,1013.6,18.9,-44.7,16.7,5.11,0,0.00
171.545,1.67,-0.27,9.83,0.02,0.01,-0.00,1013.7,18.8,-41.6,16.7,5.11,0,0.00
171.642,1.16,-0.20,9.90,0.03,0.01,-0.02,1013.7,18.8,-40.5,16.7,5.11,0,0.00
171.739,2.23,-1.18,9.26,-0.07,-0.01,-0.01,1013.5,18.8,-40.5,16.7,5.11,0,0.00
171.836,0.55,-1.35,10.28,-0.04,-0.00,0.03,1013.4,18.6,-41.6,16.7,5.11,0,0.00
171.951,1.13,-1.05,9.11,0.16,0.04,-0.01,1013.3,18.9,-38.4,16.7,5.11,0,0.00
172.036,3.63,0.25,9.87,-0.04,0.04,0.03,1013.3,18.8,-41.6,16.7,5.11,0,0.00
172.133,1.91,0.00,9.41,-0.13,0.03,0.03,1013.7,18.9,-40.5,16.7,5.11,0,0.00
172.230,0.93,-0.59,10.09,-0.03,0.02,-0.00,1013.6,18.6,-41.6,16.7,5.11,0,0.00
172.351,1.68,-0.34,9.90,0.03,0.01,0.00,1013.4,18.7,-40.5,16.7,5.11,0,0.00
172.441,1.27,-0.56,8.63,0.06,-0.02,-0.02,1013.8,18.8,-43.7,16.7,0.15,0,0.00
172.539,2.01,-0.75,9.91,-0.04,0.02,0.01,1013.1,18.8,-40.5,16.7,0.15,0,0.00
172.636,1.25,-0.33,10.27,-0.02,-0.01,0.00,1013.5,18.6,-40.5,16.7,0.15,0,0.00
172.733,1.60,-0.01,9.45,0.01,0.00,0.01,1013.6,18.9,-41.6,16.7,0.15,0,0.00
172.830,1.27,-0.83,10.17,-0.01,0.01,-0.01,1013.7,18.8,-41.6,16.7,0.15,0,0.00
172.944,0.97,-0.93,8.98,0.09,-0.00,-0.03,1013.5,19.0,-41.6,16.7,0.15,0,0.00
173.153,1.59,-0.45,10.25,-0.33,-0.01,0.01,1013.2,18.9,-40.5,16.7,0.15,0,0.00
173.275,0.99,0.07,9.75,0.01,-0.01,-0.01,1013.5,18.8,-40.5,16.7,0.15,0,0.00
173.372,1.93,0.00,9.99,0.05,-0.00,-0.03,1013.0,18.6,-40.5,16.7,0.15,0,0.00
173.461,2.04,0.43,9.96,-0.13,0.03,0.01,1013.3,18.7,-38.4,16.7,0.15,0,0.00
173.559,1.42,-0.20,9.57,0.39,0.01,-0.11,1013.3,18.8,-41.6,16.7,0.15,0,0.00
173.656,2.37,-0.06,10.27,0.17,0.00,-0.01,1013.8,18.6,-43.7,16.7,0.15,0,0.00
173.753,2.27,-2.59,9.14,0.05,0.00,0.02,1013.9,18.8,-44.7,16.7,0.15,0,0.00
173.875,0.78,0.13,9.76,0.30,-0.02,-0.06,1013.5,18.7,-40.5,16.7,0.15,0,0.00
173.964,-0.19,2.58,10.33,0.00,0.01,-0.00,1013.4,18.8,-35.2,16.7,0.15,0,0.00
174.062,-0.35,-0.06,10.96,-0.13,0.02,-0.01,1013.5,18.7,-37.4,16.7,0.15,0,0.00
174.159,1.39,0.80,9.05,0.23,0.00,0.06,1013.4,18.6,-35.2,16.7,0.15,0,0.00
174.268,1.38,0.74,10.26,-0.19,0.05,0.06,1013.5,18.7,-38.4,16.7,0.15,0,0.00
174.365,0.61,-0.07,9.50,-0.14,-0.03,0.04,1013.4,18.8,-38.4,16.7,0.15,0,0.00
174.479,1.80,-1.93,8.75,0.42,0.05,-0.01,1013.0,18.8,-40.5,16.7,0.15,0,0.00
174.553,2.51,2.26,9.58,0.72,-0.01,0.04,1013.5,18.8,-35.2,16.7,0.15,0,0.00
174.674,2.88,1.61,9.17,0.58,-0.02,-0.05,1013.5,18.8,-34.2,16.7,0.15,0,0.00
174.771,2.95,6.80,8.99,-0.10,0.06,0.00,1013.6,18.8,-28.9,16.7,0.15,0,0.00
174.870,2.01,3.06,9.66,0.06,0.00,-0.02,1013.2,18.9,-25.8,16.7,0.15,0,0.00
174.983,1.76,1.60,9.24,0.02,0.00,0.00,1013.8,18.9,-25.8,16.7,0.15,0,0.00
175.057,2.00,3.06,8.65,0.09,0.00,0.01,1013.5,18.8,-27.9,16.7,0.15,0,0.00
175.154,2.19,3.33,9.41,0.17,0.01,0.01,1013.2,18.8,-27.9,16.7,0.15,0,0.00
175.286,2.25,4.59,9.32,-0.07,0.00,0.02,1013.7,18.8,-28.9,16.7,0.15,0,0.00
175.360,1.65,3.60,9.50,-0.26,0.01,0.04,1013.5,18.8,-31.0,16.7,0.15,0,0.00
175.458,1.34,3.40,9.49,-0.39,0.03,0.06,1013.6,18.7,-34.2,16.7,0.15,0,0.00
175.572,1.02,0.88,9.59,-0.38,0.01,0.06,1013.2,18.8,-41.6,16.7,0.15,0,0.00
175.669,0.35,-0.72,9.63,-2.07,0.50,-0.06,1013.3,18.8,-38.4,16.7,0.15,0,0.00
175.766,1.92,-0.55,10.30,0.21,0.09,-0.00,1013.2,18.7,-41.6,16.7,0.15,0,0.00
175.864,1.99,3.18,9.29,-0.08,0.07,0.12,1013.0,18.8,-40.5,16.7,0.15,0,0.00
175.961,1.92,0.32,9.37,-0.41,0.02,0.07,1013.6,18.8,-43.7,16.7,0.15,0,0.00
176.075,1.81,0.10,10.15,-0.21,0.01,0.00,1013.5,18.6,-41.6,16.7,0.15,0,0.00
176.172,1.80,1.83,9.65,-0.12,-0.00,0.01,1013.5,18.8,-43.7,16.7,0.15,0,0.00
176.269,1.63,-1.02,9.72,-0.38,0.01,0.05,1013.5,18.6,-38.4,16.7,0.15,0,0.00
176.432,1.22,-0.86,10.08,0.03,0.00,-0.01,1013.3,18.8,-40.5,16.7,0.00,0,0.00
176.457,1.43,-0.78,9.84,-0.00,-0.01,-0.00,1013.5,18.7,-38.4,16.7,0.00,0,0.00
176.572,0.90,-0.64,9.89,0.06,-0.00,-0.02,1013.3,18.8,-43.7,16.7,0.00,0,0.00
176.669,1.07,0.17,9.69,0.10,0.00,-0.02,1013.1,18.7,-41.6,16.7,0.00,0,0.00
176.766,1.10,0.14,10.04,0.07,0.00,-0.01,1013.6,18.8,-38.4,16.7,0.00,0,0.00
176.864,1.28,-0.27,9.86,0.10,0.00,-0.01,1013.8,18.8,-41.6,16.7,0.00,0,0.00
176.961,0.75,-1.36,11.54,0.24,0.16,-0.05,1013.5,18.9,-41.6,16.7,0.00,0,0.00
177.075,-1.51,5.12,12.22,0.13,0.35,0.01,1013.5,18.8,-40.5,16.7,0.00,0,0.00
177.172,0.81,2.73,10.43,-0.71,0.14,0.09,1013.6,18.7,-38.4,16.7,0.00,0,0.00
177.269,1.24,-0.05,9.73,-0.14,0.01,0.05,1013.5,18.8,-41.6,16.7,0.00,0,0.00
177.366,5.40,5.80,9.63,0.66,0.03,-0.04,1013.4,18.7,-38.4,16.7,0.00,0,0.00
177.500,10.45,-1.58,7.47,0.24,-0.21,0.10,1013.7,18.8,-40.5,16.7,0.00,0,0.00
177.567,1.12,1.87,3.47,0.70,-0.02,0.09,1013.3,18.8,-37.4,16.7,0.00,0,0.00
177.664,-12.12,1.61,5.34,-0.13,0.20,0.01,1013.8,18.8,-19.5,16.7,0.00,0,0.00
177.761,-10.63,4.12,9.33,-0.48,0.15,0.12,1013.6,18.6,-16.3,16.7,0.00,0,0.00
177.859,-4.42,-2.37,13.86,-0.04,-0.63,0.09,1013.4,18.6,-32.1,16.7,0.00,0,0.00
177.956,4.83,0.90,20.62,0.21,-0.03,0.29,1013.7,18.7,-38.4,16.7,0.00,0,0.00
178.070,4.65,5.48,-1.77,1.18,0.53,0.55,1012.7,18.8,-41.6,16.7,0.00,0,0.00
178.167,5.48,-3.87,8.09,-0.80,0.33,0.24,1013.3,18.8,-37.4,16.7,0.00,0,0.00
178.264,9.70,-11.26,14.28,-0.42,0.38,0.07,1013.6,18.8,-31.0,16.7,0.00,0,0.00
178.361,10.98,2.65,8.03,0.70,-0.34,-0.26,1013.6,18.8,-43.7,16.7,0.00,0,0.00
178.459,10.34,1.47,6.41,1.84,-1.11,-0.12,1013.4,18.8,-41.6,16.7,0.00,0,0.00
178.584,-1.59,-0.25,6.56,-1.12,-0.15,-0.15,1013.4,18.7,-34.2,16.7,0.00,0,0.00
178.658,-1.47,1.15,7.40,-0.26,-0.27,-0.03,1013.6,18.7,-25.8,16.7,0.00,0,0.00
178.755,-7.12,-1.14,14.64,0.94,0.22,-0.27,1013.6,18.7,-16.3,16.7,0.00,0,0.00
178.853,-5.45,0.02,15.14,0.58,0.20,0.47,1013.3,18.9,-16.3,16.7,0.00,0,0.00
178.974,-4.30,-0.22,12.61,-0.25,0.08,0.46,1013.0,18.7,-31.0,16.7,0.00,0,0.00
179.063,3.17,3.63,10.34,1.61,0.07,0.95,1013.7,18.7,-40.5,16.7,0.00,0,0.00
179.161,7.52,6.69,10.60,-0.02,0.25,0.52,1013.2,18.8,-41.6,16.7,0.00,0,0.00
179.258,6.70,2.29,5.66,-0.19,-0.15,0.17,1013.5,18.6,-41.6,16.7,0.00,0,0.00
179.355,1.84,1.62,8.91,-0.24,0.10,0.04,1013.4,18.6,-37.4,16.7,0.00,0,0.00
179.453,1.54,-0.24,10.06,-0.20,0.04,0.02,1013.4,18.7,-38.4,16.7,0.00,0,0.00
179.566,1.81,0.06,9.91,-0.08,0.02,0.03,1013.8,18.7,-38.4,16.7,0.00,0,0.00
179.700,1.94,-0.19,9.66,0.02,-0.00,-0.01,1013.5,18.6,-40.5,16.7,0.00,0,0.00
179.774,1.54,0.46,9.35,0.10,0.02,-0.02,1013.5,18.6,-40.5,16.7,0.00,0,0.00
179.872,2.12,1.49,9.43,0.13,-0.00,-0.04,1013.5,18.8,-40.5,16.7,0.00,0,0.00
179.969,2.14,4.02,9.96,0.32,-0.01,-0.05,1013.5,18.8,-41.6,16.7,0.00,0,0.00
180.082,2.01,0.17,9.90,-0.18,-0.02,-0.00,1013.5,18.8,-41.6,16.7,0.00,0,0.00
180.156,1.75,-0.38,9.61,-0.01,-0.02,-0.01,1013.1,18.9,-40.5,16.7,0.00,0,0.00
180.253,2.25,1.59,9.48,-1.25,0.03,0.13,1013.4,18.8,-37.4,16.7,0.00,0,0.00
180.374,1.89,-0.63,9.56,-0.34,-0.02,0.09,1013.5,18.7,-44.7,16.7,0.00,0,0.00
180.471,1.81,-0.76,10.00,-0.20,0.02,0.14,1013.5,18.8,-43.7,16.7,0.00,0,0.00
180.584,1.48,1.22,9.75,0.69,0.04,-0.03,1013.2,18.7,-41.6,16.7,0.00,0,0.00
180.659,-0.24,-0.44,11.48,-0.65,0.15,-0.19,1013.5,18.8,-43.7,16.7,0.00,0,0.00
180.768,1.48,0.82,9.72,0.09,-0.03,0.07,1013.7,18.7,-41.6,16.7,0.00,0,0.00
180.866,1.54,-0.17,9.10,-0.33,-0.26,-0.20,1013.5,18.8,-41.6,16.7,0.00,0,0.00
180.963,1.94,-0.13,9.82,-0.24,-0.05,0.14,1013.8,18.9,-37.4,16.7,0.00,0,0.00
181.060,1.79,0.52,9.69,0.18,0.05,-0.01,1013.4,18.9,-38.4,16.7,0.00,0,0.00
181.174,1.77,0.42,9.77,0.15,0.06,-0.05,1013.5,18.7,-40.5,16.7,0.00,0,0.00
181.271,1.90,0.22,9.80,0.02,-0.00,-0.03,1013.6,18.8,-40.5,16.7,0.00,0,0.00
181.368,1.79,0.39,9.81,0.03,-0.01,-0.03,1013.3,18.7,-41.6,16.7,0.00,0,0.00
181.466,1.87,0.37,9.84,-0.03,-0.01,0.00,1013.0,18.8,-43.7,16.7,0.00,0,0.00
181.563,1.79,0.08,9.78,-0.04,0.01,-0.05,1013.6,18.6,-41.6,16.7,0.00,0,0.00
181.654,1.97,0.38,9.73,0.01,-0.00,-0.07,1013.3,18.8,-41.6,16.7,0.00,0,0.00
181.775,1.76,0.32,9.79,0.00,-0.00,0.01,1013.2,18.8,-43.7,16.7,0.00,0,0.00
181.860,1.74,0.44,9.78,0.03,0.01,-0.02,1013.2,18.8,-41.6,16.7,0.00,0,0.00
181.957,1.75,0.31,9.79,0.04,0.01,-0.02,1013.5,18.8,-43.7,16.7,0.00,0,0.00
182.054,1.83,0.33,9.72,0.04,0.01,-0.00,1013.4,18.8,-40.5,16.7,0.00,0,0.00
182.168,1.80,0.33,9.74,0.02,0.01,-0.03,1013.3,18.8,-43.7,16.7,0.00,0,0.00
182.265,1.81,0.34,9.77,-0.00,-0.00,-0.00,1013.7,18.7,-38.4,16.7,0.00,0,0.00
182.362,1.78,0.45,9.79,0.03,-0.00,-0.02,1013.6,18.8,-41.6,16.7,0.00,0,0.00
182.460,1.67,0.32,9.73,0.01,0.01,0.00,1013.9,18.9,-41.6,16.7,0.00,0,0.00
182.557,1.62,0.56,9.83,0.05,0.03,-0.04,1013.5,18.9,-40.5,16.7,0.00,0,0.00
182.671,1.73,0.58,9.80,0.03,0.01,-0.03,1013.3,18.8,-41.6,16.7,0.00,0,0.00
182.768,1.70,0.42,9.98,0.09,0.03,-0.07,1013.3,18.8,-40.5,16.7,0.00,0,0.00
