Time,AccelX,AccelY,AccelZ,GyroX,GyroY,GyroZ,Pressure,Temp,DeltaP,AirspeedTemp,Speed,Power,Airspeed
64.233,4.59,-4.33,13.61,-0.72,-0.40,-0.04,1013.7,16.6,-38.4,14.4,0.00,0,0.00
64.348,1.24,-2.33,9.57,-0.18,-0.07,0.01,1013.5,16.6,-41.6,14.4,0.00,0,0.00
64.446,2.34,-2.69,9.85,-0.20,0.03,-0.10,1013.5,16.6,-40.5,14.4,0.00,0,0.00
64.543,1.35,-1.80,9.91,0.09,-0.01,0.01,1013.1,16.6,-43.7,14.4,0.00,0,0.00
64.640,-2.02,3.65,-0.22,0.55,0.02,-0.00,1013.7,16.6,-43.7,14.4,0.00,0,0.00
64.737,1.10,-0.46,9.87,0.13,0.03,-0.03,1013.4,16.7,-40.5,14.4,0.00,0,0.00
64.857,1.22,-0.49,9.82,0.02,-0.02,0.04,1012.8,16.6,-41.6,14.4,0.00,0,0.00
64.955,1.28,-1.11,9.79,0.03,0.01,0.01,1013.5,16.8,-41.6,14.4,0.00,0,0.00
65.052,1.71,-1.13,9.87,0.05,0.00,-0.01,1013.6,16.6,-40.5,14.4,0.00,0,0.00
65.149,1.34,-0.54,9.80,0.08,-0.00,-0.03,1013.6,16.6,-43.7,14.4,0.00,0,0.00
65.246,1.43,-0.43,9.87,0.04,-0.00,-0.02,1013.4,16.7,-43.7,14.4,0.00,0,0.00
65.336,1.14,0.06,9.85,0.03,-0.01,0.02,1013.3,16.6,-41.6,14.4,0.00,0,0.00
65.433,1.53,-1.36,9.84,0.02,-0.00,-0.01,1013.7,16.7,-40.5,14.4,0.00,0,0.00
65.555,1.39,-0.29,9.98,-0.06,-0.00,0.03,1013.8,16.6,-41.6,14.4,0.00,0,0.00
65.653,2.81,1.24,8.80,-0.21,0.13,-0.02,1013.8,16.7,-37.4,14.4,0.00,0,0.00
65.750,1.58,-0.92,11.37,0.12,0.02,0.01,1013.4,16.5,-40.5,14.4,0.00,0,0.00
65.840,1.23,-1.51,9.90,-0.12,0.02,0.04,1013.4,16.6,-40.5,14.4,0.00,0,0.00
65.946,1.58,-1.07,9.71,0.02,0.00,-0.01,1013.7,16.8,-40.5,14.4,0.00,0,0.00
66.043,1.54,-1.14,9.96,0.03,0.00,0.02,1013.4,16.5,-40.5,14.4,0.00,0,0.00
66.140,1.19,-0.94,9.83,0.05,0.00,-0.01,1013.4,16.7,-40.5,14.4,0.00,0,0.00
66.237,0.94,-1.22,10.72,0.02,-0.02,0.01,1013.6,16.6,-40.5,14.4,0.00,0,0.00
66.351,1.31,-1.03,9.84,0.06,0.00,-0.00,1013.4,16.8,-41.6,14.4,0.00,0,0.00
66.449,1.32,-0.56,9.82,0.05,0.00,0.00,1013.7,16.6,-41.6,14.4,0.00,0,0.00
66.546,1.38,-0.12,9.76,0.05,0.01,-0.01,1013.2,16.4,-40.5,14.4,0.00,0,0.00
66.643,2.28,-2.26,9.92,-0.32,0.01,0.01,1013.4,16.7,-40.5,14.4,0.00,0,0.00
66.741,0.85,-1.71,9.56,-0.19,-0.04,0.02,1013.5,16.6,-40.5,14.4,0.00,0,0.00
66.855,3.05,-0.64,10.35,-0.32,-0.02,0.03,1013.5,16.6,-40.5,14.4,0.00,0,0.00
66.936,0.96,-1.95,10.11,0.43,-0.00,-0.05,1013.4,16.6,-40.5,14.4,0.00,0,0.00
67.034,1.42,-1.96,9.78,-0.19,0.00,-0.00,1013.6,16.6,-41.6,14.4,0.00,0,0.00
67.155,1.16,-0.63,9.55,-0.02,0.01,0.01,1013.2,16.7,-43.7,14.4,0.00,0,0.00
67.252,1.50,-1.00,9.80,-0.00,-0.00,0.01,1013.5,16.7,-41.6,14.4,0.00,0,0.00
67.342,1.41,-0.56,9.86,-0.01,0.00,0.02,1014.0,16.7,-40.5,14.4,0.00,0,0.00
67.439,1.49,-0.76,9.85,-0.01,0.00,0.01,1013.6,16.8,-43.7,14.4,0.00,0,0.00
67.537,1.39,-0.84,9.91,0.00,-0.00,0.01,1013.6,16.6,-43.7,14.4,0.00,0,0.00
67.634,3.28,-1.67,9.96,0.10,-0.03,-0.04,1013.3,16.7,-41.6,14.4,0.00,0,0.00
67.756,1.97,-1.06,10.05,0.03,-0.02,0.01,1013.6,16.8,-43.7,14.4,0.00,0,0.00
67.846,2.46,-0.75,9.48,0.05,-0.01,-0.01,1013.5,16.5,-44.7,14.4,0.00,0,0.00
67.943,3.39,-0.92,9.51,0.36,0.00,0.01,1013.4,16.6,-44.7,14.4,0.00,0,0.00
68.063,2.28,-1.01,8.99,0.08,-0.04,0.01,1013.4,16.6,-43.7,14.4,0.00,0,0.00
68.137,6.08,-0.98,9.16,0.23,-0.46,-0.06,1013.5,16.7,-40.5,14.4,0.00,0,0.00
68.234,0.15,1.65,8.16,0.21,-0.05,-0.04,1013.8,16.6,-44.7,14.4,0.00,0,0.00
68.348,0.03,0.38,8.94,0.32,0.19,0.12,1013.4,16.5,-43.7,14.4,0.00,0,0.00
68.446,3.40,1.65,10.63,0.34,0.51,0.03,1013.6,16.6,-40.5,14.4,0.00,0,0.00
68.543,3.89,-1.96,9.12,-0.09,-0.25,0.21,1013.8,16.8,-46.8,14.4,0.00,0,0.00
68.640,0.40,-1.75,9.05,-0.41,0.07,0.24,1013.8,16.6,-41.6,14.4,0.00,0,0.00
68.738,3.79,2.82,9.76,0.15,-0.18,0.27,1013.6,16.7,-40.5,14.4,0.00,0,0.00
68.852,10.66,0.79,21.41,0.71,0.30,-0.24,1013.0,16.7,-41.6,14.4,0.00,0,0.00
68.949,1.74,-2.02,9.19,-1.03,-0.07,0.29,1013.4,16.7,-41.6,14.4,0.00,0,0.00
69.046,4.86,3.36,10.12,-0.54,-0.87,0.30,1013.1,16.6,-40.5,14.4,0.00,0,0.00
69.152,2.77,-0.86,12.85,0.01,-0.47,0.42,1013.9,16.8,-41.6,14.4,0.00,0,0.00
69.250,0.16,-0.31,9.10,-0.12,0.22,0.39,1013.8,16.6,-41.6,14.4,0.00,0,0.00
69.339,-1.62,0.87,4.15,-0.54,-0.76,0.84,1013.8,16.6,-40.5,14.4,0.00,0,0.00
69.437,0.74,-1.87,8.03,-0.27,0.10,0.44,1013.6,16.6,-43.7,14.4,0.00,0,0.00
69.535,1.78,1.49,7.40,0.30,0.47,0.42,1013.6,16.6,-43.7,14.4,0.00,0,0.00
69.656,4.92,-0.76,10.75,-0.02,0.31,0.38,1013.6,16.6,-44.7,14.4,0.00,0,0.00
69.753,2.88,0.82,7.34,-0.02,-0.33,0.42,1013.7,16.6,-34.2,14.4,0.00,0,0.00
69.842,0.44,1.43,13.60,0.20,1.20,0.09,1013.6,16.6,-12.1,14.4,0.00,0,0.00
69.940,3.09,-1.88,12.41,-0.29,0.62,0.54,1013.5,16.7,-38.4,14.4,0.00,0,0.00
70.037,1.29,2.76,16.00,0.93,0.83,0.14,1013.8,16.5,-44.7,14.4,0.00,0,0.00
70.142,-2.21,0.03,5.13,-0.04,0.07,0.35,1013.7,16.6,-40.5,14.4,0.00,0,0.00
70.240,-1.75,-2.64,11.07,0.63,-0.21,-0.17,1013.7,16.6,-41.6,14.4,0.00,0,0.00
70.354,2.30,-0.35,6.90,0.91,0.31,-0.31,1013.9,16.6,-43.7,14.4,0.00,0,0.00
70.453,4.84,-2.16,8.40,-0.40,0.06,-0.46,1013.9,16.8,-40.5,14.4,0.00,0,0.00
70.550,6.37,-0.11,9.54,0.51,-1.32,-0.53,1013.6,16.7,-44.7,14.4,0.00,0,0.00
70.647,-0.61,-0.26,8.21,-0.31,0.15,-0.12,1013.8,16.8,-46.8,14.4,0.00,0,0.00
70.744,-4.54,1.77,-1.00,-0.15,-1.17,0.00,1013.8,16.6,-41.6,14.4,0.00,0,0.00
70.857,-1.70,-6.52,13.52,-0.62,0.60,0.05,1013.6,16.6,-40.5,14.4,0.00,0,0.00
70.955,-0.81,-2.36,14.32,-1.51,-0.47,-0.30,1013.8,16.6,-35.2,14.4,0.00,0,0.00
71.052,4.34,1.32,10.97,-1.06,-0.26,-0.34,1013.3,16.5,-41.6,14.4,0.00,0,0.00
71.149,-0.01,-1.53,12.56,0.08,0.20,-0.52,1013.5,16.7,-43.7,14.4,0.00,0,0.00
71.256,-1.87,3.10,11.77,0.57,1.56,-0.39,1013.4,16.6,-27.9,14.4,0.00,0,0.00
71.370,1.06,0.86,3.48,0.44,0.11,-0.60,1013.5,16.6,-44.7,14.4,0.00,0,0.00
71.445,-15.13,4.02,8.22,-0.21,2.17,-0.19,1013.2,16.6,-40.5,14.4,0.00,0,0.00
71.543,6.16,-1.62,9.20,-0.81,-0.96,-0.64,1013.2,16.8,-43.7,14.4,0.00,0,0.00
71.640,-0.55,2.40,7.53,-0.16,0.96,-0.42,1013.4,16.6,-41.6,14.4,0.00,0,0.00
71.737,2.46,-2.13,12.43,-0.38,-0.59,0.01,1013.0,16.5,-44.7,14.4,0.00,0,0.00
71.834,5.54,5.03,8.69,-0.15,1.36,0.69,1013.3,16.4,-40.5,14.4,0.00,0,0.00
71.948,-3.43,2.11,-0.64,0.31,0.97,0.17,1013.3,16.7,-43.7,14.4,0.00,0,0.00
72.045,2.19,1.69,8.42,0.92,-1.14,0.16,1013.5,16.5,-40.5,14.4,0.00,0,0.00
72.142,4.22,-3.34,18.49,0.16,-0.68,-0.64,1013.5,16.8,-34.2,14.4,0.00,0,0.00
72.239,7.05,-2.99,10.57,-0.71,-1.50,0.08,1013.3,16.6,-43.7,14.4,0.00,114,0.00
72.346,0.90,3.42,-3.99,-0.49,-1.63,0.15,1013.2,16.6,-43.7,14.4,0.00,114,0.00
72.436,-0.07,-0.82,5.25,0.09,-0.66,-0.11,1013.8,16.6,-41.6,14.4,0.00,114,0.00
72.534,4.08,-1.28,13.76,-0.19,-0.22,-0.01,1013.3,16.8,-38.4,14.4,0.00,114,0.00
72.655,4.98,0.63,5.49,-0.52,0.67,-0.09,1013.5,16.6,-41.6,14.4,0.00,114,0.00
72.752,16.63,4.93,24.40,0.20,0.15,-0.27,1013.6,16.5,-40.5,14.4,0.00,114,0.00
72.849,-1.66,-2.72,0.91,0.22,-0.71,-0.13,1013.7,16.5,-32.1,14.4,0.00,114,0.00
72.939,2.83,2.09,7.49,1.06,1.22,-0.02,1013.3,16.6,-34.2,14.4,0.00,114,0.00
73.036,4.62,0.19,7.92,0.78,0.96,-0.12,1013.9,16.6,-25.8,14.4,0.00,114,0.00
73.133,-6.56,-1.55,10.18,-0.67,0.68,1.15,1013.3,16.5,-46.8,14.4,0.00,114,0.00
73.255,0.33,-4.39,14.06,-0.84,1.57,-0.33,1014.3,16.6,-41.6,14.4,0.00,103,0.00
73.336,8.65,-2.67,3.61,0.02,-1.36,0.13,1013.5,16.6,-47.9,14.4,0.00,103,0.00
73.453,7.39,3.73,22.53,1.07,2.34,-0.19,1013.1,16.6,-38.4,14.4,0.13,103,0.00
73.550,6.15,-4.54,7.26,-0.47,-2.06,-0.09,1013.7,16.8,-46.8,14.4,0.13,103,0.00
73.647,-11.76,0.32,28.46,0.62,2.96,-0.30,1013.5,16.6,-46.8,14.4,0.13,103,0.00
73.744,2.07,-1.64,-2.71,0.62,1.71,0.37,1013.7,16.6,-41.6,14.4,0.13,103,0.00
73.841,4.46,-2.27,8.66,-0.29,0.70,0.33,1013.7,16.6,-46.8,14.4,0.13,103,0.00
73.956,6.69,2.76,13.07,-0.85,-1.61,-0.41,1013.6,16.7,-46.8,14.4,0.13,103,0.00
74.053,10.03,3.52,12.13,1.06,2.13,-0.19,1013.5,16.6,-50.0,14.4,0.13,103,0.00
74.150,5.12,4.05,7.60,0.67,-0.61,-0.00,1013.6,16.6,-46.8,14.4,0.13,103,0.00
74.248,6.18,-5.31,11.18,0.26,-0.32,-0.52,1013.4,16.6,-50.0,14.4,0.13,90,0.00
74.345,-0.65,5.56,15.42,1.45,3.46,-0.59,1013.4,16.6,-41.6,14.4,0.13,90,0.00
74.452,-4.51,3.30,4.97,0.02,0.35,-0.33,1013.4,16.6,-44.7,14.4,0.13,90,0.00
74.543,-0.79,0.00,6.31,1.03,0.89,0.01,1013.5,16.6,-41.6,14.4,0.13,90,0.00
74.640,-1.09,-1.10,11.17,-0.55,1.39,-0.40,1013.7,16.7,-44.7,14.4,0.13,90,0.00
74.737,1.52,0.80,15.61,-0.03,-0.38,-0.03,1013.6,16.6,-43.7,14.4,0.13,90,0.00
74.834,1.92,5.11,10.69,0.85,1.17,0.02,1013.5,16.5,-34.2,14.4,0.13,90,0.00
74.955,-2.33,1.76,-8.99,-0.66,-0.69,0.23,1013.3,16.6,-43.7,14.4,0.13,90,0.00
75.045,0.77,1.14,26.40,0.74,2.06,-0.47,1013.6,16.6,-41.6,14.4,0.13,90,0.00
75.142,1.68,1.48,0.20,-0.55,-2.22,0.13,1013.5,16.6,-24.7,14.4,0.13,90,0.00
75.239,5.42,-1.18,11.15,-0.54,-0.85,0.73,1013.5,16.6,-41.6,14.4,0.13,96,0.00
75.337,-5.66,2.79,5.19,0.98,0.65,0.46,1013.1,16.6,-41.6,14.4,0.13,96,0.00
75.434,10.30,-4.31,28.03,0.90,4.02,0.52,1013.6,16.6,-25.8,14.4,6.45,96,0.00
75.535,-0.50,1.02,5.63,0.53,1.42,-0.33,1013.9,16.7,-19.5,14.4,6.45,96,0.00
75.656,2.90,-2.11,4.77,-1.98,-0.31,-0.19,1013.7,16.5,-16.3,14.4,6.45,96,0.00
75.753,3.86,3.30,4.92,0.05,0.65,-0.04,1013.6,16.6,-27.9,14.4,6.45,96,0.00
75.850,0.32,7.24,0.57,1.48,2.28,0.42,1013.3,16.6,-50.0,14.4,6.45,96,0.00
75.947,-1.26,-4.06,4.65,2.03,1.78,-0.65,1014.0,16.6,-31.0,14.4,6.45,96,0.00
76.037,3.02,4.66,5.23,-0.51,-0.96,0.54,1013.3,16.6,-41.6,14.4,6.45,96,0.00
76.134,15.50,1.24,9.23,1.30,-2.53,-0.83,1013.9,16.6,-19.5,14.4,6.45,96,0.00
76.256,-1.13,-1.08,14.40,-0.10,0.32,-0.23,1013.8,16.6,10.0,14.5,6.45,85,14.57
76.353,4.00,-0.69,9.22,-0.95,-1.06,0.18,1014.0,16.6,-40.5,14.4,6.45,85,0.00
76.451,10.93,-0.87,14.14,0.37,-0.47,-1.15,1013.5,16.6,-24.7,14.4,6.46,85,0.00
76.625,11.06,-2.97,22.36,-0.79,-0.53,0.01,1013.3,16.7,-44.7,14.4,6.46,85,0.00
76.650,-7.97,-1.82,7.08,-0.22,-0.11,-0.52,1013.8,16.7,-43.7,14.4,6.46,85,0.00
76.748,1.75,-2.21,10.43,0.22,-0.44,0.04,1014.1,16.7,-34.2,14.4,6.46,85,0.00
76.845,5.21,0.82,9.90,-1.09,-0.95,0.17,1013.8,16.5,-41.6,14.4,6.46,85,0.00
76.942,11.88,-0.59,13.91,0.23,0.03,0.08,1013.4,16.5,65.8,14.5,6.46,85,37.38
77.056,-2.77,1.71,5.46,-0.45,0.75,0.20,1013.8,16.7,-19.5,14.4,6.46,85,0.00
77.153,7.66,1.82,14.12,-0.81,-1.74,-0.29,1013.2,16.5,-35.2,14.4,6.46,85,0.00
77.251,5.86,1.49,6.66,-0.33,0.64,0.18,1012.9,16.4,-43.7,14.4,6.46,84,0.00
77.348,-4.28,1.79,5.71,-0.19,1.38,0.03,1013.4,16.6,-40.5,14.4,6.46,84,0.00
77.446,2.57,-0.21,12.65,-0.20,-0.34,0.39,1013.8,16.6,-41.6,14.4,7.56,84,0.00
77.536,-0.13,0.48,7.61,0.99,0.21,0.27,1013.3,16.7,-44.7,14.4,7.56,84,0.00
77.634,0.01,-1.41,14.96,0.25,-0.31,0.42,1013.4,16.7,-41.6,14.4,7.56,84,0.00
77.741,5.97,0.25,6.79,-0.63,-1.14,0.30,1013.8,16.4,-43.7,14.4,7.56,84,0.00
77.838,-5.82,-2.88,-3.30,0.19,0.40,-0.02,1013.3,16.6,-13.2,14.4,7.56,84,0.00
77.935,1.24,0.45,16.03,-0.21,0.62,0.17,1013.6,16.6,-16.3,14.4,7.56,84,0.00
78.048,0.25,2.37,5.66,0.23,0.13,0.18,1013.5,16.7,1.6,14.5,7.56,84,5.79
78.146,-4.95,-0.46,10.83,0.01,-0.19,0.29,1013.7,16.6,-40.5,14.4,7.56,84,0.00
78.243,-2.23,-6.27,10.28,-0.12,1.27,0.06,1013.4,16.6,-25.8,14.4,7.56,72,0.00
78.341,6.17,-1.39,9.91,-0.51,0.24,0.36,1013.5,16.6,-27.9,14.4,7.56,72,0.00
78.438,6.81,-3.23,14.45,-0.51,0.25,0.25,1013.3,16.6,-38.4,14.4,8.08,72,0.00
78.552,-0.45,6.07,17.42,-0.09,0.21,-0.16,1013.6,16.6,-28.9,14.4,8.08,72,0.00
78.650,19.74,0.48,12.57,0.07,1.18,-0.88,1013.8,16.6,-35.2,14.4,8.08,72,0.00
78.756,18.22,1.99,0.32,-0.28,-4.16,-1.42,1013.3,16.8,-31.0,14.4,8.08,72,0.00
78.853,-7.16,0.41,-1.48,2.11,0.15,-0.64,1013.7,16.6,-59.4,14.4,8.08,72,0.00
78.950,-21.02,-7.38,13.34,-0.63,0.46,0.65,1013.2,16.4,-43.7,14.4,8.08,72,0.00
79.064,-7.00,-4.71,10.97,-0.22,-0.36,-0.07,1013.4,16.4,-41.6,14.4,8.08,91,0.00
79.138,14.01,0.61,14.04,-1.48,-1.06,0.04,1013.5,16.6,-44.7,14.4,8.08,91,0.00
79.235,-1.88,-0.54,10.71,0.89,0.87,-0.34,1013.3,16.6,-43.7,14.4,8.08,91,0.00
79.356,-4.33,2.06,4.55,-0.53,-0.37,0.00,1013.9,16.4,-43.7,14.4,8.08,91,0.00
79.454,-2.91,-0.78,6.32,-0.09,1.61,-0.01,1013.0,16.4,-43.7,14.4,8.77,91,0.00
79.567,9.10,-0.10,4.53,-0.16,-1.45,-0.25,1013.7,16.6,-44.7,14.4,8.77,91,0.00
79.641,4.11,-0.12,13.76,-0.27,-1.13,-0.06,1013.6,16.6,-43.7,14.4,8.77,91,0.00
79.824,8.42,0.23,19.54,-1.45,-0.29,0.41,1013.4,16.5,-43.7,14.4,8.77,91,0.00
79.849,11.62,1.14,11.37,-0.28,-1.57,-0.21,1012.9,16.5,-44.7,14.4,8.77,91,0.00
79.947,1.49,-2.04,10.97,-0.56,-0.67,0.23,1013.3,16.6,-46.8,14.4,8.77,91,0.00
80.045,1.60,-0.84,3.06,-0.33,-0.95,0.29,1013.5,16.5,-41.6,14.4,8.77,91,0.00
80.136,3.50,2.35,6.59,-0.59,0.41,0.29,1013.1,16.6,-50.0,14.4,8.77,91,0.00
80.233,2.40,-1.77,5.64,0.25,0.21,-0.24,1013.5,16.5,-43.7,14.4,8.77,91,0.00
80.354,-1.91,0.06,16.74,0.11,1.21,-0.10,1013.5,16.6,-44.7,14.4,8.77,91,0.00
80.452,6.10,0.58,7.69,-0.12,-0.93,0.07,1013.8,16.6,-47.9,14.4,9.28,91,0.00
80.549,-14.32,-4.54,16.89,0.27,1.92,0.27,1013.0,16.6,-40.5,14.4,9.28,91,0.00
80.639,6.46,-2.68,10.08,-0.45,0.24,0.12,1013.9,16.6,-41.6,14.4,9.28,91,0.00
80.736,1.69,-0.28,13.84,0.12,-0.78,0.09,1013.9,16.6,-38.4,14.4,9.28,91,0.00
80.833,9.47,-4.76,20.63,-0.33,-1.77,-0.32,1013.3,16.4,-47.9,14.4,9.28,91,0.00
80.940,1.77,-2.45,17.49,-0.32,-0.70,-0.10,1013.3,16.7,-44.7,14.4,9.28,91,0.00
81.037,-1.08,3.06,5.74,0.35,-0.65,0.02,1013.7,16.6,-46.8,14.4,9.28,84,0.00
81.152,1.64,-1.83,9.08,-0.19,-2.00,-0.08,1013.3,16.6,-43.7,14.4,9.28,84,0.00
81.249,-9.18,-2.93,4.40,-0.70,-0.85,0.61,1013.4,16.6,-47.9,14.4,9.28,84,0.00
81.346,2.96,-1.92,6.63,0.24,2.18,0.44,1013.6,16.6,-46.8,14.4,9.28,84,0.00
81.443,4.69,1.58,7.41,-0.62,0.34,0.20,1013.2,16.4,-46.8,14.4,9.97,84,0.00
81.541,2.91,0.45,13.03,0.28,-1.73,0.25,1013.1,16.6,-47.9,14.4,9.97,84,0.00
81.656,9.15,-4.42,10.89,-0.26,1.02,-0.08,1013.4,16.6,-47.9,14.4,9.97,84,0.00
81.753,-2.36,2.64,10.89,0.16,0.37,-0.08,1013.5,16.5,-43.7,14.4,9.97,84,0.00
81.850,2.35,0.01,7.70,-0.34,0.81,0.29,1013.0,16.6,-43.7,14.4,9.97,84,0.00
81.933,2.82,-0.17,6.49,0.64,-0.34,0.12,1013.7,16.5,-43.7,14.4,9.97,84,0.00
82.055,0.22,-0.10,6.03,0.58,0.26,0.61,1013.1,16.8,-46.8,14.4,9.97,100,0.00
82.146,1.87,-0.84,16.75,-0.38,-1.83,0.57,1013.5,16.6,-43.7,14.4,9.97,100,0.00
82.243,8.12,-1.39,7.24,0.28,1.59,0.24,1013.4,16.6,-44.7,14.4,9.97,100,0.00
82.340,3.31,3.50,17.78,1.37,2.62,-0.62,1013.7,16.5,-41.6,14.4,9.97,100,0.00
82.437,4.46,-2.12,4.48,-0.23,-1.08,0.69,1013.3,16.6,-38.4,14.4,10.17,100,0.00
82.535,-1.54,-3.04,23.20,0.75,0.77,-0.08,1013.5,16.6,-40.5,14.4,10.17,100,0.00
82.650,1.22,5.40,29.08,-1.62,-0.34,0.38,1013.3,16.6,-24.7,14.4,10.17,100,0.00
82.747,2.50,0.09,2.36,1.49,-0.10,-0.31,1013.7,16.4,-47.9,14.4,10.17,100,0.00
82.844,7.61,-0.47,6.29,0.10,0.23,0.05,1013.6,16.5,-44.7,14.4,10.17,100,0.00
83.036,2.24,-0.78,7.00,0.66,-1.66,0.37,1013.1,16.4,-46.8,14.4,10.17,100,0.00
83.152,4.26,-0.07,11.25,0.95,-0.41,0.23,1013.7,16.5,-46.8,14.4,10.17,100,0.00
83.249,6.69,-2.06,12.47,0.03,0.56,-0.45,1014.0,16.5,-41.6,14.4,10.17,100,0.00
83.346,18.56,7.25,14.64,-0.03,1.68,-0.27,1013.1,16.5,-41.6,14.4,10.17,100,0.00
83.443,-0.05,0.44,9.96,0.27,0.03,0.15,1013.6,16.6,-47.9,14.4,10.51,100,0.00
83.541,-6.68,-2.02,5.64,1.22,2.15,0.06,1013.3,16.6,-44.7,14.4,10.51,100,0.00
83.656,0.55,-0.80,-2.90,1.04,1.90,-0.16,1013.4,16.5,-43.7,14.4,10.51,100,0.00
83.753,5.66,2.20,9.76,1.41,2.58,-0.21,1013.6,16.6,-40.5,14.4,10.51,100,0.00
83.850,0.40,1.75,9.16,0.50,1.88,0.07,1013.5,16.6,-50.0,14.4,10.51,100,0.00
83.947,-4.18,-5.56,14.97,-0.99,-0.93,0.11,1013.4,16.6,-38.4,14.4,10.51,100,0.00
84.045,8.60,1.40,6.79,-1.42,1.50,0.13,1013.6,16.4,-44.7,14.4,10.51,80,0.00
84.146,-6.81,-1.66,12.65,-1.31,0.23,0.42,1013.5,16.7,-44.7,14.4,10.51,80,0.00
84.244,-5.04,-2.46,17.24,1.37,0.18,-0.03,1013.6,16.4,-44.7,14.4,10.51,80,0.00
84.341,5.43,-2.62,13.48,-0.17,-1.46,0.16,1013.3,16.6,-47.9,14.4,10.51,80,0.00
84.438,2.08,3.17,18.04,-0.25,-1.44,0.30,1013.7,16.6,-41.6,14.4,10.87,80,0.00
84.536,10.04,2.25,10.27,0.29,0.15,0.02,1013.4,16.6,-43.7,14.4,10.87,80,0.00
84.650,-4.07,7.86,12.93,1.17,1.26,0.19,1013.4,16.6,-47.9,14.4,10.87,80,0.00
84.748,2.84,-0.08,13.68,-1.22,0.09,0.52,1013.7,16.6,-47.9,14.4,10.87,80,0.00
84.845,5.17,2.52,5.21,1.65,2.08,-0.20,1013.4,16.5,-40.5,14.4,10.87,80,0.00
84.942,-0.99,-2.31,11.51,-0.51,-0.89,-0.04,1013.7,16.6,-27.9,14.4,10.87,80,0.00
85.039,-2.17,2.77,6.15,0.24,1.10,-0.55,1013.6,16.5,-43.7,14.4,10.87,55,0.00
85.164,-3.72,-2.82,19.15,-0.82,-0.64,0.15,1013.5,16.6,-44.7,14.4,10.87,55,0.00
85.238,-6.45,-0.90,4.28,0.03,-0.85,0.22,1014.1,16.4,-43.7,14.4,10.87,55,0.00
85.359,-0.45,-3.70,3.92,-2.18,0.54,0.66,1013.6,16.4,-44.7,14.4,10.87,55,0.00
85.457,15.16,2.14,13.85,0.06,-0.98,0.21,1013.6,16.6,-19.5,14.4,11.21,55,0.00
85.554,-6.29,5.81,3.86,-0.64,0.65,0.10,1013.8,16.5,14.2,14.5,11.21,55,17.37
85.667,8.90,0.50,18.63,-1.55,-0.48,0.34,1013.5,16.8,-24.7,14.4,11.21,55,0.00
85.741,0.63,0.80,11.81,-0.32,-1.37,-0.07,1013.3,16.5,-47.9,14.4,11.21,55,0.00
85.838,10.66,-3.63,9.78,-2.24,-2.77,-0.36,1013.3,16.6,-25.8,14.4,11.21,55,0.00
85.959,-3.56,-2.08,19.86,-1.23,-1.63,0.80,1013.3,16.6,-37.4,14.4,11.21,55,0.00
86.057,1.56,-1.06,13.39,0.15,-1.29,0.21,1013.5,16.6,-27.9,14.4,11.21,53,0.00
86.255,3.46,-2.74,9.88,0.38,-0.96,0.13,1013.3,16.4,-18.4,14.4,11.21,53,0.00
86.377,-9.63,-1.07,-3.87,-1.20,1.81,0.17,1013.5,16.5,-41.6,14.4,11.21,53,0.00
86.475,0.81,0.43,13.34,2.09,-0.29,-0.06,1013.4,16.4,-44.7,14.4,11.68,53,0.00
86.572,-10.32,1.12,-2.10,0.34,1.39,-0.21,1013.2,16.6,-47.9,14.4,11.68,53,0.00
86.685,5.56,0.70,9.67,0.97,0.60,-0.18,1013.4,16.6,-44.7,14.4,11.68,53,0.00
86.759,0.95,0.22,10.01,0.59,0.27,-0.39,1013.6,16.6,-44.7,14.4,11.68,53,0.00
86.856,8.77,-5.63,9.33,0.48,2.50,-1.08,1013.9,16.4,-44.7,14.4,11.68,53,0.00
86.977,7.82,0.01,1.12,-0.66,-2.62,-0.45,1013.2,16.5,-53.1,14.4,11.68,53,0.00
87.075,-5.45,3.53,24.22,-1.73,-3.10,-0.05,1013.6,16.6,-50.0,14.4,11.68,64,0.00
87.188,-4.87,-0.68,10.77,-0.03,-0.04,0.19,1013.0,16.6,-47.9,14.4,11.68,64,0.00
87.271,0.86,2.56,13.80,-0.57,1.03,0.38,1013.4,16.4,-44.7,14.4,11.68,64,0.00
87.369,4.50,-0.83,2.50,1.44,0.75,-0.24,1013.0,16.6,-44.7,14.4,11.68,64,0.00
87.467,-2.50,-4.39,20.42,-1.35,-1.02,0.31,1013.6,16.5,-46.8,14.4,12.01,64,0.00
87.564,0.78,-0.09,18.02,-0.06,-0.27,0.03,1013.4,16.6,-51.0,14.4,12.01,64,0.00
87.661,-7.28,-3.18,4.59,-0.06,-0.41,0.07,1013.8,16.7,-43.7,14.4,12.01,64,0.00
87.775,-0.58,-2.09,0.21,0.37,-1.74,0.16,1013.4,16.4,-47.9,14.4,12.01,64,0.00
87.872,-4.72,3.75,-2.06,-0.26,0.63,0.70,1013.5,16.5,-46.8,14.4,12.01,64,0.00
87.969,-2.11,-0.74,9.94,0.29,0.41,-0.35,1013.7,16.6,-50.0,14.4,12.01,64,0.00
88.067,2.10,-1.07,11.54,-0.91,0.02,0.16,1013.5,16.6,-32.1,14.4,12.01,62,0.00
88.164,-2.96,5.15,10.40,0.07,-0.07,-0.15,1013.6,16.6,-51.0,14.4,12.01,62,0.00
88.278,-2.65,-3.10,-1.10,-0.52,-0.06,0.17,1013.3,16.6,-50.0,14.4,12.01,62,0.00
88.361,0.29,-2.15,6.83,-1.28,-0.18,0.03,1013.6,16.6,-47.9,14.4,12.01,62,0.00
88.459,-4.67,1.53,4.93,0.32,2.00,0.36,1013.5,16.5,-46.8,14.4,12.36,62,0.00
88.556,6.02,5.07,5.37,0.53,2.31,0.36,1013.1,16.6,-43.7,14.4,12.36,62,0.00
88.677,1.57,-0.98,13.55,0.92,-2.13,0.25,1013.6,16.4,-41.6,14.4,12.36,62,0.00
88.767,0.43,5.60,11.95,0.27,-0.00,0.32,1013.3,16.6,-8.9,14.4,12.36,62,0.00
88.865,-24.01,13.36,24.75,2.43,5.65,-0.77,1013.4,16.6,7.9,14.5,12.36,0,12.95
88.962,-0.49,2.87,9.96,0.51,0.74,-0.58,1013.7,16.6,-53.1,14.4,12.36,0,0.00
89.059,-6.58,-2.05,21.85,0.47,-1.31,-0.25,1013.5,16.4,-40.5,14.4,12.36,0,0.00
89.156,-9.80,-2.33,-0.29,-1.19,0.38,-0.03,1013.6,16.6,-32.1,14.4,12.36,0,0.00
89.270,-1.30,-2.11,16.30,-0.78,0.99,-0.11,1013.5,16.5,-46.8,14.4,12.36,0,0.00
89.428,-7.78,-2.21,21.19,1.57,0.08,-0.39,1013.7,16.5,-47.9,14.4,12.85,0,0.00
89.478,7.73,2.02,1.50,-0.95,-0.46,0.58,1013.6,16.5,-44.7,14.4,12.85,0,0.00
89.575,-12.76,3.40,5.38,0.48,-2.04,-0.53,1012.9,16.6,-15.3,14.4,12.85,0,0.00
89.672,0.76,0.14,12.13,0.87,1.34,-0.19,1013.5,16.4,-44.7,14.4,12.85,0,0.00
89.762,0.80,-1.19,6.11,-0.33,0.35,0.18,1013.2,16.6,-47.9,14.4,12.85,0,0.00
89.860,9.65,-19.88,19.32,1.10,-2.62,-0.72,1013.4,16.6,-47.9,14.4,12.85,0,0.00
89.957,-10.31,-9.62,3.23,0.46,0.36,0.27,1013.7,16.4,-31.0,14.4,12.85,0,0.00
90.078,0.66,0.47,12.61,0.51,-0.75,-0.09,1013.3,16.4,-27.9,14.4,12.85,0,0.00
90.175,-7.66,-3.97,10.45,-0.55,1.65,0.11,1013.6,16.6,-54.2,14.4,12.85,0,0.00
90.265,4.25,0.52,-0.89,-0.79,0.87,-0.53,1013.5,16.4,-40.5,14.4,12.85,0,0.00
90.362,2.17,-5.59,12.01,-2.10,-2.91,-0.57,1013.4,16.4,-41.6,14.4,12.85,0,0.00
90.469,0.70,-5.77,23.96,-1.42,-0.40,0.31,1013.6,16.5,-44.7,14.4,13.15,0,0.00
90.567,-0.17,10.24,18.22,3.98,-2.97,0.29,1013.5,16.4,-46.8,14.4,13.15,0,0.00
90.664,-3.05,-14.41,15.79,0.50,1.67,-0.31,1013.4,16.6,-8.9,14.4,13.15,0,0.00
90.778,-1.00,-1.77,15.67,-0.98,0.42,0.23,1013.5,16.5,-37.4,14.4,13.15,0,0.00
90.876,9.84,-2.20,22.91,1.01,1.12,-0.30,1013.1,16.4,-40.5,14.4,13.15,0,0.00
90.973,8.81,-3.03,18.13,-0.28,1.03,0.61,1012.9,16.5,-40.5,14.4,13.15,0,0.00
91.070,-2.34,-1.48,17.92,-0.40,-0.36,0.21,1013.4,16.5,-21.6,14.4,13.15,0,0.00
91.167,-4.15,-1.95,9.66,-0.88,-0.04,0.15,1013.5,16.4,-41.6,14.4,13.15,0,0.00
91.256,-3.40,8.11,13.24,0.92,1.65,0.45,1013.7,16.5,-46.8,14.4,13.15,0,0.00
91.378,-0.90,-4.28,11.78,0.77,0.40,-1.01,1013.3,16.6,-41.6,14.4,13.15,0,0.00
91.476,-1.70,-2.03,7.33,-1.31,0.43,0.24,1013.4,16.6,-43.7,14.4,13.26,0,0.00
91.559,-6.42,1.38,6.21,0.16,0.68,-0.09,1013.0,16.6,-46.8,14.4,13.26,0,0.00
91.656,3.76,-1.67,-2.27,0.09,-0.96,0.13,1013.5,16.5,-46.8,14.4,13.26,0,0.00
91.769,2.40,-3.07,8.91,-0.99,-0.85,0.25,1013.4,16.5,-44.7,14.4,13.26,0,0.00
91.868,6.09,8.24,-2.06,-0.25,-1.64,0.60,1013.5,16.4,-44.7,14.4,13.26,0,0.00
91.965,-4.55,-1.88,12.92,0.25,-0.91,-0.14,1013.3,16.6,-41.6,14.4,13.26,0,0.00
92.062,3.76,-1.18,14.25,0.82,-0.22,-0.52,1013.5,16.6,-44.7,14.4,13.26,0,0.00
92.159,-1.67,-6.33,15.58,-1.89,0.18,0.16,1013.4,16.6,-41.6,14.4,13.26,0,0.00
92.272,-5.36,4.69,-5.09,-0.51,1.45,0.46,1013.6,16.4,-41.6,14.4,13.26,0,0.00
92.370,-3.48,-2.32,14.85,-0.21,-0.18,-0.12,1013.7,16.6,-43.7,14.4,13.26,0,0.00
92.468,5.58,-0.99,17.59,-0.32,-0.25,-0.10,1013.6,16.4,-44.7,14.4,13.30,0,0.00
92.628,3.24,1.79,18.62,0.13,-1.17,-0.17,1013.0,16.5,-37.4,14.4,13.30,0,0.00
92.678,4.35,-5.65,15.97,-1.59,0.65,-0.04,1013.3,16.4,-46.8,14.4,13.30,0,0.00
92.791,21.77,1.37,50.40,-1.09,-0.14,0.93,1013.7,16.6,-28.9,14.4,13.30,0,0.00
92.866,5.53,-4.48,2.98,0.11,-0.80,-0.07,1013.5,16.5,-2.6,14.4,13.30,49,0.00
92.963,0.06,1.90,5.29,-1.76,1.90,0.42,1013.0,16.5,-24.7,14.4,13.30,49,0.00
93.060,8.49,-0.79,-7.55,-0.60,0.77,0.18,1013.3,16.6,-41.6,14.4,13.30,49,0.00
93.157,3.19,6.79,7.94,0.40,-1.31,-0.21,1013.8,16.6,-28.9,14.4,13.30,49,0.00
93.294,3.59,4.61,10.34,0.90,0.63,-0.17,1013.1,16.4,-56.3,14.4,13.30,49,0.00
93.368,-2.01,-1.87,11.29,0.46,0.11,-0.08,1013.1,16.6,-47.9,14.4,13.30,49,0.00
93.466,4.45,4.60,6.40,0.16,0.75,0.16,1013.7,16.5,39.5,14.5,13.57,49,28.95
93.563,8.38,-2.53,6.58,0.12,-0.64,-0.10,1013.8,16.4,-47.9,14.4,13.57,49,0.00
93.669,-5.31,-3.04,19.14,0.13,-0.38,0.43,1013.7,16.5,47.9,14.5,13.57,49,31.89
93.767,-2.28,-7.20,5.24,-1.17,-1.25,-0.83,1013.5,16.6,-1.6,14.4,13.57,49,0.00
93.858,-2.07,6.11,11.94,2.31,0.21,-0.58,1013.6,16.4,-18.4,14.4,13.57,0,0.00
93.955,1.76,2.37,9.33,-0.05,0.14,-0.19,1013.8,16.6,-51.0,14.4,13.57,0,0.00
94.076,-0.42,-6.36,10.97,-1.14,-0.49,-0.04,1013.2,16.4,-43.7,14.4,13.57,0,0.00
94.173,4.29,6.58,11.75,0.90,-0.13,-0.52,1012.9,16.5,-46.8,14.4,13.57,0,0.00
94.270,4.42,-0.50,6.25,2.42,-0.26,-0.34,1013.5,16.6,-47.9,14.4,13.57,0,0.00
94.360,0.11,-1.41,1.41,-1.29,0.31,-0.06,1013.8,16.4,-46.8,14.4,13.57,0,0.00
94.458,8.42,-3.78,19.35,-0.15,-0.54,-0.11,1013.8,16.5,-43.7,14.4,13.57,0,0.00
94.555,-1.42,-1.38,7.44,0.39,-0.11,-0.23,1013.4,16.6,-44.7,14.4,13.57,0,0.00
94.676,0.94,-1.81,7.09,-0.99,0.32,0.01,1014.2,16.7,-41.6,14.4,13.57,0,0.00
94.759,-0.31,-0.49,13.18,-0.56,0.04,0.19,1013.1,16.6,-38.4,14.4,13.57,0,0.00
94.874,0.50,-5.11,17.71,-1.21,-2.01,0.42,1013.7,16.6,-44.7,14.4,13.57,0,0.00
94.971,0.49,-2.10,12.60,-0.01,0.50,-0.11,1013.5,16.4,-37.4,14.4,13.57,0,0.00
95.068,5.51,-3.33,1.57,-0.41,0.02,-0.30,1013.8,16.4,-32.1,14.4,13.57,0,0.00
95.165,9.24,3.02,1.79,-0.09,0.17,-0.37,1013.6,16.6,-38.4,14.4,13.57,0,0.00
95.262,4.53,-0.23,10.33,0.73,1.56,-0.26,1013.3,16.6,-43.7,14.4,13.57,0,0.00
95.376,2.48,2.81,0.80,0.36,0.81,0.12,1013.1,16.4,-46.8,14.4,13.57,0,0.00
95.474,7.61,-0.08,16.28,0.06,-0.04,0.36,1013.6,16.5,-41.6,14.4,13.50,0,0.00
95.571,1.63,-1.95,8.84,-0.46,-0.37,0.12,1013.3,16.4,-43.7,14.4,13.50,0,0.00
95.668,-0.55,1.28,7.82,0.72,0.41,-0.10,1013.4,16.4,-40.5,14.4,13.50,0,0.00
95.826,4.07,-2.09,19.30,-0.46,-0.58,0.01,1013.5,16.6,-43.7,14.4,13.50,28,0.00
95.868,6.42,2.17,11.19,0.74,-0.04,-0.08,1013.5,16.4,-50.0,14.4,13.50,28,0.00
95.966,-0.31,-0.52,1.56,-0.04,0.02,0.17,1013.6,16.5,-43.7,14.4,13.50,28,0.00
96.063,5.92,0.75,11.46,-0.27,1.04,0.69,1013.6,16.5,-38.4,14.4,13.50,28,0.00
96.160,1.11,-1.01,13.85,-0.13,-0.42,0.10,1013.2,16.4,-35.2,14.4,13.50,28,0.00
96.257,0.02,0.10,15.27,-0.13,0.62,0.24,1013.7,16.4,-31.0,14.4,13.50,28,0.00
96.371,3.84,-0.23,11.46,-0.36,0.48,-0.44,1013.7,16.6,-24.7,14.4,13.50,28,0.00
96.471,1.58,-2.72,23.36,-0.75,-0.48,-0.06,1013.7,16.6,-44.7,14.4,13.33,28,0.00
96.568,0.36,3.54,4.90,0.76,-0.18,0.16,1013.2,16.6,-41.6,14.4,13.33,28,0.00
96.665,5.77,0.39,9.27,0.32,0.30,-0.03,1013.4,16.5,-44.7,14.4,13.33,28,0.00
96.762,4.73,-1.23,1.84,-1.08,-0.37,0.22,1013.6,16.5,-43.7,14.4,13.33,28,0.00
96.886,8.62,5.43,14.26,1.66,-0.73,-0.22,1013.4,16.5,-40.5,14.4,13.33,56,0.00
96.960,2.60,-5.28,12.66,-1.42,-0.51,-0.05,1013.7,16.5,-38.4,14.4,13.33,56,0.00
97.057,8.61,5.17,9.70,-0.32,1.00,-0.05,1013.9,16.5,-47.9,14.4,13.33,56,0.00
97.178,-2.85,-2.33,12.33,0.22,-0.34,0.09,1013.4,16.6,-43.7,14.4,13.33,56,0.00
97.275,-4.21,-5.73,22.78,-0.41,1.20,-0.03,1013.6,16.5,-41.6,14.4,13.33,56,0.00
97.389,-3.00,-4.23,17.03,-0.45,1.17,0.12,1013.7,16.4,-46.8,14.4,13.33,56,0.00
97.464,6.36,1.12,9.21,-0.30,-1.72,-0.05,1013.7,16.4,-46.8,14.4,13.19,56,0.00
97.561,3.77,-1.55,9.99,-0.23,-0.62,-0.32,1013.4,16.5,-44.7,14.4,13.19,56,0.00
97.659,6.08,2.15,8.06,-0.69,-0.82,0.24,1013.4,16.5,-47.9,14.4,13.19,45,0.00
97.756,7.70,-0.07,7.16,-0.09,0.62,-0.03,1013.7,16.4,-47.9,14.4,13.19,45,0.00
97.894,6.53,0.01,4.52,-0.53,-1.09,0.20,1013.7,16.4,-51.0,14.4,13.19,45,0.00
97.978,-3.60,-2.19,19.44,-0.35,-1.47,0.09,1013.3,16.5,-47.9,14.4,13.19,45,0.00
98.075,1.98,3.97,-8.05,0.44,1.48,0.02,1013.4,16.4,-50.0,14.4,13.19,45,0.00
98.172,-0.66,-5.25,21.92,-0.00,-1.69,-0.22,1013.1,16.6,-44.7,14.4,13.19,45,0.00
98.269,6.54,-1.67,13.86,-1.14,-1.60,-0.15,1013.7,16.4,-47.9,14.4,13.19,45,0.00
98.366,-1.45,0.47,-1.53,-0.65,-1.13,0.05,1013.7,16.4,-47.9,14.4,13.19,45,0.00
98.457,-1.82,-0.47,15.96,0.82,1.12,-0.35,1013.8,16.5,-35.2,14.4,13.07,45,0.00
98.578,-13.33,2.02,10.69,-0.10,1.55,0.66,1013.4,16.3,72.1,14.5,13.07,45,39.13
98.676,0.94,-1.81,7.35,-0.08,0.57,-0.06,1014.1,16.4,-35.2,14.4,13.07,41,0.00
98.773,4.56,1.98,11.57,0.74,-0.46,0.03,1013.8,16.6,-46.8,14.4,13.07,41,0.00
98.870,-5.74,4.46,-6.76,0.03,0.96,0.22,1013.6,16.5,-67.9,14.4,13.07,41,0.00
99.048,-1.27,1.70,9.32,-0.03,0.88,0.20,1014.1,16.3,0.5,14.5,13.07,41,3.34
99.073,3.64,0.15,9.90,-1.04,-0.54,0.23,1013.7,16.2,17.4,14.5,13.07,41,19.21
99.171,3.71,-6.48,16.71,-0.91,0.28,0.14,1013.4,16.4,-10.0,14.4,13.07,41,0.00
99.268,1.54,5.11,14.35,-0.19,0.16,0.34,1013.5,16.4,-50.0,14.4,13.07,41,0.00
99.365,-0.80,-4.54,17.72,0.05,-0.57,0.09,1013.1,16.6,-27.9,14.4,13.07,41,0.00
99.455,3.22,1.78,5.72,-0.74,1.72,0.26,1013.7,16.6,-15.3,14.4,13.06,41,0.00
99.576,4.35,-2.77,9.99,0.02,1.12,-0.08,1013.7,16.5,-47.9,14.4,13.06,41,0.00
99.674,3.58,-3.92,15.59,-1.17,-1.98,0.32,1013.3,16.6,20.5,14.5,13.06,54,20.88
99.771,7.56,-1.96,12.44,-1.40,-2.07,0.36,1013.7,16.5,64.7,14.5,13.06,54,37.08
99.868,2.70,-0.89,6.03,-0.45,-0.42,-0.13,1014.0,16.5,-3.7,14.4,13.06,54,0.00
99.958,-2.39,-1.29,13.97,0.09,-0.09,-0.10,1013.4,16.4,-24.7,14.4,13.06,54,0.00
100.055,1.15,1.13,10.47,0.43,-1.10,0.14,1013.8,16.4,-18.4,14.4,13.06,54,0.00
100.164,8.50,-2.03,2.44,-0.17,0.34,-0.25,1013.5,16.5,-46.8,14.4,13.06,54,0.00
100.261,5.09,0.88,9.72,-0.04,-1.01,0.38,1013.6,16.6,-46.8,14.4,13.06,54,0.00
100.358,12.58,0.68,3.87,0.94,-0.45,0.36,1013.6,16.4,-43.7,14.4,13.06,54,0.00
100.473,7.27,1.36,13.21,-0.49,-1.35,0.20,1013.6,16.3,-46.8,14.4,13.07,54,0.00
100.570,4.91,0.28,6.40,0.56,-0.77,-0.23,1013.5,16.5,-46.8,14.4,13.07,54,0.00
100.668,10.55,-2.57,23.90,0.09,-3.28,-0.82,1013.7,16.5,-50.0,14.4,13.07,34,0.00
100.765,-5.47,-2.52,5.22,-0.81,-0.05,0.25,1013.5,16.4,-51.0,14.4,13.07,34,0.00
100.862,10.32,8.13,11.51,1.53,1.11,-0.07,1013.9,16.4,-50.0,14.4,13.07,34,0.00
100.976,6.73,3.12,6.09,0.83,1.88,-0.29,1013.4,16.5,-46.8,14.4,13.07,34,0.00
101.073,5.60,0.82,9.46,0.17,0.40,0.01,1013.2,16.4,-44.7,14.4,13.07,34,0.00
101.252,4.53,1.03,19.25,-1.16,0.39,-0.11,1013.3,16.5,-46.8,14.4,13.07,34,0.00
101.277,3.78,-1.75,6.42,-1.84,-0.65,-0.06,1013.5,16.4,-44.7,14.4,13.07,34,0.00
101.375,7.20,3.94,16.12,0.58,-0.69,-0.53,1013.2,16.5,-47.9,14.4,13.07,34,0.00
101.466,2.93,-0.05,6.75,-1.00,-0.36,0.01,1013.6,16.6,-46.8,14.4,12.98,34,0.00
101.564,-0.09,0.28,4.70,0.82,-1.14,-0.24,1013.9,16.8,-44.7,14.4,12.98,34,0.00
101.661,4.82,2.78,10.59,0.19,2.08,-0.22,1013.2,16.4,-43.7,14.4,12.98,34,0.00
101.758,1.02,-1.27,10.35,-0.85,-2.04,0.22,1013.5,16.4,-43.7,14.4,12.98,34,0.00
101.856,-3.22,6.14,10.50,1.83,1.60,-0.25,1013.4,16.6,-41.6,14.4,12.98,22,0.00
101.970,-4.13,-5.21,13.73,-0.38,0.85,-1.10,1014.0,16.5,-43.7,14.4,12.98,22,0.00
102.068,3.26,0.31,14.03,-1.01,0.14,-0.27,1013.2,16.6,-40.5,14.4,12.98,22,0.00
102.165,2.25,-2.20,6.16,-1.25,-0.45,-0.17,1013.7,16.6,-44.7,14.4,12.98,22,0.00
102.262,-1.42,7.12,2.35,1.06,-0.73,-0.01,1013.3,16.5,-41.6,14.4,12.98,22,0.00
102.371,7.99,-0.67,5.27,-0.10,0.74,0.27,1013.7,16.5,-44.7,14.4,12.98,22,0.00
102.487,1.39,1.17,18.22,-0.57,-0.63,0.05,1013.7,16.4,-40.5,14.4,12.91,22,0.00
102.561,1.76,-2.49,13.74,0.21,0.53,-0.24,1013.7,16.6,-47.9,14.4,12.91,22,0.00
102.659,0.54,-2.34,20.43,-0.28,-0.21,-0.09,1013.3,16.6,-41.6,14.4,12.91,33,0.00
102.756,0.90,0.22,4.76,0.85,0.70,-0.32,1013.0,16.4,-46.8,14.4,12.91,33,0.00
102.877,1.49,2.08,0.84,0.26,-1.05,0.22,1013.5,16.5,-44.7,14.4,12.91,33,0.00
102.991,1.09,2.57,17.18,-0.03,-0.06,0.37,1014.1,16.4,-46.8,14.4,12.91,33,0.00
103.065,1.75,-0.63,5.73,-0.25,0.49,0.47,1013.4,16.4,-47.9,14.4,12.91,33,0.00
103.162,-1.96,-1.18,8.08,0.32,0.78,0.29,1013.5,16.6,-43.7,14.4,12.91,33,0.00
103.259,-1.53,-1.55,9.22,-0.27,-0.98,0.14,1013.4,16.7,-41.6,14.4,12.91,33,0.00
103.390,4.57,0.48,12.11,0.16,-0.47,0.21,1013.3,16.4,-41.6,14.4,12.91,33,0.00
103.465,2.80,-0.32,13.20,-0.60,-0.18,0.29,1013.8,16.5,-41.6,14.4,12.54,33,0.00
103.555,3.77,-1.53,12.00,0.41,1.43,0.05,1013.7,16.6,-43.7,14.4,12.54,33,0.00
103.677,4.08,-0.84,9.15,0.23,0.06,-0.02,1013.0,16.4,-41.6,14.4,12.54,61,0.00
103.774,-2.64,1.60,9.60,0.27,0.75,0.30,1013.6,16.6,-44.7,14.4,12.54,61,0.00
103.871,1.74,0.89,-1.35,0.09,0.51,0.28,1013.4,16.5,-41.6,14.4,12.54,61,0.00
103.968,0.20,0.68,9.90,0.30,-0.53,0.24,1013.0,16.6,-40.5,14.4,12.54,61,0.00
104.058,1.40,-5.04,6.30,-0.19,-0.17,-0.20,1013.2,16.5,-38.4,14.4,12.54,61,0.00
104.155,-5.17,0.68,-3.24,-0.03,0.82,-0.47,1014.0,16.4,-40.5,14.4,12.54,61,0.00
104.276,2.93,-1.02,11.30,-0.90,-0.73,-0.12,1014.0,16.5,-44.7,14.4,12.54,61,0.00
104.373,1.89,-1.02,6.42,-0.28,-0.25,0.09,1013.9,16.4,-46.8,14.4,12.54,61,0.00
104.532,9.30,1.24,5.01,0.41,0.79,-0.14,1013.6,16.3,-43.7,14.4,12.24,61,0.00
104.574,2.58,1.61,8.72,0.20,0.39,0.09,1013.5,16.4,-40.5,14.4,12.24,61,0.00
104.673,2.13,-5.24,4.66,0.38,1.25,-0.18,1013.9,16.4,-43.7,14.4,12.24,78,0.00
104.770,0.28,-1.38,12.94,-0.67,-1.06,-0.24,1013.9,16.4,-43.7,14.4,12.24,78,0.00
104.867,-1.46,-4.18,-2.14,-0.02,0.04,-0.30,1013.7,16.4,-46.8,14.4,12.24,78,0.00
104.964,-3.44,5.27,8.98,-0.23,0.10,0.16,1013.3,16.6,-43.7,14.4,12.24,78,0.00
105.077,6.09,-0.34,3.85,0.26,-0.16,-0.04,1013.5,16.5,-43.7,14.4,12.24,78,0.00
105.175,-3.44,0.30,8.71,0.11,-0.32,0.17,1013.3,16.4,-41.6,14.4,12.24,78,0.00
105.272,-1.68,0.01,7.25,0.05,0.55,-0.24,1013.8,16.6,-44.7,14.4,12.24,78,0.00
105.369,-1.79,-0.92,7.06,0.01,0.12,-0.01,1013.6,16.4,-38.4,14.4,12.24,78,0.00
105.466,1.98,1.42,15.33,1.29,-0.46,-0.38,1013.6,16.4,-28.9,14.4,12.24,78,0.00
105.614,7.37,4.54,13.25,1.01,-1.47,0.57,1013.2,16.4,-51.0,14.4,12.24,64,0.00
105.664,2.29,1.11,9.23,-0.11,-0.28,0.09,1013.8,16.4,-46.8,14.4,12.24,64,0.00
105.761,-1.09,2.60,11.85,-0.23,0.31,0.42,1013.6,16.4,-46.8,14.4,12.24,64,0.00
105.858,1.55,1.36,5.22,-0.19,-0.50,0.14,1013.7,16.4,-44.7,14.4,12.24,64,0.00
105.955,2.05,-0.32,16.45,1.42,0.44,-0.00,1013.5,16.4,-44.7,14.4,12.24,64,0.00
106.093,-3.02,-1.57,10.31,-0.78,-1.60,0.22,1013.6,16.4,-43.7,14.4,12.24,64,0.00
106.167,-0.74,2.75,-0.50,-0.06,0.40,0.12,1013.3,16.4,-47.9,14.4,12.24,64,0.00
106.264,2.85,-3.39,-0.71,-0.67,0.27,0.20,1013.5,16.4,-44.7,14.4,12.24,64,0.00
106.361,-0.57,3.27,20.79,1.08,0.25,0.44,1013.6,16.4,-47.9,14.4,12.24,64,0.00
106.459,-0.76,-4.48,12.63,-0.70,-1.51,0.58,1013.5,16.4,-40.5,14.4,11.94,64,0.00
106.556,0.56,-2.63,23.17,-0.14,-2.88,0.18,1013.6,16.4,-46.8,14.4,11.94,64,0.00
106.657,-6.85,-2.18,12.19,0.21,0.27,0.02,1013.9,16.6,-41.6,14.4,11.94,64,0.00
106.755,5.63,3.46,15.04,0.07,-1.06,0.04,1013.4,16.6,-40.5,14.4,11.94,64,0.00
106.876,-1.13,-1.77,12.53,-0.89,-0.39,0.20,1013.7,16.4,-44.7,14.4,11.94,64,0.00
106.973,-4.71,3.03,7.86,1.01,0.39,-0.46,1013.0,16.6,-44.7,14.4,11.94,64,0.00
107.070,1.03,5.06,8.03,0.47,1.56,-0.09,1013.7,16.4,-44.7,14.4,11.94,64,0.00
107.160,0.13,-2.72,18.82,0.13,0.22,0.11,1013.3,16.6,-46.8,14.4,11.94,64,0.00
107.257,2.01,0.44,7.00,0.03,-1.10,-0.20,1013.9,16.6,-43.7,14.4,11.94,64,0.00
107.378,-6.28,2.19,9.53,-0.70,-1.08,-0.07,1013.5,16.6,-44.7,14.4,11.94,64,0.00
107.476,-1.83,3.46,0.66,0.47,0.04,-0.02,1013.7,16.6,-43.7,14.4,11.73,64,0.00
107.573,-6.13,3.88,4.87,0.73,-0.22,-0.27,1013.8,16.6,-43.7,14.4,11.73,64,0.00
107.664,-1.18,-3.15,15.04,-0.42,-1.19,-0.12,1013.7,16.4,-46.8,14.4,11.73,64,0.00
107.804,-4.87,0.03,4.83,0.67,0.65,-0.16,1013.6,16.4,-46.8,14.4,11.73,64,0.00
107.878,1.80,2.50,4.65,-0.06,0.04,0.07,1013.5,16.5,-41.6,14.4,11.73,64,0.00
107.975,-5.60,0.28,9.01,-0.95,0.53,0.09,1013.3,16.6,-43.7,14.4,11.73,64,0.00
108.072,2.60,-1.19,10.41,0.13,-0.54,-0.04,1013.8,16.5,-41.6,14.4,11.73,64,0.00
108.162,1.92,-2.42,19.43,-0.17,-0.24,0.06,1013.3,16.6,-37.4,14.4,11.73,64,0.00
108.259,-0.13,2.77,11.45,0.67,0.30,-0.27,1013.1,16.5,-32.1,14.4,11.73,64,0.00
108.356,-6.10,-3.62,7.72,0.09,0.55,0.08,1013.7,16.4,-46.8,14.4,11.73,64,0.00
108.478,1.21,4.28,7.80,0.74,1.67,0.14,1013.4,16.5,38.4,14.5,11.63,64,28.56
108.575,8.37,-0.09,12.51,-0.48,-0.11,0.26,1013.4,16.6,-13.2,14.4,11.63,64,0.00
108.666,-1.66,1.12,9.44,-0.13,-0.37,0.30,1013.2,16.5,6.8,14.5,11.63,80,12.05
108.763,-0.94,-0.49,8.89,-0.42,-0.05,0.20,1013.4,16.6,-37.4,14.4,11.63,80,0.00
108.871,-5.31,-1.42,13.82,0.55,0.61,-0.05,1013.6,16.5,-41.6,14.4,11.63,80,0.00
108.969,1.95,0.56,7.96,0.50,0.02,-0.20,1013.6,16.6,-43.7,14.4,11.63,80,0.00
109.066,-2.01,2.10,10.34,0.92,0.82,-0.26,1013.4,16.6,-46.8,14.4,11.63,80,0.00
109.156,2.47,-3.42,15.26,-0.99,-1.11,-0.03,1013.4,16.6,-44.7,14.4,11.63,80,0.00
109.278,5.54,4.86,6.25,-0.00,0.64,0.31,1013.4,16.6,-40.5,14.4,11.63,80,0.00
109.375,-9.24,-0.67,13.83,-0.47,0.65,0.53,1013.5,16.6,-47.9,14.4,11.63,80,0.00
109.473,-4.54,-0.77,9.83,-0.20,0.64,0.02,1013.5,16.5,-46.8,14.4,11.49,80,0.00
109.570,1.91,-2.69,14.63,-0.32,-0.50,-0.20,1013.2,16.5,-46.8,14.4,11.49,80,0.00
109.659,6.17,-0.48,9.12,-0.78,-0.71,0.10,1013.6,16.4,-44.7,14.4,11.49,46,0.00
109.757,4.22,-2.37,9.17,-0.04,-1.27,0.32,1014.0,16.6,-18.4,14.4,11.49,46,0.00
109.878,-2.47,0.00,14.90,1.02,1.20,0.49,1013.7,16.6,-44.7,14.4,11.49,46,0.00
110.013,3.21,-0.62,4.53,-0.10,0.67,0.22,1014.0,16.4,-44.7,14.4,11.49,46,0.00
110.063,0.09,2.08,7.90,-0.28,-1.40,0.18,1013.2,16.4,-44.7,14.4,11.49,46,0.00
110.176,9.27,2.86,3.16,0.12,-2.23,0.20,1013.7,16.6,-50.0,14.4,11.49,46,0.00
110.274,-5.58,2.25,-4.33,0.25,0.84,0.19,1014.3,16.5,-46.8,14.4,11.49,46,0.00
110.371,2.46,-0.08,14.08,0.24,0.15,0.36,1013.3,16.6,-53.1,14.4,11.49,46,0.00
110.470,19.57,2.20,14.29,-0.46,-0.72,0.27,1013.8,16.6,-53.1,14.4,11.38,46,0.00
110.567,11.26,0.48,11.04,-0.62,0.17,0.34,1013.5,16.6,-51.0,14.4,11.38,46,0.00
110.681,-3.05,0.61,7.10,1.15,0.64,-0.07,1013.7,16.5,-50.0,14.4,11.38,0,0.00
110.778,-1.75,-2.35,3.69,0.97,2.02,0.26,1013.2,16.5,-40.5,14.4,11.38,0,0.00
110.875,-0.88,-0.35,-7.70,-0.27,0.06,0.00,1013.6,16.6,-44.7,14.4,11.38,0,0.00
110.972,7.02,1.04,10.43,-0.24,-1.19,0.12,1013.3,16.6,-40.5,14.4,11.38,0,0.00
111.080,-3.33,2.45,18.09,0.62,0.65,0.46,1013.7,16.5,-46.8,14.4,11.38,0,0.00
111.194,5.97,-3.28,17.17,0.58,1.13,-0.52,1013.9,16.4,-40.5,14.4,11.38,0,0.00
111.268,2.51,-1.99,12.13,-1.00,-1.24,0.24,1013.9,16.5,-40.5,14.4,11.38,0,0.00
111.365,2.08,-0.45,5.67,-0.16,-1.69,0.03,1013.4,16.6,-43.7,14.4,11.38,0,0.00
111.463,4.06,-0.08,11.22,0.33,-0.87,0.07,1013.6,16.3,-40.5,14.4,11.30,0,0.00
111.560,8.59,-3.84,12.13,0.23,0.66,-0.54,1013.5,16.6,-44.7,14.4,11.30,0,0.00
111.658,10.44,0.17,12.20,0.40,0.20,0.18,1013.6,16.4,-43.7,14.4,11.30,0,0.00
111.772,14.63,2.94,12.22,-0.82,-3.08,-0.37,1013.5,16.5,-46.8,14.4,11.30,0,0.00
111.869,-3.99,-0.82,12.07,0.85,1.14,0.34,1013.8,16.4,-44.7,14.4,11.30,0,0.00
111.966,5.09,1.24,14.48,0.60,-1.29,0.13,1013.3,16.5,-43.7,14.4,11.30,0,0.00
112.063,-2.16,1.21,7.24,0.93,-0.43,0.30,1013.3,16.4,-50.0,14.4,11.30,0,0.00
112.172,-4.64,-1.82,0.08,0.16,0.43,0.01,1013.6,16.4,-41.6,14.4,11.30,0,0.00
112.262,-2.20,-6.11,14.28,-1.04,-0.13,-0.02,1013.7,16.4,-43.7,14.4,11.30,0,0.00
112.359,-1.08,1.38,7.49,0.22,1.75,-0.13,1013.4,16.4,-43.7,14.4,11.30,0,0.00
112.457,6.84,-1.98,14.14,0.60,0.72,-0.49,1013.3,16.6,-43.7,14.4,10.97,0,0.00
112.578,-4.37,0.73,6.33,-0.04,-0.27,-0.14,1013.3,16.5,-40.5,14.4,10.97,0,0.00
112.676,-7.43,4.92,-0.49,-0.14,1.15,0.72,1013.8,16.4,-41.6,14.4,10.97,0,0.00
112.766,1.70,-0.15,8.33,0.32,-0.12,-0.13,1013.5,16.6,-40.5,14.4,10.97,0,0.00
112.863,0.90,-3.17,15.36,-0.82,-0.42,-0.21,1013.5,16.5,-37.4,14.4,10.97,0,0.00
112.960,5.51,-2.21,5.93,-0.26,-0.11,-0.33,1013.5,16.5,-6.8,14.4,10.97,0,0.00
113.057,1.17,4.14,3.50,0.57,0.02,0.26,1013.6,16.5,-35.2,14.4,10.97,0,0.00
113.284,0.80,-0.87,17.64,0.60,-0.71,0.13,1013.5,16.4,-31.0,14.4,10.97,0,0.00
113.399,5.23,-0.17,8.35,0.61,-0.01,-0.04,1013.6,16.5,-43.7,14.4,10.54,0,0.00
113.496,8.27,0.82,0.09,-0.63,1.37,0.01,1013.9,16.4,-40.5,14.4,10.54,0,0.00
113.593,-2.25,-1.22,15.37,-0.32,-0.31,-0.25,1013.3,16.5,-43.7,14.4,10.54,0,0.00
113.691,5.89,0.93,8.86,0.26,-0.61,-0.11,1013.8,16.5,-43.7,14.4,10.54,0,0.00
113.788,3.47,-2.43,14.51,-0.33,-0.62,0.01,1013.5,16.4,-41.6,14.4,10.54,0,0.00
113.902,-0.97,2.36,8.57,0.08,0.09,0.10,1013.4,16.5,-43.7,14.4,10.54,0,0.00
113.999,6.11,3.23,6.89,0.17,0.38,-0.21,1013.8,16.5,-41.6,14.4,10.54,0,0.00
114.096,0.91,-1.27,0.73,0.07,-0.93,-0.27,1013.3,16.4,-43.7,14.4,10.54,0,0.00
114.193,-2.01,3.13,3.51,0.72,-0.03,-0.13,1013.2,16.4,-35.2,14.4,10.54,0,0.00
114.290,1.82,-2.60,19.63,-0.11,-0.63,0.06,1013.4,16.5,-43.7,14.4,10.54,0,0.00
114.392,-1.11,0.97,8.59,-0.08,-0.63,-0.08,1013.0,16.6,-38.4,14.4,10.54,0,0.00
114.490,-4.65,-0.86,5.17,-0.11,0.65,0.03,1013.2,16.6,-40.5,14.4,10.26,0,0.00
114.587,1.18,2.53,8.71,0.54,0.87,0.02,1013.2,16.5,-41.6,14.4,10.26,0,0.00
114.685,3.02,-0.06,9.75,0.55,0.74,0.29,1013.7,16.6,-38.4,14.4,10.26,0,0.00
114.806,8.98,-4.95,12.39,-0.17,-1.45,-0.17,1013.4,16.3,-19.5,14.4,10.26,0,0.00
114.896,-0.05,-1.08,15.69,-0.39,-0.75,0.15,1013.2,16.5,6.8,14.5,10.26,0,12.05
114.993,3.80,0.89,11.61,0.45,0.41,-0.03,1013.4,16.4,6.8,14.5,10.26,0,12.05
115.090,1.50,-1.41,2.19,-0.26,-0.85,0.01,1013.3,16.3,28.9,14.5,10.26,0,24.79
115.187,7.07,0.25,12.41,0.09,-0.76,-0.19,1013.4,16.6,52.1,14.5,10.26,0,33.26
115.284,3.52,-1.18,22.97,-0.09,-0.78,0.17,1013.4,16.5,97.3,14.5,10.26,0,45.47
115.409,1.72,-0.23,18.46,-1.04,-0.76,0.00,1013.7,16.6,73.1,14.5,9.90,0,39.42
115.507,1.64,3.50,8.66,0.42,-0.04,0.04,1013.0,16.5,64.7,14.5,9.90,0,37.08
115.604,-1.31,1.42,6.46,0.20,-0.52,0.29,1013.6,16.6,-54.2,14.4,9.90,0,0.00
115.701,1.61,-0.32,7.84,-0.17,-0.35,0.23,1013.0,16.6,-37.4,14.4,9.90,0,0.00
115.798,1.76,-2.09,13.05,-0.29,0.18,0.20,1013.9,16.7,-40.5,14.4,9.90,0,0.00
115.888,0.23,0.20,6.56,0.36,0.31,0.09,1013.3,16.6,4.7,14.5,9.90,0,10.03
115.985,-4.64,0.36,3.97,-0.37,0.43,0.39,1013.4,16.4,-34.2,14.4,9.90,0,0.00
116.106,2.74,-1.20,12.33,-0.20,0.14,0.03,1014.0,16.6,-8.9,14.4,9.90,0,0.00
116.203,-3.00,0.08,10.63,0.06,0.79,0.10,1013.9,16.4,-6.8,14.4,9.90,0,0.00
116.300,-0.85,1.29,13.31,0.47,1.01,-0.21,1013.2,16.6,-3.7,14.4,9.90,0,0.00
116.390,2.40,-1.20,11.00,-0.34,-0.15,-0.17,1013.8,16.5,55.2,14.5,9.90,0,34.26
116.549,5.43,0.39,9.05,-0.54,-0.14,0.06,1013.3,16.6,-12.1,14.4,9.35,0,0.00
116.599,7.44,-2.57,11.82,-0.83,-0.32,-0.15,1013.1,16.5,-2.6,14.4,9.35,0,0.00
116.696,10.06,-2.76,8.35,-0.63,-1.15,0.20,1013.9,16.7,47.9,14.5,9.35,0,31.89
116.793,0.27,4.40,18.41,1.74,0.51,-0.08,1013.3,16.6,-24.7,14.4,9.35,0,0.00
116.907,2.38,0.82,11.87,-0.13,0.24,0.23,1013.3,16.5,-27.9,14.4,9.35,0,0.00
117.004,-3.49,2.19,11.93,0.42,1.53,0.05,1013.2,16.6,-40.5,14.4,9.35,0,0.00
117.101,6.67,-1.86,8.77,0.53,-0.23,-0.15,1013.5,16.6,-41.6,14.4,9.35,0,0.00
117.198,2.11,0.68,7.46,-0.50,0.11,0.13,1013.7,16.6,-43.7,14.4,9.35,0,0.00
117.295,4.74,-1.47,16.22,-0.34,-1.30,0.33,1013.8,16.7,-43.7,14.4,9.35,0,0.00
117.384,8.78,-0.89,11.39,-0.52,-1.59,0.03,1013.1,16.4,-38.4,14.4,9.35,0,0.00
117.507,-10.53,0.97,9.17,-0.14,2.56,0.63,1013.4,16.6,-43.7,14.4,9.16,0,0.00
117.616,6.11,1.84,19.98,0.12,-1.07,0.03,1013.7,16.8,-37.4,14.4,9.16,0,0.00
117.690,5.71,-0.45,10.14,-0.81,-1.20,-0.38,1013.9,16.5,-46.8,14.4,9.16,0,0.00
117.787,5.47,-8.15,15.10,-0.97,-1.53,-0.27,1013.4,16.6,-44.7,14.4,9.16,0,0.00
117.900,4.12,-3.43,6.79,-1.04,-0.11,0.03,1013.5,16.5,-43.7,14.4,9.16,0,0.00
117.998,2.75,2.44,7.05,-0.64,0.10,0.13,1013.2,16.6,-38.4,14.4,9.16,0,0.00
118.095,8.58,-1.83,10.00,0.18,-0.89,-0.33,1013.6,16.5,-44.7,14.4,9.16,0,0.00
118.192,2.61,1.80,18.08,0.46,1.09,-0.41,1013.5,16.6,-40.5,14.4,9.16,0,0.00
118.290,-1.46,-1.98,12.35,-0.37,-0.06,-0.20,1013.4,16.6,-41.6,14.4,9.16,0,0.00
118.403,-0.46,4.43,9.69,0.62,0.49,-0.19,1013.3,16.8,-43.7,14.4,8.88,0,0.00
118.501,-5.20,-4.13,8.84,-1.63,-1.30,0.06,1013.8,16.6,-40.5,14.4,8.88,0,0.00
118.598,0.39,0.77,6.99,0.73,0.55,-0.23,1013.7,16.6,-44.7,14.4,8.88,0,0.00
118.708,3.35,0.03,5.80,-0.66,-1.46,0.23,1013.5,16.4,-43.7,14.4,8.88,0,0.00
118.805,3.20,-0.30,4.38,0.34,-0.71,0.01,1013.9,16.4,-43.7,14.4,8.88,0,0.00
118.918,-2.04,2.82,8.83,0.61,0.91,-0.13,1013.7,16.4,-40.5,14.4,8.88,0,0.00
118.992,1.00,-0.42,16.72,-0.02,0.46,0.23,1013.8,16.5,-40.5,14.4,8.88,0,0.00
119.089,0.93,-1.38,16.00,0.17,0.60,0.17,1013.2,16.8,-41.6,14.4,8.88,0,0.00
119.186,5.52,0.19,12.11,0.52,0.64,-0.07,1013.6,16.6,-40.5,14.4,8.88,0,0.00
119.284,0.60,0.15,3.95,0.15,0.57,-0.22,1013.4,16.4,-34.2,14.4,8.88,0,0.00
119.421,-1.28,-1.30,7.64,-0.34,0.26,-0.01,1013.7,16.4,-32.1,14.4,8.55,0,0.00
119.495,-5.81,-0.62,8.14,-0.24,0.12,0.00,1013.4,16.4,-25.8,14.4,8.55,0,0.00
119.592,0.96,0.97,12.01,0.16,-0.16,0.07,1013.4,16.5,11.0,14.5,8.55,0,15.32
119.689,-1.82,-1.53,9.02,-0.37,-0.33,0.12,1013.6,16.6,-38.4,14.4,8.55,0,0.00
119.822,1.71,-2.67,6.43,-0.42,-1.15,0.20,1013.0,16.3,-40.5,14.4,8.55,0,0.00
119.896,4.54,-1.39,11.66,0.18,0.32,0.02,1014.1,16.6,11.0,14.5,8.55,0,15.32
119.986,0.97,0.79,6.58,0.11,0.42,0.14,1013.6,16.6,25.8,14.5,8.55,0,23.40
120.107,1.43,-1.03,15.38,0.18,0.97,-0.07,1013.5,16.6,-28.9,14.4,8.55,0,0.00
120.204,-7.03,3.28,-0.28,0.46,0.32,-0.28,1013.9,16.6,-24.7,14.4,8.55,0,0.00
120.301,2.56,2.46,10.13,0.51,0.43,-0.17,1013.3,16.6,-37.4,14.4,8.55,0,0.00
120.398,-0.47,0.78,4.89,0.35,0.33,-0.15,1013.7,16.6,-32.1,14.4,8.55,0,0.00
120.488,-3.32,-3.44,12.74,-0.14,0.46,-0.25,1013.6,16.5,78.4,14.5,8.14,0,40.81
120.585,-2.72,3.56,4.32,0.39,1.89,-0.18,1013.4,16.6,-18.4,14.4,8.14,0,0.00
120.706,1.78,0.83,15.87,0.12,0.62,0.13,1013.2,16.4,-24.7,14.4,8.14,0,0.00
120.803,-2.75,-0.88,8.00,0.27,0.21,-0.24,1013.7,16.6,-44.7,14.4,8.14,0,0.00
120.888,-0.44,-1.94,4.03,-0.25,0.12,-0.08,1013.9,16.5,51.0,14.5,8.14,0,32.93
121.003,-2.72,-0.68,4.38,-0.06,-0.12,-0.04,1013.4,16.5,-8.9,14.4,8.14,0,0.00
121.100,4.26,-1.91,9.34,0.32,0.90,0.11,1013.5,16.5,-43.7,14.4,8.14,0,0.00
121.197,3.91,-1.47,4.95,-0.22,-0.41,0.07,1013.1,16.5,-40.5,14.4,8.14,0,0.00
121.294,-1.71,-0.58,7.48,-0.36,-0.62,0.07,1013.5,16.6,-35.2,14.4,8.14,0,0.00
121.391,3.84,0.22,9.19,0.38,0.30,-0.04,1013.8,16.8,-43.7,14.4,8.14,0,0.00
121.505,1.49,1.46,12.79,0.18,0.34,-0.12,1013.0,16.4,-34.2,14.4,8.14,0,0.00
121.602,-1.05,1.24,9.11,-0.01,0.41,-0.02,1013.7,16.6,-50.0,14.4,8.14,0,0.00
121.699,-5.63,0.65,-3.20,-0.75,0.77,0.44,1013.3,16.7,-37.4,14.4,8.14,0,0.00
121.796,-0.55,1.20,3.17,0.49,-0.03,0.00,1013.5,16.6,-41.6,14.4,8.14,0,0.00
121.893,2.00,-0.03,15.94,0.48,-1.15,-0.24,1013.4,16.5,-43.7,14.4,8.14,0,0.00
121.994,2.82,0.20,9.53,0.02,-0.16,-0.23,1013.3,16.4,-32.1,14.4,8.14,0,0.00
122.092,5.39,0.14,14.64,0.46,-0.69,-0.32,1013.1,16.4,-25.8,14.4,8.14,0,0.00
122.189,-3.82,-1.93,15.02,0.24,1.57,-0.22,1013.3,16.7,-35.2,14.4,8.14,0,0.00
122.287,6.17,-3.53,15.21,-0.53,-1.25,-0.51,1013.4,16.8,-28.9,14.4,8.14,0,0.00
122.384,-0.20,-0.81,12.69,-0.46,0.65,-0.10,1013.3,16.6,-38.4,14.4,8.14,0,0.00
122.498,-0.67,-3.75,7.52,-1.17,0.36,-0.11,1013.6,16.6,-41.6,14.4,7.72,0,0.00
122.595,3.02,0.74,10.34,-0.74,-0.43,-0.14,1013.3,16.7,-35.2,14.4,7.72,0,0.00
122.692,0.25,1.80,4.73,0.30,-0.11,-0.10,1013.7,16.6,-40.5,14.4,7.72,0,0.00
122.789,0.91,-0.76,8.61,0.20,-0.37,-0.09,1013.6,16.7,-38.4,14.4,7.72,0,0.00
122.886,1.99,-1.17,14.60,-0.83,-0.16,-0.11,1013.4,16.6,-16.3,14.4,7.72,0,0.00
123.105,-1.34,-1.68,8.01,-0.83,-0.09,0.11,1013.2,16.7,-32.1,14.4,7.72,0,0.00
123.227,-3.46,-1.81,1.55,-0.74,-0.55,0.17,1013.5,16.8,-40.5,14.4,7.72,0,0.00
123.325,1.62,0.53,2.57,-0.94,0.28,0.51,1014.0,16.6,-37.4,14.4,7.72,0,0.00
123.422,-0.20,-0.39,5.95,-0.47,-0.33,0.38,1014.0,16.5,-35.2,14.4,7.22,0,0.00
123.512,4.04,0.85,10.08,0.81,-0.86,0.17,1013.6,16.6,-28.9,14.4,7.22,0,0.00
123.610,3.58,-2.12,7.89,0.53,0.48,0.23,1013.4,16.6,48.9,14.5,7.22,0,32.24
123.707,-0.13,1.08,6.60,-0.10,0.65,0.17,1013.5,16.6,64.7,14.5,7.22,0,37.08
123.828,-6.13,1.03,3.17,-0.24,0.65,0.21,1013.5,16.8,-15.3,14.4,7.22,0,0.00
123.925,-0.02,-1.47,7.18,-0.26,0.56,0.30,1012.9,16.6,-25.8,14.4,7.22,0,0.00
124.014,0.03,-0.34,12.23,-0.24,0.99,0.35,1013.3,16.7,-27.9,14.4,7.22,0,0.00
124.147,-0.13,-0.30,7.56,0.65,0.80,0.44,1013.2,16.6,-35.2,14.4,7.22,0,0.00
124.221,-1.91,-0.68,7.53,0.08,0.52,0.23,1013.8,16.6,-18.4,14.4,7.22,0,0.00
124.319,4.76,0.12,9.31,-0.24,-1.18,-0.14,1013.1,16.6,-24.7,14.4,7.22,0,0.00
124.416,5.80,-0.27,11.85,-0.20,-1.28,0.15,1013.6,16.6,14.2,14.5,6.75,0,17.37
124.529,0.58,-1.13,6.94,-0.02,0.03,0.27,1013.8,16.6,-27.9,14.4,6.75,0,0.00
124.627,2.40,-1.71,12.87,-0.10,-0.84,0.32,1013.5,16.6,-37.4,14.4,6.75,0,0.00
124.724,2.32,-2.31,12.33,0.21,-0.24,0.02,1013.4,16.8,-34.2,14.4,6.75,0,0.00
124.821,1.37,-1.81,11.86,-0.34,0.12,0.16,1013.5,16.7,-37.4,14.4,6.75,0,0.00
124.918,1.89,-1.18,9.56,0.09,-0.38,0.04,1014.0,16.7,-37.4,14.4,6.75,0,0.00
125.031,-2.26,-0.92,8.92,-0.10,0.28,0.01,1013.7,16.7,-35.2,14.4,6.75,0,0.00
125.105,-0.13,0.74,9.67,0.22,-0.07,0.07,1013.7,16.7,-35.2,14.4,6.75,0,0.00
125.214,-0.76,0.02,10.17,0.18,0.03,-0.02,1013.6,16.8,-35.2,14.4,6.75,0,0.00
125.312,-0.44,1.16,10.13,0.19,0.00,-0.01,1013.5,16.6,-37.4,14.4,6.75,0,0.00
125.409,-1.34,0.65,11.03,0.00,0.05,0.01,1013.7,16.7,-32.1,14.4,6.68,0,0.00
125.506,-4.73,-0.56,8.71,-0.71,-0.18,0.09,1013.3,16.9,-32.1,14.4,6.68,0,0.00
125.619,3.81,2.06,5.77,0.32,-0.08,-0.20,1013.3,16.6,-34.2,14.4,6.68,0,0.00
125.716,0.21,-2.54,10.66,-0.68,0.14,-0.10,1013.8,16.6,-32.1,14.4,6.68,0,0.00
125.813,2.15,-0.01,12.73,-0.24,-0.18,-0.09,1013.4,16.4,-32.1,14.4,6.68,0,0.00
125.910,5.81,-0.87,9.38,-0.39,-0.07,0.44,1013.4,16.7,-34.2,14.4,6.68,0,0.00
126.007,0.82,1.87,13.58,0.14,0.19,0.17,1013.2,16.7,-31.0,14.4,6.68,0,0.00
126.120,1.90,0.48,10.30,0.26,0.02,0.37,1013.1,16.6,-28.9,14.4,6.68,0,0.00
126.217,1.49,-0.06,9.76,0.17,-0.04,0.22,1013.4,16.6,-28.9,14.4,6.68,0,0.00
126.355,1.47,0.06,9.76,0.18,0.01,0.17,1013.8,16.6,-35.2,14.4,6.68,0,0.00
126.405,1.50,0.42,9.67,0.23,0.00,0.09,1013.3,16.8,-35.2,14.4,6.68,0,0.00
126.526,1.86,1.78,9.68,0.20,-0.01,0.05,1013.9,16.6,-37.4,14.4,6.68,0,0.00
126.615,1.48,1.07,9.79,0.10,0.01,0.02,1013.5,16.7,-34.2,14.4,6.68,0,0.00
126.712,2.12,1.41,9.66,-0.17,-0.02,-0.06,1013.6,16.6,-37.4,14.4,6.68,0,0.00
126.809,1.81,0.05,10.09,0.10,-0.06,-0.34,1013.7,16.6,-35.2,14.4,6.68,0,0.00
126.906,1.49,2.23,9.96,0.06,-0.02,-0.45,1013.5,16.6,-34.2,14.4,6.68,0,0.00
127.027,2.14,0.23,10.13,-0.20,-0.16,-0.53,1013.6,16.6,-34.2,14.4,6.68,0,0.00
127.116,1.07,0.67,12.68,-0.24,-0.11,-0.54,1013.5,16.8,-34.2,14.4,6.68,0,0.00
127.213,1.37,-0.93,11.63,-0.63,-0.10,-0.63,1013.0,16.6,-32.1,14.4,6.68,0,0.00
127.310,0.78,2.59,6.90,0.11,-0.09,-0.61,1013.8,16.6,-32.1,14.4,6.68,0,0.00
127.419,1.09,0.78,11.08,-0.53,0.03,-0.55,1013.5,16.7,-31.0,14.4,0.15,0,0.00
127.517,-1.50,-1.71,9.74,-1.01,0.11,-0.40,1013.8,16.6,-34.2,14.4,0.15,0,0.00
127.607,1.78,-0.32,8.51,-0.01,-0.01,-0.61,1013.6,16.7,-37.4,14.4,0.15,0,0.00
127.728,0.38,3.27,8.27,-0.79,-0.03,-0.56,1013.6,16.5,-19.5,14.4,0.15,0,0.00
127.825,2.50,0.45,9.62,0.11,-0.38,-0.81,1013.4,16.6,-24.7,14.4,0.15,0,0.00
127.922,-0.02,-1.81,9.92,-0.70,0.13,-0.64,1013.3,16.5,-15.3,14.4,0.15,0,0.00
128.019,0.65,2.22,11.07,0.75,0.01,-0.75,1013.5,16.6,-18.4,14.4,0.15,0,0.00
128.109,0.85,1.40,11.12,-0.15,0.04,-0.81,1013.5,16.6,-34.2,14.4,0.15,0,0.00
128.206,0.56,-0.14,8.36,0.58,0.06,-0.52,1013.4,16.6,-38.4,14.4,0.15,0,0.00
128.327,0.24,-0.81,9.12,-0.16,-0.06,-0.46,1013.5,16.8,-37.4,14.4,0.15,0,0.00
128.424,2.06,0.13,10.03,0.17,0.02,-0.55,1013.5,16.7,-38.4,14.4,0.15,0,0.00
128.555,1.56,1.89,9.82,0.35,-0.11,-0.62,1013.4,16.6,-35.2,14.4,0.15,0,0.00
128.622,0.17,0.54,9.06,-0.12,0.01,-0.44,1013.2,16.6,-38.4,14.4,0.15,0,0.00
128.719,0.45,-0.08,8.81,-0.01,-0.02,-0.42,1013.4,16.6,-40.5,14.4,0.15,0,0.00
128.816,0.55,-0.39,9.35,-0.20,-0.01,-0.49,1013.4,16.7,-34.2,14.4,0.15,0,0.00
128.913,-0.64,0.25,7.71,0.01,0.16,-0.54,1013.6,16.6,-37.4,14.4,0.15,0,0.00
129.010,0.84,0.42,9.99,-0.08,-0.01,-0.50,1013.2,16.6,-40.5,14.4,0.15,0,0.00
129.124,0.60,-0.45,10.81,-0.16,-0.02,-0.47,1013.2,16.6,-37.4,14.4,0.15,0,0.00
129.221,1.74,0.10,9.04,-0.03,0.04,-0.56,1013.8,16.6,-40.5,14.4,0.15,0,0.00
129.318,1.19,-0.23,8.92,-0.01,-0.06,-0.69,1013.7,16.6,-38.4,14.4,0.15,0,0.00
129.415,1.11,0.25,8.66,-0.19,0.06,-0.74,1013.2,16.7,-37.4,14.4,0.15,0,0.00
129.512,0.76,-1.81,8.32,-0.30,0.21,-0.97,1013.3,16.6,-50.0,14.4,0.15,0,0.00
129.637,-0.80,0.95,12.10,0.27,0.16,-1.08,1013.0,16.7,-38.4,14.4,0.15,0,0.00
129.711,1.60,-1.13,11.29,-0.84,0.19,-0.99,1013.3,16.7,-38.4,14.4,0.15,0,0.00
129.808,1.37,1.94,8.85,0.34,-0.05,-0.71,1013.7,16.7,-43.7,14.4,0.15,0,0.00
129.905,-0.22,0.17,10.12,-0.03,0.09,-0.43,1013.3,16.6,-40.5,14.4,0.15,0,0.00
130.026,0.62,1.32,10.47,-0.00,0.06,-0.31,1013.7,16.7,-37.4,14.4,0.15,0,0.00
130.116,-1.38,-2.82,9.81,-0.41,0.08,-0.46,1013.4,16.7,-37.4,14.4,0.15,0,0.00
130.214,0.72,2.09,9.69,0.26,-0.08,-0.40,1013.6,16.6,-37.4,14.4,0.15,0,0.00
130.311,-0.83,-1.32,9.71,-0.39,-0.01,-0.27,1013.5,16.8,-41.6,14.4,0.15,0,0.00
130.408,1.43,0.32,10.22,0.16,-0.06,-0.30,1013.3,16.5,-44.7,14.4,0.15,0,0.00
130.505,-1.37,-1.19,9.38,-0.12,-0.03,-0.25,1013.5,16.6,-34.2,14.4,0.15,0,0.00
130.618,0.66,0.02,10.01,0.41,-0.02,-0.43,1013.8,16.6,-41.6,14.4,0.15,0,0.00
130.729,0.13,-0.21,10.88,0.26,0.01,-0.43,1013.3,16.7,-40.5,14.4,0.15,0,0.00
130.826,-0.05,2.12,10.17,0.06,0.01,-0.17,1013.7,16.8,-37.4,14.4,0.15,0,0.00
130.923,-0.51,-1.35,10.07,0.02,-0.05,-0.30,1013.8,16.7,-46.8,14.4,0.15,0,0.00
131.020,1.29,-1.10,9.86,0.05,-0.08,-0.46,1013.7,16.6,-47.9,14.4,0.15,0,0.00
131.134,0.67,3.04,9.53,0.69,-0.23,-0.66,1013.7,16.6,-41.6,14.4,0.15,0,0.00
131.208,-0.11,2.14,9.99,0.37,-0.12,-0.54,1013.5,16.7,-37.4,14.4,0.15,0,0.00
131.305,0.91,1.02,9.72,0.13,-0.12,-0.45,1013.4,16.7,-41.6,14.4,0.15,0,0.00
131.426,1.73,0.33,9.05,-0.04,-0.21,-0.87,1013.5,16.6,-34.2,14.4,0.00,0,0.00
131.524,0.13,1.46,9.94,-0.15,-0.03,-0.89,1013.1,16.6,-38.4,14.4,0.00,0,0.00
131.637,0.37,-0.31,9.60,-0.72,-0.06,-0.96,1013.7,16.7,-38.4,14.4,0.00,0,0.00
131.711,0.67,2.73,10.40,-0.03,-0.24,-0.89,1013.3,16.6,-37.4,14.4,0.00,0,0.00
131.846,3.20,-1.18,10.35,0.25,0.21,-0.84,1013.7,16.7,-41.6,14.4,0.00,0,0.00
131.920,1.35,-2.98,11.88,-1.55,-0.15,-0.79,1013.4,16.7,-46.8,14.4,0.00,0,0.00
132.017,-9.94,12.29,7.27,2.22,0.12,-0.14,1013.7,16.6,-40.5,14.4,0.00,0,0.00
132.114,2.72,-0.24,10.56,-0.84,-0.28,-0.37,1013.5,16.6,-43.7,14.4,0.00,0,0.00
132.228,1.86,1.91,10.30,0.26,-0.02,-0.15,1013.7,16.8,-38.4,14.4,0.00,0,0.00
132.326,-1.48,-0.85,7.28,-0.25,0.27,-0.20,1013.6,16.7,-44.7,14.4,0.00,0,0.00
132.423,2.87,-1.12,9.33,0.42,-0.04,-0.39,1013.9,16.5,-34.2,14.4,0.00,0,0.00
132.521,-1.19,1.16,10.10,-0.03,0.26,-0.15,1013.7,16.6,-38.4,14.4,0.00,0,0.00
132.618,1.52,0.93,10.46,-0.08,0.10,-0.07,1013.8,16.7,-40.5,14.4,0.00,0,0.00
132.708,-0.64,-1.20,7.73,0.03,-0.34,-0.15,1013.7,16.6,-40.5,14.4,0.00,0,0.00
132.805,5.08,0.67,12.95,0.20,-0.15,-0.13,1013.3,16.6,-43.7,14.4,0.00,0,0.00
132.914,6.32,2.32,9.35,0.75,-0.41,-0.24,1013.4,16.8,-41.6,14.4,0.00,0,0.00
133.012,3.85,0.00,9.66,0.36,0.00,-0.14,1013.7,16.8,-35.2,14.4,0.00,0,0.00
133.109,3.55,-2.21,10.54,-0.99,-0.28,0.39,1013.0,16.7,-37.4,14.4,0.00,0,0.00
133.223,-3.39,-2.54,8.77,-1.10,-0.10,0.14,1013.8,16.6,-37.4,14.4,0.00,0,0.00
133.320,-2.25,2.04,1.97,-2.03,-0.74,0.30,1013.3,16.6,-40.5,14.4,0.00,0,0.00
133.417,7.46,-0.73,10.17,1.37,-0.57,-0.40,1013.5,16.6,-35.2,14.4,0.00,0,0.00
133.514,2.11,-2.65,16.58,-1.56,-0.15,0.31,1013.3,16.8,-40.5,14.4,0.00,0,0.00
133.611,1.16,4.77,13.43,-0.54,0.87,0.18,1013.0,16.8,-37.4,14.4,0.00,0,0.00
133.725,-1.19,2.97,11.45,1.30,-1.37,0.37,1013.5,16.5,-35.2,14.4,0.00,0,0.00
133.822,1.22,-1.65,9.05,0.27,0.26,-0.55,1013.3,16.6,-41.6,14.4,0.00,0,0.00
133.919,6.50,-1.30,13.50,-1.16,-2.19,0.09,1013.2,16.6,-40.5,14.4,0.00,0,0.00
134.028,5.08,-0.05,13.53,-0.60,-0.19,0.06,1013.5,16.7,-47.9,14.4,0.00,0,0.00
134.126,5.86,1.20,10.66,0.12,0.09,-0.14,1013.1,16.5,-54.2,14.4,0.00,0,0.00
134.216,0.36,-0.11,14.36,0.03,-0.17,0.03,1013.4,16.6,-34.2,14.4,0.00,0,0.00
134.313,-0.23,-1.08,15.42,0.20,0.67,-0.12,1013.6,16.5,-37.4,14.4,0.00,0,0.00
134.410,3.06,1.17,5.81,-0.16,-0.84,0.16,1013.6,16.5,-40.5,14.4,0.00,0,0.00
134.507,3.20,1.10,17.05,-0.38,0.22,0.24,1013.3,16.6,-40.5,14.4,0.00,0,0.00
134.628,3.24,-1.35,10.81,0.34,-0.41,0.39,1013.2,16.8,-38.4,14.4,0.00,0,0.00
134.718,-0.15,1.18,7.68,0.67,-0.27,0.26,1013.5,16.5,-41.6,14.4,0.00,0,0.00
134.815,1.02,2.49,6.18,0.39,0.08,0.60,1013.7,16.7,-38.4,14.4,0.00,0,0.00
134.912,0.92,1.35,10.90,0.31,0.58,0.40,1013.5,16.6,-34.2,14.4,0.00,0,0.00
135.121,4.58,-0.84,9.09,-0.28,-0.70,0.64,1013.4,16.6,-47.9,14.4,0.00,0,0.00
135.236,-0.05,-0.39,21.27,-0.83,-1.37,0.11,1013.1,16.6,-38.4,14.4,0.00,0,0.00
135.333,3.73,6.03,10.63,1.13,-0.45,0.30,1013.5,16.6,-43.7,14.4,0.00,0,0.00
135.430,3.22,0.21,10.82,1.14,-0.67,0.15,1013.7,16.7,-40.5,14.4,0.00,0,0.00
135.528,5.70,-0.94,8.18,0.14,-0.43,0.27,1013.7,16.8,-71.0,14.4,0.00,0,0.00
135.625,3.44,-1.41,6.55,0.40,-0.50,0.17,1013.8,16.6,-71.0,14.4,0.00,0,0.00
135.739,1.61,0.06,6.45,0.45,0.28,-0.36,1013.4,16.6,-38.4,14.4,0.00,0,0.00
135.836,6.33,-1.87,16.33,-0.22,-0.05,0.08,1013.2,16.7,-38.4,14.4,0.00,0,0.00
135.933,4.35,2.05,12.35,0.25,0.93,-0.09,1014.0,16.6,-38.4,14.4,0.00,0,0.00
136.030,2.45,-2.34,16.88,0.20,0.32,-0.16,1013.9,16.6,-35.2,14.4,0.00,0,0.00
136.128,2.87,-2.74,8.70,-1.26,-1.21,-0.17,1013.5,16.7,-38.4,14.4,0.00,0,0.00
136.229,11.55,0.84,13.48,-1.09,-1.58,-0.01,1013.5,16.6,-34.2,14.4,0.00,0,0.00
136.327,-7.62,-0.12,5.04,-0.48,-1.86,0.04,1012.9,16.5,-35.2,14.4,0.00,0,0.00
136.424,3.40,-0.42,13.10,0.42,0.98,-0.21,1013.6,16.6,-35.2,14.4,0.00,0,0.00
136.522,-0.47,1.20,2.24,-0.36,0.11,-0.33,1013.3,16.7,-38.4,14.4,0.00,0,0.00
136.643,0.53,0.28,9.28,0.77,1.26,-0.45,1013.7,16.6,-38.4,14.4,0.00,0,0.00
136.732,5.32,-2.71,10.69,-0.31,-0.46,-0.52,1013.2,16.6,-41.6,14.4,0.00,0,0.00
136.830,0.84,0.32,7.76,-0.63,0.18,-0.21,1013.6,16.5,-37.4,14.4,0.00,37,0.00
136.928,10.18,4.62,12.68,0.75,1.09,-0.27,1013.6,16.8,-41.6,14.4,0.00,37,0.00
137.025,4.28,-1.17,12.51,0.10,-1.20,-0.14,1013.6,16.7,-41.6,14.4,0.00,37,0.00
137.122,5.93,-3.61,7.19,1.63,-0.19,-0.86,1013.5,16.6,-38.4,14.4,0.00,37,0.00
137.271,9.01,8.24,7.47,-0.11,-0.16,0.14,1013.5,16.5,-40.5,14.4,0.00,37,0.00
137.321,5.16,-2.86,11.52,-0.84,0.21,-0.10,1013.3,16.6,-35.2,14.4,0.00,37,0.00
137.442,-5.89,-3.38,14.37,-0.74,0.92,0.04,1013.0,16.6,-38.4,14.4,0.00,37,0.00
137.540,2.96,0.00,3.94,0.28,0.35,-0.35,1013.4,16.6,-38.4,14.4,0.00,37,0.00
137.637,-1.10,2.31,0.35,0.81,0.66,-0.29,1013.3,16.6,-37.4,14.4,0.00,37,0.00
137.750,2.28,-0.94,0.23,0.02,-0.23,-0.17,1013.5,16.5,-38.4,14.4,0.00,37,0.00
137.824,-1.70,1.55,-1.24,0.21,0.42,-0.19,1013.7,16.6,-35.2,14.4,0.00,49,0.00
137.922,6.35,-0.95,13.03,0.33,-0.34,0.04,1013.2,16.6,-41.6,14.4,0.00,49,0.00
138.043,-6.44,0.74,-9.49,0.03,1.02,0.15,1013.7,16.5,-38.4,14.4,0.00,49,0.00
138.140,3.85,4.24,4.48,0.25,1.29,0.19,1013.6,16.5,-43.7,14.4,0.00,49,0.00
138.253,2.20,1.92,14.97,0.54,1.56,0.34,1014.0,16.6,-40.5,14.4,0.00,49,0.00
138.389,-5.66,2.07,1.66,0.18,1.33,0.51,1013.1,16.6,-37.4,14.4,0.00,49,0.00
138.439,6.87,-2.49,9.43,0.08,-0.90,0.15,1012.9,16.7,-37.4,14.4,0.12,49,0.00
138.537,-1.63,2.09,17.79,0.30,-1.50,0.58,1013.1,16.5,-40.5,14.4,0.12,49,0.00
138.634,-0.22,-0.68,15.66,0.55,0.18,0.04,1013.5,16.5,-37.4,14.4,0.12,49,0.00
138.731,-1.94,-3.06,1.72,0.13,-0.61,0.01,1013.8,16.5,-35.2,14.4,0.12,49,0.00
138.821,4.01,-1.30,13.46,0.25,0.76,-0.09,1013.4,16.6,-40.5,14.4,0.12,91,0.00
138.943,-5.34,4.66,-4.85,1.13,1.71,0.54,1013.9,16.6,-40.5,14.4,0.12,91,0.00
139.040,4.55,-0.79,12.67,0.28,-0.44,-0.31,1013.5,16.6,-35.2,14.4,0.12,91,0.00
139.137,9.46,1.13,15.58,0.67,1.03,-0.35,1013.3,16.6,-32.1,14.4,0.12,91,0.00
139.234,10.19,1.99,18.32,0.63,-1.13,-0.05,1013.4,16.6,-32.1,14.4,0.12,91,0.00
139.324,7.29,2.74,16.15,0.62,-0.54,-0.19,1013.7,16.4,-35.2,14.4,0.12,91,0.00
139.459,-5.13,-2.84,6.34,1.17,-0.32,-0.10,1013.6,16.4,-38.4,14.4,0.12,91,0.00
139.533,3.65,0.32,8.32,-0.25,0.32,-0.25,1013.8,16.5,-37.4,14.4,0.12,91,0.00
139.630,2.02,-0.01,9.32,-0.99,0.18,-0.28,1013.3,16.6,-73.1,14.4,0.12,91,0.00
139.727,7.78,-4.87,16.31,-0.87,0.45,-0.16,1013.0,16.6,-98.4,14.4,0.12,91,0.00
139.841,-4.33,-1.08,13.24,0.46,-0.54,0.06,1013.4,16.4,-46.8,14.4,0.12,100,0.00
139.939,0.02,-0.34,12.15,-0.39,0.15,-0.06,1013.4,16.7,-41.6,14.4,0.12,100,0.00
140.036,-4.25,-0.60,-1.95,-0.66,1.05,-0.36,1013.4,16.7,-41.6,14.4,0.12,100,0.00
140.133,1.16,-0.01,0.90,0.71,-0.10,-0.14,1013.5,16.6,-35.2,14.4,0.12,100,0.00
140.230,7.62,3.50,14.45,1.27,1.28,-0.16,1013.6,16.6,-35.2,14.4,0.12,100,0.00
140.321,-2.05,-0.93,1.79,-0.72,-0.84,0.45,1013.9,16.7,-35.2,14.4,0.12,100,0.00
140.442,3.64,-2.78,4.98,0.82,0.31,0.04,1013.6,16.7,-35.2,14.4,6.45,100,0.00
140.599,-2.25,4.35,6.61,-0.78,-1.61,0.26,1013.5,16.6,-37.4,14.4,6.45,100,0.00
140.624,7.44,2.28,10.80,-0.68,1.64,0.08,1013.6,16.7,-37.4,14.4,6.45,100,0.00
140.722,7.61,1.19,12.79,0.88,0.38,0.11,1013.8,16.8,-35.2,14.4,6.45,100,0.00
140.837,1.20,-0.81,12.33,-0.10,-0.76,0.24,1013.2,16.7,-41.6,14.4,6.45,75,0.00
140.935,3.75,-1.44,18.09,0.23,-0.92,0.20,1013.4,16.7,-40.5,14.4,6.45,75,0.00
141.032,4.87,-0.75,0.50,0.67,0.54,-0.04,1013.6,16.7,-43.7,14.4,6.45,75,0.00
141.129,-3.75,2.98,4.36,0.51,1.31,0.10,1013.5,16.5,-40.5,14.4,6.45,75,0.00
141.226,5.65,-1.88,8.69,-0.59,-0.45,0.19,1013.5,16.6,-46.8,14.4,6.45,75,0.00
141.340,5.74,-1.31,13.53,0.06,1.15,0.04,1013.3,16.7,-35.2,14.4,6.45,75,0.00
141.437,2.72,0.46,6.86,-0.29,-0.83,0.15,1013.2,16.8,-38.4,14.4,6.81,75,0.00
141.535,1.78,-1.53,17.48,-0.27,-0.93,0.16,1013.7,16.6,-38.4,14.4,6.81,75,0.00
141.667,0.96,-2.81,13.74,0.21,0.10,0.03,1013.6,16.6,-37.4,14.4,6.81,75,0.00
141.741,1.70,0.76,14.12,-0.46,-0.50,0.45,1013.3,16.6,-41.6,14.4,6.81,75,0.00
141.830,5.40,-0.41,7.45,0.72,-1.65,0.11,1013.2,16.6,-40.5,14.4,6.81,76,0.00
141.928,-4.03,-1.97,8.82,-0.24,0.15,0.05,1013.9,16.6,-38.4,14.4,6.81,76,0.00
142.025,4.66,-1.15,10.18,0.10,0.99,-0.02,1013.7,16.6,-37.4,14.4,6.81,76,0.00
142.122,-2.32,-2.01,15.46,1.32,1.98,0.29,1013.5,16.6,-40.5,14.4,6.81,76,0.00
142.243,-3.21,-1.18,5.37,0.01,-0.12,-0.21,1013.5,16.6,-37.4,14.4,6.81,76,0.00
142.332,8.34,2.16,12.31,-0.36,-0.63,-0.06,1012.8,16.5,-41.6,14.4,6.81,76,0.00
142.430,3.97,0.54,6.39,-0.25,0.12,-0.19,1013.2,16.6,-40.5,14.4,7.21,76,0.00
142.528,7.30,-0.87,13.87,-0.38,-0.73,0.02,1013.4,16.6,-40.5,14.4,7.21,76,0.00
142.625,-3.20,0.20,4.19,-1.30,-0.53,-0.29,1013.1,16.4,-37.4,14.4,7.21,76,0.00
142.733,3.09,0.56,3.07,-0.12,-0.56,0.13,1013.5,16.6,-40.5,14.4,7.21,76,0.00
142.847,8.84,2.30,23.35,0.19,-1.70,0.16,1012.9,16.5,-37.4,14.4,7.21,81,0.00
142.921,4.88,-0.33,17.93,-0.42,-0.76,-0.01,1013.6,16.6,-41.6,14.4,7.21,81,0.00
143.042,-0.43,0.05,-4.69,0.16,-0.38,0.05,1013.3,16.5,-43.7,14.4,7.21,81,0.00
143.139,0.48,2.10,3.83,0.15,-0.36,0.12,1013.6,16.6,-32.1,14.4,7.21,81,0.00
143.236,-0.68,1.57,9.98,0.08,-0.65,0.07,1013.7,16.5,-37.4,14.4,7.21,81,0.00
143.349,1.09,1.13,9.41,-1.25,1.78,0.04,1013.3,16.6,-40.5,14.4,7.21,81,0.00
143.423,0.28,2.50,14.97,0.01,1.17,0.10,1013.4,16.6,-38.4,14.4,7.56,81,0.00
143.521,-3.88,-1.91,14.12,-0.20,0.44,0.12,1013.6,16.6,-43.7,14.4,7.56,81,0.00
143.642,2.08,2.83,9.70,0.59,0.65,-0.29,1013.5,16.5,-41.6,14.4,7.56,81,0.00
143.739,4.15,2.36,15.74,2.35,0.51,-0.04,1013.2,16.4,-40.5,14.4,7.56,81,0.00
143.874,-1.76,-1.64,30.25,1.60,0.77,-0.09,1013.6,16.6,-40.5,14.4,7.56,35,0.00
143.941,0.27,-4.82,10.17,-1.18,-0.43,-0.14,1013.6,16.5,-37.4,14.4,7.56,35,0.00
144.038,3.17,-2.38,1.36,-1.27,-0.77,0.01,1013.9,16.6,-40.5,14.4,7.56,35,0.00
144.135,-1.92,0.48,7.53,1.26,-0.48,-0.19,1013.7,16.6,-41.6,14.4,7.56,35,0.00
144.232,0.78,-2.18,12.52,-0.27,0.16,-0.06,1013.9,16.4,-43.7,14.4,7.56,35,0.00
144.329,0.84,3.55,1.35,0.26,1.84,0.22,1013.5,16.4,-41.6,14.4,7.56,35,0.00
144.443,8.50,1.73,5.57,0.90,-0.74,0.18,1013.2,16.6,-41.6,14.4,8.33,35,0.00
144.541,1.21,-0.12,20.04,0.39,1.04,0.21,1013.3,16.6,-35.2,14.4,8.33,35,0.00
144.638,-1.91,2.40,3.60,-0.20,1.32,0.06,1013.7,16.4,-34.2,14.4,8.33,35,0.00
144.735,-2.92,-1.40,11.75,-0.33,0.75,0.05,1013.4,16.6,-35.2,14.4,8.33,35,0.00
144.832,0.68,7.74,11.98,0.53,-0.66,0.23,1014.0,16.6,-28.9,14.4,8.33,52,0.00
144.958,6.82,1.86,19.39,1.18,-0.09,0.34,1013.4,16.4,-34.2,14.4,8.33,52,0.00
145.032,-3.69,-1.55,11.04,-0.17,0.16,0.14,1013.7,16.6,-35.2,14.4,8.33,52,0.00
145.129,0.97,-2.54,18.92,-0.21,0.44,0.20,1013.4,16.4,-38.4,14.4,8.33,52,0.00
145.226,9.35,1.61,9.04,0.51,-0.06,0.06,1013.8,16.6,-40.5,14.4,8.33,52,0.00
145.323,9.18,2.76,12.10,-0.02,-0.16,0.09,1013.8,16.6,-35.2,14.4,8.33,52,0.00
145.436,2.78,-0.90,17.21,1.19,-0.27,-0.05,1013.5,16.6,-43.7,14.4,8.33,52,0.00
145.534,5.06,0.56,13.42,0.07,-0.65,-0.36,1013.6,16.6,-41.6,14.4,8.33,52,0.00
145.631,0.56,-2.78,11.68,-0.84,-0.53,-0.25,1013.4,16.4,-34.2,14.4,8.33,70,0.00
145.729,0.23,-1.50,12.93,-0.72,0.05,-0.22,1013.3,16.6,-37.4,14.4,8.33,70,0.00
145.826,-0.68,2.08,17.60,0.18,-1.53,-0.05,1013.3,16.5,-43.7,14.4,8.33,70,0.00
145.939,1.91,1.55,3.64,0.55,-0.58,0.13,1013.5,16.5,-44.7,14.4,8.33,70,0.00
146.024,0.83,1.78,7.03,0.43,-0.02,0.08,1013.9,16.5,-41.6,14.4,8.33,70,0.00
146.122,1.51,-2.35,17.42,0.24,-0.18,0.11,1013.8,16.5,-34.2,14.4,8.33,70,0.00
146.243,-4.54,-3.33,10.02,-1.07,0.06,0.27,1013.6,16.7,-28.9,14.4,8.33,70,0.00
146.340,2.02,0.36,11.18,-0.07,-0.15,-0.14,1013.5,16.4,-43.7,14.4,8.33,70,0.00
146.453,-3.16,-0.88,11.32,-1.15,-0.19,0.09,1013.5,16.5,-37.4,14.4,8.88,70,0.00
146.527,-1.39,-0.32,8.37,1.57,-0.95,0.02,1012.8,16.5,-46.8,14.4,8.88,70,0.00
146.624,4.39,0.73,8.09,0.66,-0.60,0.07,1013.6,16.6,-47.9,14.4,8.88,44,0.00
146.722,1.64,1.38,5.18,-0.75,-0.31,0.28,1013.2,16.6,-43.7,14.4,8.88,44,0.00
146.843,9.20,-0.49,13.77,-0.06,-0.05,0.14,1013.9,16.6,-35.2,14.4,8.88,44,0.00
146.956,1.43,-0.75,8.25,0.11,-0.18,0.09,1013.7,16.5,-22.6,14.4,8.88,44,0.00
147.030,-7.18,-2.79,14.42,-0.06,0.15,-0.02,1013.3,16.4,-3.7,14.4,8.88,44,0.00
147.173,-2.15,-1.78,12.61,-0.19,0.55,-0.03,1013.5,16.5,-43.7,14.4,8.88,44,0.00
147.223,-1.92,-2.12,6.84,-0.21,0.27,-0.18,1013.5,16.4,-35.2,14.4,8.88,44,0.00
147.344,-2.99,-0.75,11.17,-0.28,0.09,0.03,1013.5,16.6,-27.9,14.4,8.88,44,0.00
147.457,5.83,1.96,16.74,0.13,-1.05,0.20,1013.6,16.6,-37.4,14.4,9.24,44,0.00
147.531,7.42,-0.68,17.99,0.07,-1.21,-0.01,1013.5,16.6,-37.4,14.4,9.24,44,0.00
147.628,4.45,-2.00,4.81,-0.44,-0.20,0.10,1013.3,16.5,-37.4,14.4,9.24,42,0.00
147.726,-0.50,-1.70,17.09,-0.03,-0.76,0.08,1013.6,16.7,-40.5,14.4,9.24,42,0.00
147.823,4.85,-0.80,8.80,-0.19,0.48,-0.17,1013.4,16.5,-60.5,14.4,9.24,42,0.00
147.960,4.40,4.38,4.62,0.30,0.23,-0.04,1013.1,16.5,-47.9,14.4,9.24,42,0.00
148.034,8.00,5.66,6.15,0.53,0.25,-0.09,1013.5,16.7,-31.0,14.4,9.24,42,0.00
148.131,2.41,-1.21,8.62,-0.38,-0.06,0.20,1013.3,16.6,-35.2,14.4,9.24,42,0.00
148.260,2.41,2.96,17.87,-0.06,0.78,0.26,1013.4,16.7,-40.5,14.4,9.24,42,0.00
148.334,-4.63,-6.42,12.73,-0.68,-0.01,0.10,1013.3,16.6,-37.4,14.4,9.24,42,0.00
148.431,5.09,-3.99,10.94,-1.39,0.04,0.38,1013.8,16.6,-37.4,14.4,9.72,42,0.00
148.522,-0.65,4.05,8.36,1.56,0.08,-0.34,1013.5,16.6,-37.4,14.4,9.72,42,0.00
148.643,7.75,-0.08,12.73,-0.35,-0.04,-0.12,1013.8,16.7,-10.0,14.4,9.72,30,0.00
148.741,-1.69,-0.79,16.52,0.44,0.59,0.02,1013.5,16.5,-28.9,14.4,9.72,30,0.00
148.838,1.41,-0.57,8.19,-0.04,-0.48,0.08,1013.3,16.6,-28.9,14.4,9.72,30,0.00
148.935,11.15,2.36,10.22,-0.36,-0.46,0.36,1013.1,16.7,-40.5,14.4,9.72,30,0.00
149.025,-2.73,-5.74,21.90,0.71,-0.34,0.02,1013.0,16.6,-37.4,14.4,9.72,30,0.00
149.122,1.26,2.78,4.51,1.44,0.61,-0.20,1013.4,16.7,-41.6,14.4,9.72,30,0.00
149.243,2.02,0.69,7.54,0.62,-0.17,-0.04,1013.2,16.7,-47.9,14.4,9.72,30,0.00
149.403,0.44,2.33,8.60,0.09,0.15,-0.29,1013.6,16.4,-46.8,14.4,10.22,30,0.00
149.428,-2.03,0.21,7.26,0.16,-0.14,-0.26,1013.6,16.4,-50.0,14.4,10.22,30,0.00
149.544,-1.55,-0.11,13.92,0.23,0.69,0.01,1013.7,16.8,-47.9,14.4,10.22,30,0.00
149.641,0.44,1.46,10.14,0.04,0.22,-0.13,1013.3,16.6,-41.6,14.4,10.22,26,0.00
149.739,-2.79,-0.97,10.64,-0.08,0.09,-0.03,1013.5,16.6,-43.7,14.4,10.22,26,0.00
149.836,4.42,-5.01,17.29,-0.65,-0.77,0.11,1013.1,16.8,-43.7,14.4,10.22,26,0.00
149.933,-2.25,7.19,10.15,1.53,0.14,-0.17,1013.6,16.8,-44.7,14.4,10.22,26,0.00
150.024,-0.60,2.36,-0.90,1.11,0.90,-0.16,1013.6,16.6,-44.7,14.4,10.22,26,0.00
150.121,-0.99,2.61,14.47,0.08,1.86,0.12,1013.3,16.6,-41.6,14.4,10.22,26,0.00
150.242,-6.24,3.12,-3.16,-0.30,-1.66,0.15,1013.8,16.7,-38.4,14.4,10.22,26,0.00
150.339,-3.41,-2.62,1.16,0.26,0.96,0.29,1013.4,16.7,-40.5,14.4,10.22,26,0.00
150.471,-2.11,-1.36,9.90,0.96,-0.69,0.12,1013.0,16.7,-41.6,14.4,10.66,26,0.00
150.538,-1.94,4.50,8.25,-0.76,0.34,0.49,1013.6,16.7,-44.7,14.4,10.66,26,0.00
150.635,1.37,0.90,19.31,0.98,-0.06,-0.10,1013.7,16.6,-40.5,14.4,10.66,27,0.00
150.733,-2.87,-4.06,10.76,-0.80,0.19,-0.13,1013.2,16.6,-44.7,14.4,10.66,27,0.00
150.830,-4.47,0.20,6.38,-0.12,0.27,-0.01,1013.3,16.7,-44.7,14.4,10.66,27,0.00
150.927,8.07,2.77,28.09,0.31,-0.89,0.03,1013.9,16.6,-44.7,14.4,10.66,27,0.00
151.041,6.27,0.41,7.51,-0.09,-0.54,-0.09,1013.8,16.8,-44.7,14.4,10.66,27,0.00
151.138,-7.77,1.88,7.65,0.10,1.64,-0.04,1013.7,16.7,-44.7,14.4,10.66,27,0.00
151.235,6.44,3.01,0.06,0.69,0.01,-0.38,1013.3,16.6,-47.9,14.4,10.66,27,0.00
151.332,1.65,-2.15,3.77,-0.39,-0.55,-0.11,1013.4,16.6,-46.8,14.4,10.66,27,0.00
151.429,-2.94,-1.51,11.99,-1.15,0.57,0.19,1013.6,16.6,-40.5,14.4,11.17,27,0.00
151.554,4.65,-0.75,10.07,0.02,0.21,0.37,1013.5,16.7,-43.7,14.4,11.17,27,0.00
151.628,6.07,0.08,13.04,0.16,-0.50,0.22,1013.6,16.7,-41.6,14.4,11.17,23,0.00
151.726,-3.35,-0.99,9.13,-0.69,0.11,0.40,1013.6,16.8,-46.8,14.4,11.17,23,0.00
151.823,6.97,2.43,9.33,0.46,0.19,0.34,1013.4,16.6,-43.7,14.4,11.17,23,0.00
151.944,-2.33,1.28,9.04,-0.07,0.68,0.43,1013.5,16.6,-43.7,14.4,11.17,23,0.00
152.033,0.77,-3.09,9.39,1.02,0.08,-0.33,1013.6,16.6,-41.6,14.4,11.17,23,0.00
152.131,5.44,-6.15,14.92,-0.70,-1.25,-0.48,1013.6,16.6,-41.6,14.4,11.17,23,0.00
152.228,0.52,2.86,10.22,-0.19,0.27,-0.15,1013.9,16.6,-41.6,14.4,11.17,23,0.00
152.325,-3.02,0.19,10.12,0.19,0.44,-0.04,1013.8,16.6,-37.4,14.4,11.17,23,0.00
152.422,4.04,-3.20,10.88,-0.27,-1.15,-0.12,1013.5,16.6,-40.5,14.4,11.30,23,0.00
152.536,-3.73,-3.72,13.56,0.25,1.21,-0.22,1013.5,16.7,-41.6,14.4,11.30,23,0.00
152.673,-4.18,-4.17,20.04,0.06,1.15,-0.39,1013.6,16.6,-46.8,14.4,11.30,0,0.00
152.723,5.04,6.90,3.20,0.92,0.29,-0.44,1013.5,16.6,-44.7,14.4,11.30,0,0.00
152.844,-1.83,7.69,2.76,0.22,-0.79,0.23,1013.6,16.6,-40.5,14.4,11.30,0,0.00
152.941,1.44,-1.56,5.20,-0.38,0.15,-0.13,1014.0,16.6,-46.8,14.4,11.30,0,0.00
153.054,2.88,-2.26,10.62,-0.96,-0.11,0.11,1013.1,16.7,-46.8,14.4,11.30,0,0.00
153.128,-3.40,0.51,12.42,0.75,0.87,0.14,1013.6,16.6,-41.6,14.4,11.30,0,0.00
153.225,5.08,-2.41,12.98,-0.50,-1.47,0.06,1013.8,16.6,-47.9,14.4,11.30,0,0.00
153.322,0.20,4.87,-7.44,0.15,-0.05,-0.13,1013.2,16.6,-35.2,14.4,11.30,0,0.00
153.443,-4.39,-2.32,15.41,1.18,-0.24,-0.11,1013.4,16.6,-34.2,14.4,11.48,0,0.00
153.557,2.33,-1.87,26.14,2.24,-0.29,-0.02,1013.6,16.6,-41.6,14.4,11.48,0,0.00
153.631,2.06,-2.63,3.05,-1.80,0.78,0.15,1013.4,16.6,-41.6,14.4,11.48,26,0.00
153.740,10.80,-1.58,18.90,-0.61,-1.58,0.05,1013.4,16.6,-19.5,14.4,11.48,26,0.00
153.838,-0.68,6.78,5.39,2.00,0.21,0.24,1013.9,16.5,-41.6,14.4,11.48,26,0.00
153.935,9.66,0.62,14.08,0.80,-0.92,-0.25,1014.1,16.6,-47.9,14.4,11.48,26,0.00
154.032,4.16,-0.16,14.93,1.09,0.77,-0.18,1013.2,16.5,-34.2,14.4,11.48,26,0.00
154.122,4.74,-0.33,14.36,-0.30,-1.45,0.00,1013.5,16.6,-53.1,14.4,11.48,26,0.00
154.243,-5.22,3.11,0.90,-0.43,0.66,0.09,1013.3,16.6,-41.6,14.4,11.48,26,0.00
154.340,7.75,-0.86,15.74,1.00,0.26,-0.36,1012.9,16.5,-25.8,14.4,11.48,26,0.00
154.437,1.04,-0.19,3.28,-0.35,-0.48,-0.23,1013.3,16.6,-44.7,14.4,11.78,26,0.00
154.535,7.80,1.59,0.88,-0.23,0.57,-0.27,1013.6,16.6,-44.7,14.4,11.78,26,0.00
154.625,1.08,0.09,4.07,-0.97,0.79,-0.01,1013.3,16.6,-46.8,14.4,11.78,20,0.00
154.723,5.95,0.59,5.16,-0.84,0.62,-0.13,1013.6,16.4,-41.6,14.4,11.78,20,0.00
154.890,-5.43,-5.11,5.54,-0.37,0.09,-0.13,1013.4,16.6,-41.6,14.4,11.78,20,0.00
154.940,0.52,-1.25,9.78,0.55,-0.25,-0.26,1014.1,16.5,-47.9,14.4,11.78,20,0.00
155.037,-0.19,1.28,5.05,-0.68,0.19,-0.11,1013.5,16.5,-50.0,14.4,11.78,20,0.00
155.127,7.97,-0.14,11.58,-0.36,-0.41,-0.01,1013.6,16.5,-44.7,14.4,11.78,20,0.00
155.224,8.56,0.60,12.62,-0.49,-0.82,0.10,1013.1,16.6,-43.7,14.4,11.78,20,0.00
155.321,3.15,-0.14,12.83,0.55,0.33,-0.00,1013.4,16.6,-50.0,14.4,11.78,20,0.00
155.442,-1.40,0.41,11.07,-0.56,-0.84,0.35,1013.7,16.6,-43.7,14.4,12.13,20,0.00
155.540,9.84,-0.11,20.79,1.06,-1.17,-0.56,1013.4,16.5,-43.7,14.4,12.13,20,0.00
155.630,2.64,-4.41,13.23,-0.19,-0.23,-0.22,1013.5,16.5,-35.2,14.4,12.13,0,0.00
155.728,0.45,1.41,11.12,-1.28,0.31,0.36,1013.8,16.4,-38.4,14.4,12.13,0,0.00
155.825,4.63,-4.18,20.44,-0.58,0.12,0.05,1013.8,16.4,-43.7,14.4,12.13,0,0.00
155.957,7.53,-4.70,15.25,-1.85,-2.57,-0.18,1013.7,16.4,-44.7,14.4,12.13,0,0.00
156.031,4.46,4.15,11.11,1.42,-0.69,0.19,1013.4,16.5,-41.6,14.4,12.13,0,0.00
156.121,-3.54,-3.22,7.03,-0.48,0.41,0.02,1013.4,16.5,-44.7,14.4,12.13,0,0.00
156.242,3.80,-3.09,7.82,-0.10,0.15,0.12,1013.6,16.6,-44.7,14.4,12.13,0,0.00
156.339,-3.17,1.00,9.64,-0.42,0.97,0.07,1013.9,16.5,-38.4,14.4,12.13,0,0.00
156.436,2.84,-0.65,16.92,-0.24,-0.95,0.16,1013.6,16.4,-43.7,14.4,12.26,0,0.00
156.534,-9.11,-6.91,16.07,-0.33,-0.69,0.28,1013.4,16.6,-40.5,14.4,12.26,0,0.00
156.624,5.49,0.89,16.11,0.18,-0.47,0.06,1013.1,16.5,-43.7,14.4,12.26,0,0.00
156.722,6.75,4.84,6.39,0.29,-0.70,0.13,1013.6,16.5,-43.7,14.4,12.26,0,0.00
156.843,5.88,3.85,5.62,-0.36,-1.66,0.37,1013.3,16.7,-41.6,14.4,12.26,0,0.00
156.940,-4.27,-2.14,-1.83,-0.43,-0.12,0.20,1013.7,16.4,-46.8,14.4,12.26,0,0.00
157.025,-5.62,6.64,2.68,0.47,1.42,0.48,1013.9,16.7,-44.7,14.4,12.26,0,0.00
157.140,6.39,4.84,13.61,1.32,1.54,-0.11,1013.9,16.6,-44.7,14.4,12.26,0,0.00
157.237,3.46,1.66,6.89,1.13,0.05,0.03,1013.4,16.6,-44.7,14.4,12.26,0,0.00
157.334,-0.91,0.11,5.67,-0.48,0.01,-0.00,1013.7,16.6,-40.5,14.4,12.26,0,0.00
157.431,-2.30,0.43,1.68,-1.14,0.53,0.06,1013.1,16.6,-40.5,14.4,12.20,0,0.00
157.529,1.34,-0.76,6.21,-0.11,0.92,-0.18,1013.2,16.6,-25.8,14.4,12.20,0,0.00
157.643,5.61,-1.33,7.18,-0.74,-1.25,0.48,1013.7,16.4,-41.6,14.4,12.20,0,0.00
157.741,-5.61,-2.13,12.38,0.49,-0.57,0.26,1013.3,16.5,-34.2,14.4,12.20,0,0.00
157.838,-0.52,0.30,5.18,0.45,0.44,0.06,1013.1,16.7,-44.7,14.4,12.20,0,0.00
157.935,-3.27,-3.02,11.64,-0.82,-0.50,0.04,1013.1,16.6,-41.6,14.4,12.20,0,0.00
158.032,6.36,-0.73,17.19,0.76,-0.09,-0.13,1013.5,16.6,-43.7,14.4,12.20,0,0.00
158.168,-1.36,-0.36,19.59,0.81,-0.08,0.03,1013.5,16.6,-35.2,14.4,12.20,0,0.00
158.235,14.61,2.14,23.97,-0.16,-1.09,0.37,1013.5,16.6,-37.4,14.4,12.20,0,0.00
158.332,3.56,-1.01,10.72,1.91,0.39,-0.44,1013.4,16.6,-40.5,14.4,12.20,0,0.00
158.429,0.31,-2.86,3.84,-0.50,0.11,-0.38,1013.8,16.4,-41.6,14.4,12.11,0,0.00
158.527,2.91,-1.92,6.18,-1.60,-0.68,-0.01,1013.4,16.6,-37.4,14.4,12.11,0,0.00
158.624,4.89,4.45,9.94,0.42,-0.24,0.09,1013.3,16.6,-41.6,14.4,12.11,0,0.00
158.739,4.32,0.91,7.87,0.77,0.24,-0.11,1013.5,16.7,-34.2,14.4,12.11,0,0.00
158.836,4.05,-1.05,12.04,-0.35,-0.52,-0.02,1013.3,16.5,-35.2,14.4,12.11,0,0.00
158.933,3.98,-0.81,10.20,-0.28,-0.15,0.13,1014.1,16.4,-37.4,14.4,12.11,0,0.00
159.030,3.48,-1.28,8.16,0.04,-0.20,-0.07,1013.7,16.6,-37.4,14.4,12.11,0,0.00
159.127,3.89,-3.11,13.26,0.51,0.76,-0.20,1013.6,16.6,-40.5,14.4,12.11,0,0.00
159.252,4.00,2.04,9.19,0.41,-0.34,-0.12,1013.7,16.6,-43.7,14.4,12.11,0,0.00
159.326,0.32,0.53,8.87,-0.32,-0.08,0.16,1013.6,16.4,-40.5,14.4,12.11,0,0.00
159.423,-1.28,2.17,6.36,0.36,0.65,0.11,1013.7,16.5,-40.5,14.4,11.90,0,0.00
159.521,2.38,0.83,6.22,0.00,-0.22,0.15,1013.8,16.4,-40.5,14.4,11.90,0,0.00
159.642,0.81,1.31,7.82,0.14,0.22,-0.03,1013.5,16.6,-35.2,14.4,11.90,0,0.00
159.732,3.61,-0.46,12.90,-0.27,-1.66,0.13,1013.5,16.5,-15.3,14.4,11.90,0,0.00
159.830,0.60,-0.36,3.89,-0.28,0.41,-0.12,1013.5,16.6,-57.3,14.4,11.90,0,0.00
159.927,3.54,3.00,2.45,-0.29,-0.26,-0.11,1013.5,16.6,-46.8,14.4,11.90,0,0.00
160.024,1.35,0.86,7.52,-0.37,-0.52,-0.16,1013.6,16.7,-43.7,14.4,11.90,0,0.00
160.121,0.37,0.85,5.70,-0.13,-0.43,0.25,1014.1,16.5,-44.7,14.4,11.90,0,0.00
160.234,6.66,1.49,6.82,0.03,-0.70,0.10,1013.3,16.6,-37.4,14.4,11.90,0,0.00
160.374,0.29,1.76,10.78,0.16,0.16,-0.08,1013.4,16.6,-56.3,14.4,11.90,0,0.00
160.424,1.76,-3.16,10.22,-0.14,0.37,-0.34,1013.3,16.4,-53.1,14.4,11.56,0,0.00
160.522,0.65,2.02,7.69,-0.11,0.44,-0.35,1013.8,16.6,-53.1,14.4,11.56,0,0.00
160.643,-3.94,-0.21,4.67,-0.35,-1.17,-0.39,1013.7,16.5,-57.3,14.4,11.56,36,0.00
160.757,-0.55,4.02,5.61,1.15,1.10,-0.06,1013.6,16.5,-63.7,14.4,11.56,36,0.00
160.831,-1.72,0.35,9.42,-0.65,0.37,0.22,1013.3,16.6,-62.6,14.4,11.56,36,0.00
160.928,2.83,-1.39,13.69,-0.03,-0.26,0.09,1014.1,16.4,-51.0,14.4,11.56,36,0.00
161.025,14.21,7.17,3.06,0.36,0.18,0.01,1013.2,16.6,-54.2,14.4,11.56,36,0.00
161.122,9.69,-3.14,13.47,-0.96,0.39,-0.03,1013.8,16.8,-41.6,14.4,11.56,36,0.00
161.259,-3.14,-0.24,2.24,-0.37,1.18,0.25,1014.0,16.6,-46.8,14.4,11.56,36,0.00
161.333,4.03,-2.29,20.58,0.11,0.61,-0.11,1013.5,16.6,-46.8,14.4,11.56,36,0.00
161.441,1.41,-3.96,15.68,0.18,0.33,0.04,1013.9,16.6,-43.7,14.4,11.40,36,0.00
161.539,-10.28,-4.24,9.83,-1.41,-0.38,0.64,1013.3,16.4,-38.4,14.4,11.40,36,0.00
161.636,7.67,-2.39,10.13,-0.01,-1.23,0.21,1013.9,16.6,-40.5,14.4,11.40,32,0.00
161.734,3.14,-2.84,17.54,-0.37,0.11,0.31,1013.7,16.5,-43.7,14.4,11.40,32,0.00
161.824,-1.35,-0.60,9.23,0.39,-0.04,-0.16,1013.2,16.4,-32.1,14.4,11.40,32,0.00
161.921,-10.10,-3.42,28.90,0.02,0.44,0.11,1013.9,16.4,-35.2,14.4,11.40,32,0.00
162.042,0.23,1.27,0.67,0.73,0.05,-0.15,1013.5,16.5,-41.6,14.4,11.40,32,0.00
162.139,4.46,2.66,7.08,1.24,0.25,-0.69,1013.7,16.4,-38.4,14.4,11.40,32,0.00
162.236,-0.97,1.98,7.09,1.32,0.75,-0.04,1013.5,16.4,-34.2,14.4,11.40,32,0.00
162.326,0.04,-3.81,26.67,0.52,0.74,-0.11,1013.1,16.6,-31.0,14.4,11.40,32,0.00
162.423,-4.46,-1.34,14.86,-0.84,0.92,0.29,1013.6,16.5,-32.1,14.4,11.34,32,0.00
162.586,-1.41,-1.65,6.01,-0.57,-0.14,-0.28,1013.4,16.4,-53.1,14.4,11.34,32,0.00
162.636,8.29,-1.61,8.33,0.93,-0.01,-0.42,1013.3,16.4,-54.2,14.4,11.34,38,0.00
162.734,4.63,-0.30,14.86,-0.66,-0.77,-0.01,1013.1,16.6,-40.5,14.4,11.34,38,0.00
162.824,12.03,6.09,9.83,1.28,-0.12,-0.07,1013.2,16.6,-53.1,14.4,11.34,38,0.00
162.921,2.38,2.50,12.88,1.59,1.73,0.15,1013.5,16.4,-34.2,14.4,11.34,38,0.00
163.042,13.79,0.79,22.89,0.23,1.36,-0.65,1013.5,16.4,-38.4,14.4,11.34,38,0.00
163.139,3.62,3.12,2.82,0.10,0.17,-0.01,1013.7,16.5,-54.2,14.4,11.34,38,0.00
163.236,-2.19,1.98,15.78,0.14,1.46,0.29,1013.4,16.6,-50.0,14.4,11.34,38,0.00
163.326,0.21,1.80,13.20,1.42,2.13,0.14,1013.5,16.5,-41.6,14.4,11.34,38,0.00
163.423,0.10,-1.51,14.71,0.14,0.09,0.06,1013.2,16.6,-38.4,14.4,11.31,38,0.00
163.521,7.21,1.02,12.67,0.54,-1.14,0.09,1013.6,16.4,-34.2,14.4,11.31,38,0.00
163.653,-12.31,7.74,3.11,0.83,3.64,0.11,1013.2,16.5,-35.2,14.4,11.31,28,0.00
163.727,7.79,-2.46,13.56,-1.99,-0.86,0.87,1013.6,16.3,-41.6,14.4,11.31,28,0.00
163.841,-7.74,-1.41,12.90,-0.57,-0.12,0.07,1013.7,16.6,-35.2,14.4,11.31,28,0.00
163.938,-4.60,-1.27,7.46,-0.32,0.15,0.03,1013.8,16.6,-40.5,14.4,11.31,28,0.00
164.035,-3.78,-1.62,8.99,-0.65,1.40,0.77,1014.0,16.6,-40.5,14.4,11.31,28,0.00
164.132,3.60,4.97,0.69,0.90,1.56,0.13,1013.5,16.6,-35.2,14.4,11.31,28,0.00
164.229,-3.55,-5.41,10.34,-0.50,1.82,-0.35,1013.5,16.5,-35.2,14.4,11.31,28,0.00
164.343,-1.51,4.97,2.59,-0.02,2.11,0.70,1013.2,16.4,-38.4,14.4,11.31,28,0.00
164.440,-7.47,1.07,-0.56,-0.01,0.79,0.53,1013.5,16.5,-51.0,14.4,11.13,28,0.00
164.538,13.08,-0.32,27.71,1.00,0.85,-0.73,1013.2,16.5,-44.7,14.4,11.13,28,0.00
164.635,-2.85,1.39,7.15,-0.49,0.64,0.15,1013.7,16.4,-35.2,14.4,11.13,28,0.00
164.721,-1.44,1.63,6.83,0.31,0.01,0.16,1013.5,16.5,-37.4,14.4,11.13,28,0.00
164.835,8.82,-2.32,11.09,1.18,0.65,-0.32,1013.4,16.4,-37.4,14.4,11.13,28,0.00
164.933,2.03,-4.68,14.06,-0.43,0.20,0.01,1013.5,16.4,-38.4,14.4,11.13,28,0.00
165.030,10.43,1.81,24.62,0.67,1.39,-0.02,1014.1,16.4,-43.7,14.4,11.13,28,0.00
165.127,8.50,-3.11,17.83,0.64,1.48,-0.23,1013.4,16.5,-37.4,14.4,11.13,28,0.00
165.224,2.03,0.21,12.81,-0.22,-0.87,0.33,1013.2,16.5,-41.6,14.4,11.13,55,0.00
165.338,-0.20,-1.63,15.09,-0.66,-1.05,0.21,1013.9,16.6,-40.5,14.4,11.13,55,0.00
165.436,14.14,-1.47,5.97,0.46,-1.08,-0.07,1013.4,16.5,-44.7,14.4,11.10,55,0.00
165.534,-1.15,-0.78,9.44,-0.33,-1.00,0.12,1013.6,16.4,-43.7,14.4,11.10,55,0.00
165.631,0.61,0.46,11.24,-0.10,0.27,-0.08,1013.6,16.4,-44.7,14.4,11.10,55,0.00
165.728,1.77,4.39,-0.13,1.26,-0.75,0.12,1013.7,16.4,-43.7,14.4,11.10,55,0.00
165.865,12.99,0.72,10.57,-0.66,-4.21,0.04,1013.6,16.4,-38.4,14.4,11.10,55,0.00
165.932,-0.24,0.45,-2.07,0.57,0.74,-0.06,1013.4,16.5,-44.7,14.4,11.10,55,0.00
166.029,-0.63,2.32,13.12,0.01,0.62,0.36,1013.0,16.6,-43.7,14.4,11.10,55,0.00
166.126,-2.35,2.04,10.88,0.64,0.00,-0.03,1013.8,16.5,-40.5,14.4,11.10,55,0.00
166.223,1.07,-1.67,14.44,-0.09,-0.62,0.01,1013.6,16.4,-37.4,14.4,11.10,60,0.00
166.321,2.30,2.09,10.38,0.39,-0.36,-0.08,1013.5,16.4,-43.7,14.4,11.10,60,0.00
166.435,-2.20,1.22,9.17,0.27,-0.96,0.46,1013.8,16.4,-40.5,14.4,10.94,60,0.00
166.533,4.32,2.80,12.44,-0.25,1.88,0.25,1013.3,16.4,-40.5,14.4,10.94,60,0.00
166.630,1.33,-4.19,17.27,1.95,1.16,0.01,1013.4,16.4,-40.5,14.4,10.94,60,0.00
166.727,6.25,0.90,7.47,0.25,0.45,-0.08,1013.2,16.5,-38.4,14.4,10.94,60,0.00
166.824,0.37,-0.23,3.84,-0.82,-1.12,0.08,1013.5,16.5,-38.4,14.4,10.94,60,0.00
166.949,-1.87,-5.83,12.31,-1.60,-2.03,0.29,1013.7,16.5,-40.5,14.4,10.94,60,0.00
167.023,-6.96,0.56,-12.62,1.65,1.31,-0.45,1013.8,16.5,-40.5,14.4,10.94,60,0.00
167.144,-0.12,0.72,6.00,0.18,-0.41,-0.20,1013.4,16.3,-37.4,14.4,10.94,60,0.00
167.241,3.34,-2.29,9.83,-1.02,0.42,-0.30,1013.4,16.4,-40.5,14.4,10.94,49,0.00
167.339,9.23,0.19,8.98,0.65,1.04,-0.34,1013.6,16.4,-44.7,14.4,10.94,49,0.00
167.429,3.12,-2.94,5.10,0.38,2.35,-0.53,1013.5,16.4,-40.5,14.4,10.96,49,0.00
167.527,-4.27,0.79,5.84,-0.10,2.00,-0.26,1013.5,16.4,-44.7,14.4,10.96,49,0.00
167.624,3.82,-0.20,8.61,-0.51,-0.58,0.29,1013.6,16.6,-38.4,14.4,10.96,49,0.00
167.721,-1.11,2.68,7.93,-0.47,-0.57,0.01,1013.9,16.6,-46.8,14.4,10.96,49,0.00
167.842,4.32,5.03,10.34,1.38,1.81,-0.65,1013.3,16.4,-43.7,14.4,10.96,49,0.00
167.931,7.66,1.58,9.91,-0.12,1.13,-0.19,1013.7,16.3,-44.7,14.4,10.96,49,0.00
168.067,4.95,5.26,-2.79,1.53,-0.53,-0.26,1013.4,16.5,-43.7,14.4,10.96,49,0.00
168.141,5.29,-4.03,7.43,-1.16,-0.15,0.63,1013.3,16.5,-41.6,14.4,10.96,49,0.00
168.238,5.09,2.00,18.03,0.22,-0.39,0.01,1013.0,16.4,-41.6,14.4,10.96,52,0.00
168.336,-1.99,-0.19,1.98,-0.31,1.30,0.02,1013.5,16.6,-43.7,14.4,10.96,52,0.00
168.450,-0.80,1.50,-0.89,-0.06,0.72,0.47,1013.6,16.4,-46.8,14.4,10.91,52,0.00
168.524,5.99,-0.85,3.96,-0.07,-0.33,0.11,1013.3,16.4,-41.6,14.4,10.91,52,0.00
168.621,-2.18,6.36,-6.13,-0.52,1.54,0.25,1013.7,16.4,-38.4,14.4,10.91,52,0.00
168.742,-0.17,-0.83,6.71,0.47,1.08,-0.31,1013.8,16.3,-40.5,14.4,10.91,52,0.00
168.839,22.33,-2.48,20.62,-1.55,-4.06,-0.16,1013.1,16.4,-41.6,14.4,10.91,52,0.00
168.953,-2.20,-0.42,10.70,-0.43,-1.14,0.30,1013.3,16.4,-38.4,14.4,10.91,52,0.00
169.027,-10.46,-3.85,12.38,0.15,-0.50,-0.81,1013.8,16.4,-40.5,14.4,10.91,52,0.00
169.134,-2.21,3.10,-3.07,0.15,-1.24,-0.03,1013.6,16.4,-38.4,14.4,10.91,52,0.00
169.232,9.49,-2.67,16.51,-0.38,-1.73,0.15,1013.1,16.5,-43.7,14.4,10.91,68,0.00
169.330,1.95,-0.77,11.60,-0.20,0.33,-0.13,1013.2,16.4,-46.8,14.4,10.91,68,0.00
169.427,11.64,-4.11,9.53,-0.90,-2.15,-0.73,1013.6,16.3,-43.7,14.4,10.76,68,0.00
169.542,7.58,-1.08,2.12,-1.53,-0.65,0.05,1013.7,16.5,-46.8,14.4,10.76,68,0.00
169.639,-4.36,3.99,19.30,0.13,0.55,0.02,1013.1,16.4,-41.6,14.4,10.76,68,0.00
169.736,-2.77,5.03,7.00,1.68,1.35,0.17,1013.4,16.3,-44.7,14.4,10.76,68,0.00
169.833,2.83,6.91,24.28,0.57,0.79,0.08,1013.3,16.6,-44.7,14.4,10.76,68,0.00
169.930,2.03,-5.17,0.88,-0.24,-2.10,0.12,1013.4,16.4,-43.7,14.4,10.76,68,0.00
170.044,-9.07,-1.28,5.31,-0.90,1.34,0.31,1013.5,16.5,-35.2,14.4,10.76,68,0.00
170.141,-8.94,2.76,0.66,-1.06,1.13,0.57,1013.8,16.4,-38.4,14.4,10.76,68,0.00
170.226,4.84,-0.46,1.28,1.12,0.26,-0.27,1013.9,16.2,-43.7,14.4,10.76,63,0.00
170.324,2.59,1.00,6.85,0.67,0.32,0.11,1013.4,16.6,-43.7,14.4,10.76,63,0.00
170.421,-2.82,-2.34,18.23,0.38,-1.04,0.04,1013.4,16.4,-43.7,14.4,10.69,63,0.00
170.537,-3.51,-0.90,14.93,0.85,-0.34,0.35,1012.8,16.4,-43.7,14.4,10.69,63,0.00
170.634,-1.47,3.56,9.94,0.44,0.67,0.22,1013.5,16.4,-41.6,14.4,10.69,63,0.00
170.731,-1.14,0.45,22.43,0.76,-0.34,-0.06,1013.4,16.4,-43.7,14.4,10.69,63,0.00
170.828,-5.50,-3.64,12.34,-0.23,0.36,-0.07,1013.4,16.4,-41.6,14.4,10.69,63,0.00
170.925,3.27,1.42,5.05,0.12,-0.31,0.20,1013.3,16.4,-41.6,14.4,10.69,63,0.00
171.040,-4.38,5.47,12.35,1.93,-0.05,-0.36,1013.2,16.4,-43.7,14.4,10.69,63,0.00
171.137,2.96,3.52,4.03,0.88,0.79,0.17,1013.4,16.3,-44.7,14.4,10.69,63,0.00
171.343,8.60,1.01,0.76,-0.25,-1.46,-0.07,1013.2,16.5,-43.7,14.4,10.69,54,0.00
171.466,6.03,-0.39,11.53,-0.48,-0.75,0.38,1013.5,16.4,-41.6,14.4,10.64,54,0.00
171.556,2.52,1.90,7.74,-1.64,-0.18,0.30,1013.3,16.4,-41.6,14.4,10.64,54,0.00
171.653,1.27,3.01,9.65,0.33,-0.43,-0.06,1013.3,16.2,-46.8,14.4,10.64,54,0.00
171.750,5.45,-2.77,3.98,-0.04,0.42,-0.28,1013.6,16.5,-43.7,14.4,10.64,54,0.00
171.847,0.53,3.09,2.28,-0.17,-0.64,0.16,1013.6,16.4,-40.5,14.4,10.64,54,0.00
171.944,-1.06,1.33,-1.54,1.50,0.13,-0.59,1013.8,16.4,-38.4,14.4,10.64,54,0.00
172.059,2.91,-3.81,-8.64,0.85,0.97,-0.25,1013.6,16.3,-40.5,14.4,10.64,54,0.00
172.156,0.17,0.09,11.72,-0.43,0.91,0.32,1013.5,16.4,-40.5,14.4,10.64,54,0.00
172.254,-0.23,0.91,17.51,-0.53,-0.74,0.20,1013.6,16.4,-35.2,14.4,10.64,82,0.00
172.351,-1.98,13.25,-0.42,0.80,3.41,0.83,1013.3,16.4,-47.9,14.4,10.64,82,0.00
172.460,4.07,-6.50,13.85,-0.91,0.89,0.26,1013.7,16.5,-38.4,14.4,10.56,82,0.00
172.551,3.82,7.17,-6.80,1.03,1.95,0.08,1013.7,16.3,-38.4,14.4,10.56,82,0.00
172.648,-1.20,10.68,-6.11,-0.40,3.26,1.17,1013.9,16.4,-41.6,14.4,10.56,82,0.00
172.745,2.89,-3.91,14.40,0.46,-2.94,-0.32,1013.7,16.4,-38.4,14.4,10.56,82,0.00
172.866,-3.62,0.09,12.23,1.59,0.16,-0.02,1013.5,16.2,-44.7,14.4,10.56,82,0.00
172.963,-1.52,-7.09,4.03,1.76,0.47,-0.82,1012.9,16.3,-40.5,14.4,10.56,82,0.00
173.054,-5.12,-5.49,12.45,0.13,-0.09,-0.04,1013.2,16.4,-40.5,14.4,10.56,82,0.00
173.151,-0.93,1.79,-0.30,-0.05,0.38,-0.63,1013.7,16.4,-28.9,14.4,10.56,82,0.00
173.249,-5.03,0.46,18.85,-0.28,1.64,0.47,1013.4,16.3,-43.7,14.4,10.56,66,0.00
173.346,-4.18,1.98,5.44,0.58,-0.16,0.01,1013.9,16.2,-37.4,14.4,10.56,66,0.00
173.555,-2.72,1.11,-3.95,1.09,-0.37,-0.22,1013.3,16.4,-47.9,14.4,10.49,66,0.00
173.670,-0.61,0.82,13.76,0.42,-0.41,0.03,1013.5,16.4,-37.4,14.4,10.49,66,0.00
173.767,1.45,1.29,-6.34,0.52,0.58,0.11,1013.2,16.4,-41.6,14.4,10.49,66,0.00
173.864,4.61,-0.42,15.70,1.04,-1.09,-0.49,1013.7,16.5,-41.6,14.4,10.49,66,0.00
173.961,4.09,-0.03,8.45,-0.07,-1.34,-0.72,1013.5,16.4,-41.6,14.4,10.49,66,0.00
174.059,8.01,-0.34,0.15,-0.09,-0.57,0.04,1013.7,16.4,-43.7,14.4,10.49,51,0.00
174.173,-1.47,-0.73,9.79,-0.46,-0.11,0.01,1013.8,16.2,-43.7,14.4,10.49,51,0.00
174.270,5.05,-2.66,10.04,-0.95,-0.47,0.26,1013.5,16.5,-41.6,14.4,10.49,51,0.00
174.367,-4.04,1.00,-3.95,0.01,0.97,0.02,1013.2,16.4,-41.6,14.4,10.49,51,0.00
174.465,14.81,-2.12,17.44,-0.89,-2.14,0.14,1013.1,16.4,-38.4,14.4,10.47,51,0.00
174.562,-3.73,-0.44,5.02,-0.03,-0.31,-0.89,1013.3,16.3,-37.4,14.4,10.47,51,0.00
174.663,-0.38,-2.43,16.45,0.19,-0.05,-0.04,1013.6,16.4,-35.2,14.4,10.47,51,0.00
174.760,11.32,-3.39,13.68,-0.47,-2.33,-0.37,1014.0,16.4,-43.7,14.4,10.47,51,0.00
174.857,-2.03,2.90,9.55,0.56,0.55,0.27,1013.5,16.4,-41.6,14.4,10.47,51,0.00
174.978,3.63,0.47,11.60,0.31,-0.79,0.07,1013.3,16.4,-43.7,14.4,10.47,51,0.00
175.076,-11.13,-2.04,-9.28,0.33,0.77,0.10,1013.4,16.4,-43.7,14.4,10.47,61,0.00
175.166,4.87,0.58,11.54,-0.86,-1.15,0.16,1013.9,16.5,-37.4,14.4,10.47,61,0.00
175.263,-2.56,0.14,13.00,0.15,0.30,0.21,1013.8,16.5,-37.4,14.4,10.47,61,0.00
175.360,4.25,-7.27,39.83,0.64,1.81,-1.04,1013.5,16.4,-37.4,14.4,10.47,61,0.00
175.458,1.49,-5.80,26.32,-0.30,0.84,-0.05,1013.5,16.4,-37.4,14.4,10.47,61,0.00
175.555,-1.62,0.51,-1.89,-0.44,0.42,0.40,1013.5,16.5,-44.7,14.4,10.47,61,0.00
175.681,0.83,-2.23,2.33,-1.07,0.58,0.01,1013.2,16.3,-44.7,14.4,10.47,61,0.00
175.755,0.66,0.75,10.67,0.44,1.44,0.10,1013.7,16.4,-43.7,14.4,10.47,61,0.00
175.876,-0.15,2.89,3.80,0.95,0.83,-0.08,1013.5,16.4,-44.7,14.4,10.47,61,0.00
175.973,-4.10,-3.77,23.25,-0.08,-0.99,0.09,1013.5,16.4,-46.8,14.4,10.47,61,0.00
176.071,1.71,-2.36,23.48,-0.07,1.07,-0.16,1013.7,16.4,-41.6,14.4,10.47,62,0.00
176.162,1.52,-0.39,13.12,0.44,-0.71,-0.22,1013.5,16.5,-43.7,14.4,10.47,62,0.00
176.259,9.47,0.18,8.99,-0.46,-1.39,-0.52,1012.7,16.2,-44.7,14.4,10.47,62,0.00
176.356,0.54,-1.35,6.90,0.43,1.10,-0.89,1013.6,16.4,-44.7,14.4,10.47,62,0.00
176.478,2.97,0.05,3.51,1.65,1.27,-0.24,1013.4,16.5,-44.7,14.4,10.45,62,0.00
176.575,8.40,-1.62,0.78,-0.02,-0.77,-0.52,1013.9,16.4,-40.5,14.4,10.45,62,0.00
176.666,1.24,6.92,3.77,0.28,1.42,-0.09,1013.5,16.3,-40.5,14.4,10.45,62,0.00
176.825,5.73,-4.25,12.68,0.49,1.67,-0.87,1013.3,16.3,-53.1,14.4,10.45,62,0.00
176.875,8.17,-2.36,18.17,0.24,0.58,-0.09,1013.3,16.3,-41.6,14.4,10.45,62,0.00
176.972,1.56,-2.48,3.85,-0.59,0.76,-0.38,1014.1,16.4,-38.4,14.4,10.45,62,0.00
177.070,3.59,3.08,7.49,-1.05,-0.29,0.44,1013.5,16.4,-44.7,14.4,10.45,56,0.00
177.160,6.34,2.16,15.13,0.35,2.29,0.39,1013.9,16.4,-38.4,14.4,10.45,56,0.00
177.258,-4.05,0.33,16.98,-0.65,1.82,-0.05,1013.3,16.2,-40.5,14.4,10.45,56,0.00
177.355,-0.51,0.57,16.91,0.34,-0.04,0.24,1013.5,16.5,-38.4,14.4,10.45,56,0.00
177.477,-5.91,2.19,2.46,1.60,0.50,0.46,1013.9,16.4,-41.6,14.4,10.60,56,0.00
177.574,1.08,-0.76,5.03,0.36,-1.24,0.04,1013.4,16.4,-40.5,14.4,10.60,56,0.00
177.664,1.20,2.00,10.86,-0.21,1.73,-0.04,1013.3,16.4,-41.6,14.4,10.60,56,0.00
177.762,5.09,-0.59,5.89,-0.59,0.64,0.06,1013.4,16.5,-44.7,14.4,10.60,56,0.00
177.893,-0.48,-0.10,13.39,0.61,-0.48,0.24,1013.5,16.6,-46.8,14.4,10.60,56,0.00
177.967,3.08,1.78,18.53,0.13,0.82,0.08,1013.6,16.3,-50.0,14.4,10.60,56,0.00
178.064,7.69,1.70,12.08,0.97,-0.06,-0.15,1013.7,16.3,-43.7,14.4,10.60,56,0.00
178.178,-5.82,2.41,2.64,0.59,-0.15,0.28,1013.4,16.4,-46.8,14.4,10.60,56,0.00
178.277,2.64,1.48,10.04,0.09,-0.84,0.09,1013.6,16.4,-41.6,14.4,10.60,48,0.00
178.374,4.75,4.43,5.90,0.21,1.33,-0.24,1013.3,16.4,-44.7,14.4,10.60,48,0.00
178.472,-1.18,1.06,9.22,-0.59,-0.83,-0.25,1013.4,16.3,-40.5,14.4,10.70,48,0.00
178.569,6.80,4.95,-6.36,0.17,0.44,0.20,1013.5,16.4,-46.8,14.4,10.70,48,0.00
178.683,7.06,3.11,13.94,0.30,1.85,0.35,1013.2,16.5,-46.8,14.4,10.70,48,0.00
178.757,7.54,1.09,8.71,0.05,0.80,0.05,1013.3,16.2,-46.8,14.4,10.70,48,0.00
178.878,1.93,0.57,12.36,-0.67,0.45,0.40,1013.1,16.4,-46.8,14.4,10.70,48,0.00
179.046,3.59,1.69,9.30,-0.15,0.05,0.37,1013.1,16.4,-47.9,14.4,10.70,50,0.00
179.071,1.51,-0.79,13.80,0.54,0.07,-0.30,1013.0,16.2,-46.8,14.4,10.70,50,0.00
179.186,1.76,-0.07,9.91,0.45,-0.31,0.10,1013.6,16.4,-40.5,14.4,10.70,50,0.00
179.260,-5.51,-2.68,13.39,-0.37,-0.06,0.03,1013.1,16.2,-43.7,14.4,10.70,50,0.00
179.357,-2.44,-4.43,15.46,-1.20,-1.01,0.15,1013.2,16.3,-43.7,14.4,10.70,50,0.00
179.455,4.35,4.86,0.84,-0.38,0.43,0.17,1013.2,16.4,-43.7,14.4,10.78,50,0.00
179.576,3.34,-0.34,10.80,0.20,0.08,0.31,1013.5,16.3,-41.6,14.4,10.78,50,0.00
179.690,4.03,5.52,13.72,1.19,0.19,0.14,1013.5,16.2,-41.6,14.4,10.78,50,0.00
179.764,6.93,-2.12,14.30,0.01,-0.18,0.05,1013.6,16.5,-38.4,14.4,10.78,50,0.00
179.861,-0.07,0.21,10.98,-0.71,-1.12,0.21,1013.7,16.6,-40.5,14.4,10.78,50,0.00
179.958,3.89,-1.72,14.84,-0.19,-0.18,-0.16,1013.4,16.4,-43.7,14.4,10.78,50,0.00
180.056,1.23,2.10,9.16,0.07,1.70,-0.26,1013.9,16.4,-44.7,14.4,10.78,45,0.00
180.167,1.58,0.90,8.67,-0.04,-0.16,0.01,1013.9,16.5,-40.5,14.4,10.78,45,0.00
180.257,6.27,-0.56,12.10,-0.08,-1.51,-0.10,1013.5,16.4,-41.6,14.4,10.78,45,0.00
180.378,5.74,0.80,9.89,0.41,-0.58,0.16,1013.5,16.4,-37.4,14.4,10.78,45,0.00
180.476,2.11,0.54,20.57,0.51,0.24,-0.28,1013.7,16.3,-41.6,14.4,10.79,45,0.00
180.573,2.55,0.10,12.83,-0.18,-1.27,0.07,1013.2,16.4,-41.6,14.4,10.79,45,0.00
180.670,1.43,3.36,4.73,-0.05,-0.04,0.03,1013.4,16.5,-40.5,14.4,10.79,45,0.00
180.760,-1.21,5.15,9.41,-0.20,1.47,0.31,1013.6,16.4,-44.7,14.4,10.79,45,0.00
180.857,1.61,1.93,9.75,-0.76,-0.02,0.24,1013.6,16.3,-41.6,14.4,10.79,45,0.00
180.978,-0.35,2.69,9.28,0.75,1.19,-0.16,1013.5,16.6,-43.7,14.4,10.79,45,0.00
181.076,3.27,-4.06,17.76,-0.79,-1.53,0.28,1013.3,16.3,-35.2,14.4,10.79,25,0.00
181.287,-1.48,0.86,3.45,-0.51,0.20,0.02,1013.5,16.4,-37.4,14.4,10.79,25,0.00
181.402,-4.22,-2.40,13.42,0.14,-0.87,0.43,1013.5,16.5,-38.4,14.4,10.88,25,0.00
181.499,0.78,0.95,4.39,-0.01,-0.29,0.19,1013.6,16.3,-44.7,14.4,10.88,25,0.00
181.596,4.28,-1.23,11.38,-0.31,0.30,0.36,1013.6,16.3,-43.7,14.4,10.88,25,0.00
181.693,5.14,1.03,7.54,0.53,0.20,-0.17,1013.7,16.3,-43.7,14.4,10.88,25,0.00
181.790,-0.45,-1.13,9.86,0.55,0.59,-0.12,1013.8,16.4,-41.6,14.4,10.88,25,0.00
181.904,-0.97,0.79,10.07,-0.79,-0.96,0.05,1013.3,16.4,-44.7,14.4,10.88,32,0.00
182.001,-2.75,3.90,25.69,1.02,1.30,0.32,1013.5,16.3,-41.6,14.4,10.88,32,0.00
182.098,5.16,-4.21,18.30,0.09,-1.76,0.14,1013.4,16.4,-41.6,14.4,10.88,32,0.00
182.195,-2.45,7.97,2.72,1.06,0.75,0.40,1013.5,16.4,-43.7,14.4,10.88,32,0.00
182.292,0.42,-1.97,10.17,0.53,2.68,-0.05,1013.2,16.3,-43.7,14.4,10.88,32,0.00
182.394,-5.31,0.88,22.51,0.13,0.26,0.42,1013.8,16.5,-41.6,14.4,10.88,32,0.00
182.492,5.92,-1.68,14.21,-1.10,-3.06,-0.17,1013.4,16.2,-38.4,14.4,10.91,32,0.00
182.589,-5.73,0.57,-4.48,-1.16,-0.33,0.50,1013.5,16.4,-43.7,14.4,10.91,32,0.00
182.710,-2.31,-2.89,12.59,-0.68,-1.14,-0.10,1013.3,16.3,-35.2,14.4,10.91,32,0.00
182.807,-2.60,4.55,9.77,0.96,1.75,-0.55,1013.2,16.3,-40.5,14.4,10.91,22,0.00
182.897,10.19,-3.64,0.55,-0.12,-0.75,-0.30,1013.7,16.4,-40.5,14.4,10.91,22,0.00
182.994,-6.11,2.46,13.84,-1.13,-0.57,-0.20,1013.6,16.5,-35.2,14.4,10.91,22,0.00
183.091,-3.45,0.57,12.91,0.65,1.67,0.13,1013.2,16.4,-41.6,14.4,10.91,22,0.00
183.188,8.66,-0.76,8.32,0.45,-0.73,-0.36,1013.5,16.3,-43.7,14.4,10.91,22,0.00
183.309,-2.99,-4.08,14.73,-0.06,-0.82,-0.02,1013.7,16.4,-41.6,14.4,10.91,22,0.00
183.410,-5.12,-2.30,9.67,-0.07,-0.22,-0.14,1013.4,16.5,-43.7,14.4,11.00,22,0.00
183.508,-2.06,0.44,6.57,0.07,-1.02,0.10,1013.0,16.4,-41.6,14.4,11.00,22,0.00
183.605,6.37,-3.86,9.38,0.33,1.44,-0.54,1013.4,16.4,-37.4,14.4,11.00,22,0.00
183.702,1.76,4.19,5.59,-0.13,0.23,0.34,1013.5,16.4,-43.7,14.4,11.00,22,0.00
183.799,1.71,-0.85,5.17,0.90,1.00,-0.07,1013.7,16.6,-43.7,14.4,11.00,27,0.00
183.889,1.32,1.74,2.30,-0.45,-0.36,0.21,1013.8,16.4,-41.6,14.4,11.00,27,0.00
184.010,-4.11,-3.37,14.07,-1.55,0.43,0.31,1013.3,16.5,-41.6,14.4,11.00,27,0.00
184.107,10.41,3.13,9.23,0.98,0.61,-0.09,1013.4,16.4,-41.6,14.4,11.00,27,0.00
184.204,-9.61,-1.01,-9.25,0.37,0.49,0.15,1013.7,16.4,-38.4,14.4,11.00,27,0.00
184.301,7.52,1.36,-2.03,-0.99,-0.40,0.21,1013.9,16.4,-43.7,14.4,11.00,27,0.00
184.391,3.46,-3.01,13.54,0.27,-2.41,-0.26,1013.3,16.4,-46.8,14.4,11.00,27,0.00
184.548,2.40,-3.54,7.27,-0.00,1.69,-0.24,1013.3,16.2,-37.4,14.4,11.18,27,0.00
184.598,-4.65,-3.69,9.14,-0.05,-0.09,0.14,1013.5,16.3,-41.6,14.4,11.18,27,0.00
184.695,-3.57,0.53,7.44,-0.96,-0.36,0.33,1013.2,16.4,-44.7,14.4,11.18,27,0.00
184.792,-4.87,2.38,12.66,1.40,0.50,-0.29,1013.7,16.4,-50.0,14.4,11.18,27,0.00
184.906,-3.93,-3.49,-0.79,0.41,0.14,-0.04,1013.6,16.4,-40.5,14.4,11.18,22,0.00
185.003,0.92,0.30,2.41,-0.61,-0.86,0.17,1013.7,16.3,-46.8,14.4,11.18,22,0.00
185.100,-3.86,-1.71,7.50,0.44,-0.55,0.13,1013.0,16.4,-43.7,14.4,11.18,22,0.00
185.197,0.61,0.60,2.54,0.02,0.13,0.32,1014.1,16.4,-41.6,14.4,11.18,22,0.00
185.294,8.58,2.00,12.88,-0.38,-0.63,0.09,1013.8,16.3,-41.6,14.4,11.18,22,0.00
185.407,-0.26,-0.99,18.49,0.52,-0.92,0.12,1013.5,16.4,-40.5,14.4,11.20,22,0.00
185.504,8.38,-2.73,16.71,0.12,1.63,-0.24,1013.4,16.3,-40.5,14.4,11.20,22,0.00
185.612,7.52,-4.05,15.65,0.17,1.17,-0.27,1013.1,16.2,-40.5,14.4,11.20,22,0.00
185.710,15.67,-17.36,17.19,-1.26,-4.03,-1.28,1013.5,16.4,-41.6,14.4,11.20,22,0.00
185.807,1.27,3.31,-6.06,-0.04,0.91,-0.23,1014.0,16.4,-40.5,14.4,11.20,13,0.00
185.896,-1.37,-1.89,5.49,-0.16,0.92,0.66,1013.3,16.3,-44.7,14.4,11.20,13,0.00
185.994,13.53,-1.42,4.69,-0.37,0.52,-0.27,1013.6,16.6,-47.9,14.4,11.20,13,0.00
186.091,2.51,-0.52,8.94,-0.14,0.18,-0.32,1013.5,16.4,-44.7,14.4,11.20,13,0.00
186.188,-6.81,0.32,-0.36,0.71,1.16,-0.21,1013.5,16.3,-44.7,14.4,11.20,13,0.00
186.309,-1.40,0.36,8.15,-0.26,-1.21,-0.34,1013.2,16.4,-43.7,14.4,11.20,13,0.00
186.398,10.63,0.82,-0.09,-0.08,-1.55,-0.32,1013.2,16.4,-50.0,14.4,11.26,13,0.00
186.496,-1.51,1.81,14.79,0.14,-0.94,-0.20,1013.3,16.3,-44.7,14.4,11.26,13,0.00
186.593,-4.90,-0.62,4.38,-0.59,-0.40,-0.30,1013.2,16.6,-40.5,14.4,11.26,13,0.00
186.754,4.72,-0.41,6.69,-0.83,-0.14,0.38,1013.2,16.4,-46.8,14.4,11.26,13,0.00
186.804,8.92,1.26,13.97,-0.10,0.10,0.25,1013.4,16.3,-40.5,14.4,11.26,0,0.00
186.917,2.15,0.33,11.39,0.35,0.62,-0.35,1013.1,16.4,-44.7,14.4,11.26,0,0.00
186.991,-1.51,-7.34,-0.84,-0.71,1.41,-0.75,1014.0,16.4,-43.7,14.4,11.26,0,0.00
187.088,7.00,0.17,8.29,-0.06,-0.78,-0.16,1013.4,16.4,-43.7,14.4,11.26,0,0.00
187.209,-1.36,0.28,13.94,0.38,0.83,-0.45,1013.5,16.4,-40.5,14.4,11.26,0,0.00
187.306,-7.21,-0.85,-0.75,0.16,1.46,0.09,1013.2,16.4,-43.7,14.4,11.26,0,0.00
187.419,3.15,-1.01,8.43,-1.02,-0.21,0.35,1013.6,16.4,-44.7,14.4,11.25,0,0.00
187.493,2.20,0.32,1.41,-0.08,0.29,0.26,1013.4,16.4,-41.6,14.4,11.25,0,0.00
187.590,9.56,0.62,12.83,0.35,-1.59,0.20,1013.4,16.6,-41.6,14.4,11.25,0,0.00
187.687,3.95,-1.44,15.47,0.13,1.30,0.12,1013.7,16.5,-46.8,14.4,11.25,0,0.00
187.819,0.49,1.10,14.17,0.06,-0.41,0.16,1013.8,16.4,-43.7,14.4,11.25,0,0.00
187.893,3.79,1.66,5.78,0.75,0.67,-0.19,1013.2,16.4,-44.7,14.4,11.25,0,0.00
188.007,-0.36,2.26,-1.07,0.55,0.71,0.08,1013.6,16.4,-44.7,14.4,11.25,0,0.00
188.104,-0.70,-1.03,16.86,0.62,-1.40,0.22,1013.4,16.3,-46.8,14.4,11.25,0,0.00
188.201,4.38,-2.67,9.30,-0.55,-2.16,0.02,1013.2,16.5,-41.6,14.4,11.25,0,0.00
188.298,1.75,-3.19,22.30,-1.06,-2.70,0.27,1013.1,16.4,-38.4,14.4,11.25,0,0.00
188.395,-9.09,-1.69,15.26,-0.82,0.75,0.07,1013.9,16.4,-43.7,14.4,11.25,0,0.00
188.509,0.13,-1.23,12.79,-0.09,-1.35,-0.09,1013.9,16.4,-40.5,14.4,11.13,0,0.00
188.606,-3.28,-2.94,6.39,0.75,0.85,-0.13,1013.8,16.4,-44.7,14.4,11.13,0,0.00
188.703,-14.58,2.08,-1.16,1.49,1.95,-0.18,1013.3,16.4,-46.8,14.4,11.13,0,0.00
188.800,10.10,5.95,9.68,1.57,2.31,0.05,1013.4,16.3,-43.7,14.4,11.13,25,0.00
188.962,5.32,-1.47,20.89,1.58,1.11,-0.21,1013.5,16.4,-46.8,14.4,11.13,25,0.00
189.004,4.88,-0.52,16.90,-0.61,-0.50,0.15,1013.4,16.4,-46.8,14.4,11.13,25,0.00
189.102,0.41,0.56,-2.59,0.23,0.60,-0.09,1013.7,16.2,-43.7,14.4,11.13,25,0.00
189.199,1.66,-2.29,6.22,1.00,0.22,-0.25,1013.3,16.5,-43.7,14.4,11.13,25,0.00
189.296,5.39,-1.24,6.15,0.86,-0.32,0.30,1013.9,16.5,-47.9,14.4,11.13,25,0.00
189.393,-2.84,-0.11,9.38,-0.46,-0.66,0.74,1012.9,16.3,-41.6,14.4,11.13,25,0.00
189.507,5.87,2.12,0.87,0.00,-0.84,0.23,1013.3,16.4,-44.7,14.4,11.08,25,0.00
189.604,9.24,-1.56,18.24,-0.15,-2.03,-0.01,1013.2,16.3,-44.7,14.4,11.08,25,0.00
189.701,9.36,1.25,6.57,0.69,0.87,-0.31,1013.3,16.4,-47.9,14.4,11.08,25,0.00
189.798,1.47,2.00,11.88,0.49,-1.14,-0.14,1013.8,16.4,-40.5,14.4,11.08,25,0.00
189.895,13.01,-1.54,7.09,-0.13,-1.69,-0.80,1013.7,16.3,-40.5,14.4,11.08,25,0.00
190.043,6.70,3.14,-2.66,-0.03,-2.69,0.12,1014.1,16.4,-46.8,14.4,11.08,25,0.00
190.093,3.04,0.38,0.73,-0.47,-0.12,-0.08,1013.4,16.4,-46.8,14.4,11.08,25,0.00
190.190,-13.18,-10.20,30.90,0.96,-0.06,0.21,1013.4,16.4,-47.9,14.4,11.08,25,0.00
190.287,2.45,-3.40,16.44,0.32,0.78,-0.08,1013.5,16.4,-44.7,14.4,11.08,25,0.00
190.408,2.78,4.45,9.99,0.49,1.17,0.26,1013.6,16.4,-47.9,14.4,11.02,25,0.00
190.522,2.17,-1.52,8.23,-0.23,-0.35,0.52,1013.7,16.2,-40.5,14.4,11.02,25,0.00
190.596,-9.13,0.28,-1.91,0.45,2.08,-0.15,1013.8,16.2,-44.7,14.4,11.02,25,0.00
190.693,13.16,-8.35,19.65,0.27,2.08,-1.19,1013.6,16.4,-38.4,14.4,11.02,25,0.00
190.790,15.12,5.25,8.34,0.74,-0.05,-0.38,1013.5,16.2,-41.6,14.4,11.02,25,0.00
190.888,-6.13,-1.13,8.34,-0.26,-0.04,0.24,1013.4,16.5,-43.7,14.4,11.02,19,0.00
191.025,6.34,0.62,11.01,-0.17,-1.02,0.10,1013.7,16.3,-43.7,14.4,11.02,19,0.00
191.111,-1.08,-3.21,7.55,0.18,-0.15,0.02,1013.6,16.4,-44.7,14.4,11.02,19,0.00
191.208,-1.12,5.26,-1.37,1.17,1.79,0.27,1013.6,16.4,-40.5,14.4,11.02,19,0.00
191.305,-2.11,-4.84,17.40,-0.77,-1.47,0.20,1013.8,16.4,-40.5,14.4,11.02,19,0.00
191.402,-8.08,0.33,10.18,-0.43,-0.31,-0.38,1013.0,16.4,-44.7,14.4,10.99,19,0.00
191.499,2.71,-2.24,16.18,-0.09,0.72,-0.42,1013.6,16.4,-44.7,14.4,10.99,19,0.00
191.589,1.73,-6.78,15.93,0.42,1.75,-0.62,1013.5,16.4,-46.8,14.4,10.99,19,0.00
191.687,7.75,-2.48,15.37,0.46,0.07,-0.01,1013.2,16.6,-44.7,14.4,10.99,17,0.00
191.808,-5.83,-4.56,17.00,-0.36,-1.16,-0.05,1014.0,16.4,-41.6,14.4,10.99,17,0.00
191.905,9.73,-18.43,16.18,-0.56,-3.42,-1.26,1013.3,16.4,-41.6,14.4,10.99,17,0.00
192.002,3.52,-2.65,9.29,-0.27,1.28,-0.17,1013.7,16.3,-41.6,14.4,10.99,17,0.00
192.092,-0.44,3.02,12.33,-0.18,0.93,-0.24,1013.2,16.4,-41.6,14.4,10.99,17,0.00
192.232,-9.89,0.24,6.32,-0.66,1.04,-0.04,1013.3,16.3,-41.6,14.4,10.99,17,0.00
192.306,10.63,-0.20,0.05,0.53,-1.34,-0.48,1013.5,16.4,-43.7,14.4,10.99,17,0.00
192.403,-8.36,3.20,7.13,-0.07,0.33,-0.03,1014.0,16.2,-40.5,14.4,10.91,17,0.00
192.500,1.39,-2.28,7.95,0.14,1.01,-0.09,1013.7,16.4,-43.7,14.4,10.91,17,0.00
192.590,-0.82,-2.81,12.19,-0.39,-0.18,0.18,1014.2,16.4,-43.7,14.4,10.91,17,0.00
192.688,-0.65,-2.38,0.08,0.57,0.29,0.00,1013.4,16.3,-46.8,14.4,10.91,36,0.00
192.809,3.07,4.88,12.77,0.18,0.53,0.57,1014.0,16.4,-43.7,14.4,10.91,36,0.00
192.906,-3.51,2.74,12.06,-0.84,-0.09,0.42,1013.4,16.2,-46.8,14.4,10.91,36,0.00
193.003,-2.81,-4.28,25.74,0.06,0.46,0.51,1013.3,16.5,-44.7,14.4,10.91,36,0.00
193.094,5.17,5.77,16.76,0.13,1.23,0.54,1013.8,16.4,-41.6,14.4,10.91,36,0.00
193.191,-2.28,0.82,-8.79,-0.69,-0.43,0.58,1013.5,16.4,-44.7,14.4,10.91,36,0.00
193.299,7.64,0.59,7.45,-0.38,-1.28,0.51,1012.9,16.4,-44.7,14.4,10.91,36,0.00
193.397,-15.18,3.02,1.10,0.52,-0.61,1.13,1013.6,16.3,-40.5,14.4,10.91,36,0.00
193.495,-1.28,-1.63,-2.77,1.07,0.28,-0.09,1013.7,16.5,-43.7,14.4,10.78,36,0.00
193.610,4.10,0.89,15.52,-0.35,-1.65,-0.22,1013.0,16.4,-43.7,14.4,10.78,57,0.00
193.707,-3.04,0.39,8.56,0.08,0.44,-0.15,1013.6,16.4,-43.7,14.4,10.78,57,0.00
193.804,16.69,2.22,17.22,1.30,-0.86,-1.10,1013.6,16.4,-40.5,14.4,10.78,57,0.00
193.901,2.98,0.55,6.05,0.65,1.00,-0.38,1013.6,16.4,-44.7,14.4,10.78,57,0.00
193.998,0.26,-3.53,4.28,0.53,0.30,-0.14,1013.5,16.4,-43.7,14.4,10.78,57,0.00
194.088,0.23,7.51,8.26,0.15,1.18,0.68,1013.4,16.4,-43.7,14.4,10.78,57,0.00
194.210,-1.52,5.18,4.87,-0.44,0.51,0.64,1013.6,16.4,-40.5,14.4,10.78,57,0.00
194.307,1.02,7.50,10.92,0.74,1.32,-0.11,1013.4,16.1,-41.6,14.4,10.78,57,0.00
194.441,1.15,3.93,8.44,0.29,2.05,0.48,1013.3,16.3,-44.7,14.4,10.64,57,0.00
194.491,7.54,4.15,8.23,-0.16,0.05,0.17,1013.4,16.3,-41.6,14.4,10.64,57,0.00
194.605,8.10,4.82,9.45,0.54,-0.27,0.69,1013.6,16.4,-47.9,14.4,10.64,63,0.00
194.703,-2.95,5.84,1.03,3.13,2.44,0.22,1013.4,16.6,-44.7,14.4,10.64,63,0.00
194.800,4.58,-2.68,19.93,0.09,1.55,0.55,1013.3,16.3,-46.8,14.4,10.64,63,0.00
194.897,6.77,-0.08,11.50,-0.41,-1.77,-0.56,1013.6,16.4,-46.8,14.4,10.64,63,0.00
194.994,-3.86,-3.70,9.17,-0.52,-0.02,0.06,1013.3,16.3,-43.7,14.4,10.64,63,0.00
195.108,2.95,-3.43,16.40,-0.74,-0.27,0.22,1013.7,16.3,-43.7,14.4,10.64,63,0.00
195.206,4.69,-4.53,-0.03,-0.50,-0.33,-0.43,1013.2,16.2,-53.1,14.4,10.64,63,0.00
195.303,3.74,-0.33,13.22,-0.91,-1.79,-0.73,1013.5,16.4,-44.7,14.4,10.64,63,0.00
195.400,-2.83,7.36,7.78,-0.23,0.92,0.35,1013.3,16.4,-46.8,14.4,10.70,63,0.00
195.508,-4.60,-3.92,1.22,0.11,0.58,-0.42,1013.6,16.3,-46.8,14.4,10.70,63,0.00
195.623,-6.87,0.10,10.95,-1.02,0.93,0.50,1013.5,16.3,-46.8,14.4,10.70,52,0.00
195.697,-3.62,-0.95,15.81,0.85,1.78,0.25,1013.5,16.3,-44.7,14.4,10.70,52,0.00
195.794,-0.94,2.54,5.68,-0.49,0.85,0.09,1013.3,16.3,-41.6,14.4,10.70,52,0.00
195.891,11.13,2.75,16.63,0.62,-1.63,-0.65,1014.2,16.3,-43.7,14.4,10.70,52,0.00
195.988,4.08,-0.36,5.19,0.16,0.25,-0.10,1013.4,16.2,-51.0,14.4,10.70,52,0.00
196.126,-9.85,3.75,1.47,1.02,0.71,0.47,1013.8,16.2,-44.7,14.4,10.70,52,0.00
196.200,-2.95,-0.50,11.81,-0.90,-0.77,-0.00,1013.6,16.2,-44.7,14.4,10.70,52,0.00
196.297,-3.24,1.05,15.42,-0.01,-0.91,0.26,1013.5,16.4,-43.7,14.4,10.70,52,0.00
196.394,-0.49,0.05,-13.80,0.23,0.85,-0.24,1013.4,16.3,-44.7,14.4,10.70,52,0.00
196.492,7.25,-1.28,11.72,0.11,-1.23,-0.19,1013.5,16.4,-41.6,14.4,10.70,52,0.00
196.602,6.23,-3.91,11.20,0.61,1.16,-0.39,1013.5,16.4,-44.7,14.4,10.70,70,0.00
196.692,-11.33,4.78,-5.68,-0.78,1.10,0.97,1013.6,16.4,-47.9,14.4,10.70,70,0.00
196.789,2.17,0.92,8.80,0.00,0.77,-0.30,1013.6,16.2,-43.7,14.4,10.70,70,0.00
196.910,0.83,-0.07,13.20,-0.15,-0.04,0.17,1013.5,16.4,-43.7,14.4,10.70,70,0.00
197.007,-0.05,4.30,-4.69,-0.11,0.85,0.24,1013.0,16.6,-43.7,14.4,10.70,70,0.00
197.104,6.48,2.74,11.74,0.85,-0.65,-0.14,1013.8,16.4,-44.7,14.4,10.70,70,0.00
197.194,5.56,0.71,9.46,-0.24,0.12,-0.01,1013.2,16.4,-46.8,14.4,10.70,70,0.00
197.291,2.54,-2.36,16.40,-0.50,-1.00,0.09,1013.2,16.2,-47.9,14.4,10.70,70,0.00
197.388,3.03,0.89,14.61,0.17,-0.82,-0.38,1013.3,16.2,-44.7,14.4,10.70,70,0.00
197.510,1.53,3.48,-0.79,0.29,0.63,-0.01,1013.8,16.4,-41.6,14.4,10.70,70,0.00
197.718,0.51,-1.81,9.03,0.56,1.25,0.28,1013.2,16.3,-40.5,14.4,10.70,74,0.00
197.833,3.28,4.05,18.25,0.85,1.13,0.86,1013.1,16.2,-43.7,14.4,10.70,74,0.00
197.930,-0.69,2.87,4.76,-0.11,1.97,0.18,1012.9,16.6,-38.4,14.4,10.70,74,0.00
198.027,3.17,-0.27,12.08,-0.12,0.40,-0.20,1013.0,16.4,-59.4,14.4,10.70,74,0.00
198.124,2.77,-1.83,6.32,0.97,2.37,-0.43,1013.2,16.4,-62.6,14.4,10.70,74,0.00
198.221,-3.80,-2.49,12.15,-0.45,0.81,-0.33,1013.5,16.4,-51.0,14.4,10.70,74,0.00
198.335,0.90,4.38,1.20,-0.34,1.80,-0.05,1013.7,16.4,-43.7,14.4,10.70,74,0.00
198.432,5.34,2.14,8.97,-0.18,-0.66,0.39,1013.5,16.4,-43.7,14.4,10.69,74,0.00
198.530,-1.03,1.39,5.35,0.94,1.68,-0.21,1013.2,16.4,-43.7,14.4,10.69,74,0.00
198.627,5.47,0.33,8.81,0.03,-1.85,-0.23,1013.5,16.5,-46.8,14.4,10.69,70,0.00
198.725,7.59,1.58,7.58,-0.94,-2.13,0.28,1013.3,16.4,-43.7,14.4,10.69,70,0.00
198.827,-5.73,-5.77,16.99,-0.78,-2.05,0.35,1013.7,16.5,-46.8,14.4,10.69,70,0.00
198.924,9.74,2.18,3.10,0.18,1.01,0.13,1013.4,16.4,-44.7,14.4,10.69,70,0.00
199.021,-0.77,1.47,4.78,0.87,1.37,-0.25,1013.3,16.4,-40.5,14.4,10.69,70,0.00
199.118,-1.39,0.57,11.27,0.28,1.40,0.06,1013.5,16.4,-43.7,14.4,10.69,70,0.00
199.239,-8.35,-3.42,7.65,-0.12,1.09,0.28,1013.3,16.6,-37.4,14.4,10.69,70,0.00
199.329,-0.50,0.04,5.35,0.18,-0.38,0.11,1013.7,16.6,-44.7,14.4,10.69,70,0.00
199.426,-3.60,-0.67,12.07,0.12,0.01,0.09,1013.4,16.4,-40.5,14.4,10.66,70,0.00
199.524,0.31,-1.81,-7.79,-0.19,-1.42,0.24,1013.3,16.3,-43.7,14.4,10.66,70,0.00
199.621,2.22,-1.23,7.53,-0.28,-0.27,0.11,1013.3,16.4,-44.7,14.4,10.66,61,0.00
199.719,6.07,-5.74,8.77,-1.36,-3.63,0.11,1013.4,16.5,-46.8,14.4,10.66,61,0.00
199.921,3.75,-5.77,31.65,-0.84,-2.08,-0.32,1013.8,16.4,-44.7,14.4,10.66,61,0.00
200.043,-11.26,-1.44,7.55,-0.83,1.50,0.76,1013.5,16.4,-41.6,14.4,10.66,61,0.00
200.140,-1.44,-5.40,21.46,0.93,1.20,-0.08,1013.7,16.3,-41.6,14.4,10.66,61,0.00
200.237,-1.47,-8.35,10.67,-1.68,-1.97,0.27,1013.8,16.3,-47.9,14.4,10.66,61,0.00
200.327,8.12,-0.99,9.07,-0.65,-3.21,0.42,1013.6,16.2,-46.8,14.4,10.66,61,0.00
200.424,0.43,-2.44,6.11,-0.10,-0.46,0.07,1013.2,16.2,-43.7,14.4,10.59,61,0.00
200.522,7.59,-0.07,18.71,0.21,-1.09,-0.09,1013.1,16.4,-46.8,14.4,10.59,61,0.00
200.643,3.98,0.84,13.09,0.95,1.35,0.12,1013.9,16.4,-47.9,14.4,10.59,46,0.00
200.741,6.90,0.50,-2.78,0.18,-3.15,-0.02,1013.8,16.4,-40.5,14.4,10.59,46,0.00
200.832,0.73,-2.43,9.00,0.06,0.20,-0.10,1013.5,16.4,-41.6,14.4,10.59,46,0.00
200.929,-1.47,-0.29,15.06,-0.63,0.10,0.41,1013.4,16.6,-37.4,14.4,10.59,46,0.00
201.038,-0.72,0.60,-2.85,1.15,0.46,-0.01,1013.0,16.2,-41.6,14.4,10.59,46,0.00
201.135,3.39,-1.13,-2.20,-0.08,-0.57,-0.21,1013.4,16.4,-44.7,14.4,10.59,46,0.00
201.232,-1.06,3.07,10.21,-0.47,1.46,-0.20,1013.4,16.5,-41.6,14.4,10.59,46,0.00
201.322,5.18,-2.13,12.15,-0.83,-0.99,0.22,1013.5,16.4,-41.6,14.4,10.59,46,0.00
201.445,8.76,-4.06,12.01,-2.12,-2.11,-0.63,1013.8,16.5,-43.7,14.4,10.44,46,0.00
201.543,5.01,7.39,3.28,0.42,3.11,0.29,1013.5,16.6,-38.4,14.4,10.44,46,0.00
201.640,-0.79,-2.38,4.56,-0.10,-0.85,0.81,1013.7,16.4,-35.2,14.4,10.44,49,0.00
201.738,7.65,-0.94,12.72,-0.54,-0.03,0.35,1013.7,16.3,-47.9,14.4,10.44,49,0.00
201.828,-13.03,-0.75,27.63,0.50,0.39,-0.04,1013.7,16.5,-44.7,14.4,10.44,49,0.00
201.926,-7.56,-1.35,-1.20,0.63,0.11,-0.08,1013.6,16.4,-46.8,14.4,10.44,49,0.00
202.136,-8.06,4.07,6.46,0.01,1.50,0.53,1013.5,16.4,-40.5,14.4,10.44,49,0.00
202.258,4.44,1.42,12.85,-0.29,-0.26,0.47,1013.4,16.4,-40.5,14.4,10.44,49,0.00
202.348,-4.82,-0.33,5.57,0.40,-0.13,0.25,1013.3,16.4,-43.7,14.4,10.44,49,0.00
202.447,2.72,7.12,5.03,0.55,1.00,0.82,1013.7,16.6,-41.6,14.4,10.41,49,0.00
202.544,-10.03,0.19,-3.84,-0.49,-0.88,0.64,1013.8,16.4,-37.4,14.4,10.41,49,0.00
202.641,4.49,-2.27,6.57,0.15,0.43,-0.13,1013.3,16.5,-47.9,14.4,10.41,42,0.00
202.739,5.57,-1.01,16.06,0.78,-0.70,-0.65,1013.4,16.4,-43.7,14.4,10.41,42,0.00
202.853,8.90,1.07,8.43,-0.25,0.30,-0.18,1014.0,16.3,-44.7,14.4,10.41,42,0.00
202.951,-4.03,0.97,15.10,-0.14,0.10,0.12,1013.3,16.4,-43.7,14.4,10.41,42,0.00
203.048,-0.63,-0.98,11.04,-0.09,0.93,0.55,1013.8,16.5,-44.7,14.4,10.41,42,0.00
203.145,-0.80,-0.68,4.63,0.42,0.10,-0.27,1012.9,16.4,-46.8,14.4,10.41,42,0.00
203.254,-9.52,-2.96,7.68,0.21,-0.19,1.35,1013.3,16.4,-44.7,14.4,10.41,42,0.00
203.368,7.47,2.91,4.80,0.97,2.14,0.39,1013.5,16.5,-37.4,14.4,10.41,42,0.00
203.442,0.45,-4.58,15.92,0.99,0.56,-0.05,1013.5,16.4,-43.7,14.4,10.39,42,0.00
203.540,-1.37,-9.43,3.21,-0.62,2.11,-0.39,1013.4,16.4,-46.8,14.4,10.39,42,0.00
203.637,6.28,-4.64,21.37,0.27,0.47,-0.26,1013.1,16.4,-44.7,14.4,10.39,46,0.00
203.759,0.13,3.03,14.38,-0.18,1.14,-0.11,1013.4,16.4,-44.7,14.4,10.39,46,0.00
203.873,-1.70,-0.03,9.27,1.08,-1.46,-0.52,1013.4,16.6,-47.9,14.4,10.39,46,0.00
203.947,-8.53,-7.48,8.36,-1.46,0.54,-0.18,1013.6,16.4,-38.4,14.4,10.39,46,0.00
204.044,7.92,1.86,12.33,-0.50,0.05,-0.29,1013.6,16.4,-43.7,14.4,10.39,46,0.00
204.141,-2.12,-1.05,17.28,-0.25,2.56,-0.50,1013.2,16.5,-41.6,14.4,10.39,46,0.00
204.273,5.45,-1.53,21.10,-0.93,1.09,0.07,1013.6,16.4,-46.8,14.4,10.39,46,0.00
204.347,9.89,5.78,13.73,1.26,1.71,-0.47,1013.3,16.4,-46.8,14.4,10.39,46,0.00
204.437,4.51,-0.53,7.03,0.07,-0.90,-0.38,1013.4,16.5,-47.9,14.4,10.35,46,0.00
204.559,4.64,1.69,5.22,0.21,-1.21,0.56,1013.7,16.4,-50.0,14.4,10.35,46,0.00
204.657,-3.17,1.04,-6.29,-0.32,-1.75,-0.11,1013.4,16.4,-46.8,14.4,10.35,38,0.00
204.754,1.28,-4.10,19.12,-0.40,-2.21,0.30,1013.7,16.4,-46.8,14.4,10.35,38,0.00
204.851,10.07,1.25,11.91,0.07,-1.82,0.24,1013.6,16.4,-46.8,14.4,10.35,38,0.00
204.941,-16.06,0.69,0.11,1.00,1.30,0.69,1013.5,16.5,-43.7,14.4,10.35,38,0.00
205.038,2.01,-1.47,4.00,-0.02,1.62,-0.30,1013.4,16.5,-44.7,14.4,10.35,38,0.00
205.159,-2.65,-5.26,17.77,0.50,0.76,0.18,1013.9,16.6,-43.7,14.4,10.35,38,0.00
205.256,-2.35,-2.77,13.69,-0.85,-1.88,0.48,1013.2,16.4,-44.7,14.4,10.35,38,0.00
205.416,11.04,2.46,14.37,-0.29,-3.38,-0.73,1013.6,16.6,-41.6,14.4,10.33,38,0.00
205.458,3.28,1.79,11.31,0.64,0.06,-0.17,1013.7,16.2,-44.7,14.4,10.33,38,0.00
205.556,1.02,-0.65,3.45,1.69,1.21,-0.11,1013.3,16.4,-46.8,14.4,10.33,38,0.00
205.654,-5.00,-1.58,0.11,0.08,1.34,-0.02,1013.1,16.4,-41.6,14.4,10.33,29,0.00
205.751,-6.32,-5.42,23.40,-1.03,-2.24,0.01,1013.7,16.6,-47.9,14.4,10.33,29,0.00
205.848,4.07,-0.50,16.24,-0.00,0.74,-0.34,1013.1,16.4,-46.8,14.4,10.33,29,0.00
205.962,6.31,0.28,20.58,-0.06,-0.77,-0.25,1013.3,16.3,-47.9,14.4,10.33,29,0.00
206.036,5.51,0.50,10.55,-0.11,-1.24,0.31,1013.3,16.4,-44.7,14.4,10.33,29,0.00
206.157,-0.05,0.48,14.97,0.84,-0.81,0.22,1013.2,16.4,-46.8,14.4,10.33,29,0.00
206.254,11.16,-1.94,11.71,0.75,-1.36,-0.35,1013.6,16.4,-44.7,14.4,10.33,29,0.00
206.351,6.44,3.18,2.76,0.68,-1.23,-0.42,1013.4,16.4,-46.8,14.4,10.33,29,0.00
206.501,2.67,1.85,13.85,0.23,-1.45,0.34,1013.5,16.5,-47.9,14.4,10.35,29,0.00
206.551,3.01,-3.89,4.19,-1.24,-0.44,0.22,1013.6,16.5,-46.8,14.4,10.35,29,0.00
206.649,3.72,-1.25,12.55,-1.16,-0.51,0.22,1013.5,16.4,-38.4,14.4,10.35,36,0.00
206.746,-4.80,2.74,12.35,0.68,0.01,-0.71,1012.8,16.4,-40.5,14.4,10.35,36,0.00
206.843,3.64,0.29,2.30,0.02,0.26,-0.35,1013.8,16.2,-46.8,14.4,10.35,36,0.00
206.940,0.52,5.43,3.97,0.91,-0.74,-0.54,1013.4,16.4,-40.5,14.4,10.35,36,0.00
207.054,0.14,-3.24,19.65,-0.16,-0.42,0.26,1013.5,16.3,-44.7,14.4,10.35,36,0.00
207.151,1.95,-1.86,5.16,-0.29,-2.73,0.61,1013.6,16.3,-43.7,14.4,10.35,36,0.00
207.248,-1.03,-4.00,-7.13,0.50,-1.12,-0.21,1013.8,16.4,-44.7,14.4,10.35,36,0.00
207.345,8.23,0.07,10.15,-0.30,2.15,-0.29,1013.8,16.4,-37.4,14.4,10.35,36,0.00
207.442,1.25,-1.68,-8.60,-0.92,-0.81,-0.12,1013.5,16.4,-41.6,14.4,10.31,36,0.00
207.628,20.58,5.09,16.18,1.25,0.44,-0.15,1012.9,16.5,-46.8,14.4,10.31,33,0.00
207.653,2.53,2.18,2.42,-0.28,0.20,-0.09,1014.0,16.4,-43.7,14.4,10.31,33,0.00
207.751,-6.04,2.83,0.98,0.78,-1.34,-0.16,1013.9,16.4,-43.7,14.4,10.31,33,0.00
207.848,-3.53,-4.55,5.06,-0.03,-1.37,-0.12,1013.9,16.3,-46.8,14.4,10.31,33,0.00
207.945,14.25,4.48,4.91,-0.39,1.23,0.38,1013.6,16.4,-50.0,14.4,10.31,33,0.00
208.059,-7.31,-7.09,19.58,-0.15,-0.60,0.08,1013.4,16.5,-46.8,14.4,10.31,33,0.00
208.156,-4.58,-8.00,21.36,0.03,-0.64,-0.23,1013.1,16.5,-47.9,14.4,10.31,33,0.00
208.253,-10.30,-2.24,7.44,-0.06,0.36,0.10,1013.6,16.4,-46.8,14.4,10.31,33,0.00
208.350,3.59,-0.77,-3.48,0.32,-0.22,-0.20,1013.6,16.3,-44.7,14.4,10.31,33,0.00
208.448,-2.81,3.25,27.18,0.81,0.95,-0.82,1013.4,16.5,-46.8,14.4,10.29,33,0.00
208.538,0.25,-4.80,13.42,-2.23,-3.47,0.04,1013.3,16.4,-46.8,14.4,10.29,33,0.00
208.694,-2.25,1.17,10.39,-1.02,-0.90,0.14,1013.8,16.3,-50.0,14.4,10.29,34,0.00
208.744,-0.35,3.50,-4.50,-0.49,1.77,0.13,1013.1,16.4,-43.7,14.4,10.29,34,0.00
208.841,7.65,-3.37,17.37,-0.44,0.41,-0.17,1013.7,16.4,-43.7,14.4,10.29,34,0.00
208.938,3.99,1.24,16.62,-0.20,0.85,-0.39,1013.7,16.2,-41.6,14.4,10.29,34,0.00
209.053,1.31,7.77,8.30,0.70,0.58,-0.94,1013.2,16.4,-40.5,14.4,10.29,34,0.00
209.150,-1.48,1.65,1.71,0.08,0.29,-0.17,1013.6,16.2,-37.4,14.4,10.29,34,0.00
209.247,7.82,1.68,3.25,-0.32,-1.38,0.01,1013.5,16.4,-35.2,14.4,10.29,34,0.00
209.344,10.95,0.23,10.96,-0.23,-1.41,0.26,1013.6,16.4,-40.5,14.4,10.29,34,0.00
209.441,-1.48,3.96,2.52,0.72,1.17,-0.05,1013.6,16.4,-41.6,14.4,10.29,34,0.00
209.557,0.73,-0.54,3.60,1.09,0.03,-0.37,1013.5,16.5,-43.7,14.4,10.29,34,0.00
209.655,-3.25,-0.02,1.76,-0.58,-0.40,0.23,1013.5,16.4,-46.8,14.4,10.29,46,0.00
209.763,1.50,2.49,10.40,1.65,1.19,-0.04,1013.4,16.4,-44.7,14.4,10.29,46,0.00
209.837,1.35,9.94,9.50,-2.06,-2.62,-0.28,1013.6,16.5,-41.6,14.4,10.29,46,0.00
209.958,-3.04,0.45,8.28,-0.13,0.30,-0.04,1013.3,16.4,-43.7,14.4,10.29,46,0.00
210.049,-4.67,-2.49,18.56,0.19,1.63,0.55,1013.1,16.4,-43.7,14.4,10.29,46,0.00
210.146,3.23,-1.04,21.59,-0.19,0.21,0.07,1013.6,16.6,-40.5,14.4,10.29,46,0.00
210.243,3.38,-0.00,9.22,0.43,1.40,-0.18,1013.5,16.3,-44.7,14.4,10.29,46,0.00
210.340,3.51,-1.25,13.83,-0.71,-1.63,0.21,1013.6,16.6,-43.7,14.4,10.29,46,0.00
210.437,8.09,-1.70,9.23,-0.43,-0.28,0.12,1013.6,16.5,-43.7,14.4,10.33,46,0.00
210.553,-1.69,-1.17,11.99,-0.03,-0.29,0.37,1013.9,16.4,-44.7,14.4,10.33,46,0.00
210.651,-2.71,4.10,14.44,-0.61,-0.66,-0.14,1013.1,16.5,-43.7,14.4,10.33,0,0.00
210.748,4.41,-2.19,9.17,-0.21,1.01,-0.10,1013.1,16.3,-44.7,14.4,10.33,0,0.00
210.911,4.52,3.77,-0.99,-0.23,-0.04,0.03,1013.2,16.4,-43.7,14.4,10.33,0,0.00
210.936,-0.48,0.96,17.99,0.03,0.46,0.12,1013.2,16.4,-43.7,14.4,10.33,0,0.00
211.050,-3.85,0.09,19.74,-0.36,-0.46,0.03,1013.2,16.5,-43.7,14.4,10.33,0,0.00
211.148,7.58,0.29,6.13,-0.62,-0.53,-0.09,1013.8,16.5,-44.7,14.4,10.33,0,0.00
211.246,2.88,-1.35,14.86,-0.31,0.61,0.26,1013.2,16.4,-41.6,14.4,10.33,0,0.00
211.343,6.88,0.81,8.72,1.34,2.17,-0.08,1013.1,16.5,-46.8,14.4,10.33,0,0.00
211.440,1.82,0.87,6.43,1.41,-0.72,-0.10,1014.0,16.4,-43.7,14.4,10.36,0,0.00
211.554,1.69,-1.06,12.05,-0.23,-0.43,-0.08,1013.7,16.4,-40.5,14.4,10.36,0,0.00
211.652,-0.60,1.14,14.14,-0.14,0.24,0.24,1014.1,16.3,-40.5,14.4,10.36,0,0.00
211.749,4.52,0.87,10.32,0.71,1.48,-0.11,1013.4,16.3,-43.7,14.4,10.36,0,0.00
211.846,-8.06,-4.59,13.25,0.26,-0.09,0.14,1013.7,16.3,-40.5,14.4,10.36,0,0.00
211.977,1.18,-0.91,4.87,0.48,-0.00,0.23,1013.6,16.4,-41.6,14.4,10.36,0,0.00
212.067,-1.07,-2.92,0.47,-0.49,-0.37,-0.14,1013.3,16.4,-43.7,14.4,10.36,0,0.00
212.141,3.77,3.65,21.65,1.25,0.15,-0.10,1013.8,16.5,-41.6,14.4,10.36,0,0.00
212.238,1.60,-1.12,17.63,-0.99,-0.01,0.18,1013.3,16.3,-44.7,14.4,10.36,0,0.00
212.336,7.21,2.55,7.46,-0.48,-1.54,-0.18,1013.5,16.4,-46.8,14.4,10.36,0,0.00
212.458,3.92,0.23,2.57,-0.45,-0.64,-0.00,1013.4,16.5,-43.7,14.4,10.36,0,0.00
212.571,-1.37,0.49,12.06,-0.56,1.26,0.06,1013.8,16.2,-41.6,14.4,10.36,0,0.00
212.645,1.84,0.77,11.33,0.32,-1.10,-0.05,1013.5,16.3,-41.6,14.4,10.36,0,0.00
212.742,2.43,-0.75,7.73,-0.05,-0.45,0.22,1013.7,16.4,-44.7,14.4,10.36,0,0.00
212.839,6.28,-2.98,18.95,-0.76,-1.21,-0.11,1013.3,16.5,-40.5,14.4,10.36,0,0.00
212.936,4.68,2.66,-4.70,1.41,0.74,-0.29,1013.2,16.4,-43.7,14.4,10.36,0,0.00
213.123,-4.85,2.10,0.11,0.74,0.03,0.07,1013.6,16.4,-40.5,14.4,10.36,0,0.00
213.165,1.67,2.73,15.11,0.40,-0.66,-0.02,1013.2,16.3,-41.6,14.4,10.36,0,0.00
213.239,-0.53,1.41,8.98,0.09,0.13,0.12,1013.0,16.5,-43.7,14.4,10.36,0,0.00
213.337,5.88,-2.00,11.40,0.46,0.69,-0.05,1013.8,16.3,-38.4,14.4,10.36,0,0.00
213.459,7.63,-2.78,11.21,-0.84,-1.01,0.13,1013.0,16.6,-43.7,14.4,10.14,0,0.00
213.556,0.18,-1.84,6.29,-0.67,0.19,0.21,1013.2,16.6,-40.5,14.4,10.14,0,0.00
213.669,3.34,0.33,9.88,0.09,0.43,0.13,1012.9,16.4,-47.9,14.4,10.14,0,0.00
213.743,-2.40,-0.07,9.05,-0.41,-1.56,0.06,1012.8,16.5,-44.7,14.4,10.14,0,0.00
213.840,0.20,-0.15,11.23,-0.09,0.54,0.17,1013.6,16.2,-43.7,14.4,10.14,0,0.00
213.937,-2.84,1.74,11.31,-0.09,-0.84,-0.24,1013.1,16.3,-41.6,14.4,10.14,0,0.00
214.058,4.35,-0.79,11.01,0.73,1.04,-0.29,1013.4,16.4,-38.4,14.4,10.14,0,0.00
214.205,4.07,-0.11,16.68,0.21,1.65,-0.17,1013.4,16.4,-38.4,14.4,10.14,0,0.00
214.255,0.27,0.75,6.41,-0.37,0.32,-0.23,1013.3,16.3,-38.4,14.4,10.14,0,0.00
214.352,2.72,-0.89,19.27,0.44,0.81,-0.10,1013.3,16.4,-43.7,14.4,10.14,0,0.00
214.450,7.36,-2.26,10.75,-0.62,-1.71,-0.50,1013.1,16.4,-43.7,14.4,9.91,0,0.00
214.547,2.60,0.01,4.59,-0.35,-1.04,-0.05,1013.2,16.3,-40.5,14.4,9.91,0,0.00
214.644,2.75,-0.25,3.29,0.43,-0.52,-0.71,1013.4,16.4,-38.4,14.4,9.91,0,0.00
214.758,-3.20,-0.13,5.51,0.43,0.26,-0.20,1013.8,16.6,-41.6,14.4,9.91,0,0.00
214.855,1.27,-1.54,8.19,0.28,0.23,0.03,1013.1,16.3,-40.5,14.4,9.91,0,0.00
214.952,0.53,4.46,14.84,-0.46,-0.41,0.11,1013.5,16.4,-37.4,14.4,9.91,0,0.00
215.049,0.79,1.03,6.58,0.40,-0.63,0.09,1013.6,16.4,-41.6,14.4,9.91,0,0.00
215.146,0.10,-0.40,7.70,-0.66,-1.31,-0.07,1013.6,16.2,-41.6,14.4,9.91,0,0.00
215.249,2.72,-0.38,9.88,-0.24,-0.45,0.24,1013.3,16.4,-37.4,14.4,9.91,0,0.00
215.347,5.86,-1.31,9.35,-0.09,0.03,0.10,1013.8,16.4,-38.4,14.4,9.91,0,0.00
215.445,6.34,1.23,5.19,-0.21,-2.22,0.13,1013.7,16.4,-40.5,14.4,9.91,0,0.00
215.543,-5.59,0.29,3.95,0.08,-0.79,-0.04,1013.3,16.4,-41.6,14.4,9.91,0,0.00
215.640,-1.05,-1.55,13.38,-0.35,-0.56,0.01,1013.6,16.4,-43.7,14.4,9.91,0,0.00
215.754,3.24,-0.61,24.36,0.49,0.60,0.11,1013.4,16.5,-44.7,14.4,9.91,0,0.00
215.851,6.22,-0.79,12.14,0.69,1.75,-0.17,1013.4,16.4,-41.6,14.4,9.91,0,0.00
215.948,2.50,0.55,4.76,1.02,1.23,-0.01,1013.6,16.4,-40.5,14.4,9.91,0,0.00
216.045,3.46,0.29,12.96,-0.06,-0.79,-0.02,1013.4,16.4,-40.5,14.4,9.91,0,0.00
216.142,-2.73,-1.48,9.86,-0.65,-0.11,-0.09,1013.8,16.4,-37.4,14.4,9.91,0,0.00
216.257,1.03,-1.35,4.53,-0.36,0.11,0.00,1013.5,16.4,-40.5,14.4,9.91,0,0.00
216.400,-3.72,-0.73,9.35,-0.11,0.60,-0.07,1013.8,16.3,-41.6,14.4,9.36,0,0.00
216.450,-5.53,4.27,3.06,0.41,0.11,-0.24,1013.8,16.4,-38.4,14.4,9.36,0,0.00
216.547,-1.61,0.39,15.24,-0.25,0.68,-0.01,1013.3,16.4,-38.4,14.4,9.36,0,0.00
216.644,1.83,1.44,5.86,0.42,0.36,-0.26,1013.3,16.5,-41.6,14.4,9.36,0,0.00
216.758,-0.57,-1.13,6.14,0.14,0.09,-0.25,1013.6,16.2,-46.8,14.4,9.36,0,0.00
216.855,0.14,-0.79,13.31,-0.13,-0.17,-0.16,1013.3,16.4,-43.7,14.4,9.36,0,0.00
216.952,5.80,-0.66,8.52,-0.60,-0.65,0.01,1013.6,16.4,-41.6,14.4,9.36,0,0.00
217.049,1.36,-0.84,7.40,-0.14,0.14,-0.22,1013.2,16.2,-40.5,14.4,9.36,0,0.00
217.146,3.07,-0.76,8.84,-0.17,-0.16,-0.20,1013.0,16.4,-37.4,14.4,9.36,0,0.00
217.236,3.32,-2.04,9.82,-0.34,-0.05,-0.15,1013.5,16.4,-43.7,14.4,9.36,0,0.00
217.357,2.91,1.85,9.73,-0.49,-0.13,-0.15,1012.8,16.3,-41.6,14.4,9.36,0,0.00
217.464,1.35,1.92,9.93,0.57,-0.16,0.03,1013.3,16.3,-41.6,14.4,8.56,0,0.00
217.538,1.19,1.76,8.33,0.58,-0.20,-0.04,1013.0,16.6,-41.6,14.4,8.56,0,0.00
217.660,3.42,0.52,11.79,0.03,-0.08,-0.03,1013.5,16.5,-40.5,14.4,8.56,0,0.00
217.750,-0.67,1.46,6.66,0.41,0.11,-0.06,1013.5,16.3,-37.4,14.4,8.56,0,0.00
217.847,2.69,1.81,8.89,0.24,-0.02,0.02,1013.8,16.3,-40.5,14.4,8.56,0,0.00
217.944,2.64,0.79,9.71,-0.18,-0.09,0.02,1013.9,16.4,-38.4,14.4,8.56,0,0.00
218.041,1.92,1.50,9.62,-0.03,0.01,-0.01,1013.5,16.4,-41.6,14.4,8.56,0,0.00
218.138,1.08,1.17,10.20,0.07,0.11,-0.06,1013.4,16.4,-41.6,14.4,8.56,0,0.00
218.252,2.26,0.28,10.54,-0.04,0.01,-0.02,1013.1,16.4,-41.6,14.4,8.56,0,0.00
218.349,-0.30,0.35,11.01,-0.05,-0.03,0.04,1013.6,16.2,-41.6,14.4,8.56,0,0.00
218.447,1.90,-0.71,9.72,0.11,0.03,-0.06,1013.4,16.4,-40.5,14.4,8.56,0,0.00
218.612,0.67,1.41,9.23,0.27,0.01,-0.02,1013.8,16.3,-38.4,14.4,8.56,0,0.00
218.637,1.70,0.91,10.41,-0.02,-0.00,0.01,1013.0,16.4,-38.4,14.4,8.56,0,0.00
218.752,0.90,0.67,9.90,-0.06,0.01,0.02,1013.4,16.4,-40.5,14.4,8.56,0,0.00
218.849,1.36,-1.46,8.13,0.45,-0.05,0.08,1013.6,16.2,-41.6,14.4,8.56,0,0.00
218.946,4.40,0.37,10.97,0.34,-0.15,-0.36,1013.3,16.4,-40.5,14.4,8.56,0,0.00
219.043,0.92,0.23,7.05,0.86,-0.10,-0.19,1013.9,16.4,-40.5,14.4,8.56,0,0.00
219.140,1.01,-1.46,8.64,0.24,-0.11,-0.31,1013.3,16.4,-38.4,14.4,8.56,0,0.00
219.254,-0.96,1.95,9.68,0.78,-0.01,-0.04,1013.1,16.5,-43.7,14.4,8.56,0,0.00
219.351,1.20,2.59,9.16,0.17,-0.00,-0.03,1013.4,16.4,-41.6,14.4,8.56,0,0.00
219.449,1.29,1.71,9.45,0.06,0.03,0.09,1013.3,16.4,-40.5,14.4,0.57,0,0.00
219.546,1.81,1.34,9.78,0.08,0.04,0.13,1013.7,16.4,-41.6,14.4,0.57,0,0.00
219.677,1.99,1.93,9.68,0.06,0.02,0.07,1012.9,16.3,-41.6,14.4,0.57,0,0.00
219.743,1.76,1.76,9.76,-0.09,0.01,0.01,1013.5,16.5,-40.5,14.4,0.57,0,0.00
219.841,0.65,1.97,9.58,0.07,0.03,0.11,1013.3,16.2,-41.6,14.4,0.57,0,0.00
219.938,1.58,2.13,9.70,0.08,0.05,0.25,1013.8,16.6,-38.4,14.4,0.57,0,0.00
220.060,1.50,2.76,9.56,0.26,0.07,0.33,1013.3,16.4,-41.6,14.4,0.57,0,0.00
220.157,1.47,1.46,9.73,0.19,0.14,0.42,1013.3,16.3,-41.6,14.4,0.57,0,0.00
220.246,1.74,1.33,9.10,0.18,0.09,0.49,1013.6,16.4,-38.4,14.4,0.57,0,0.00
220.344,2.60,2.66,9.82,0.31,0.10,0.44,1013.6,16.5,-40.5,14.4,0.57,0,0.00
220.441,2.15,1.34,9.05,0.03,0.07,0.31,1013.6,16.3,-40.5,14.4,0.57,0,0.00
220.539,1.83,0.85,9.49,0.23,0.03,0.20,1013.3,16.5,-40.5,14.4,0.57,0,0.00
220.636,1.18,0.96,9.49,0.19,0.04,0.18,1013.5,16.4,-43.7,14.4,0.57,0,0.00
220.747,2.53,2.40,9.65,0.19,0.05,0.19,1013.5,16.4,-40.5,14.4,0.57,0,0.00
220.838,2.70,0.78,9.97,0.11,-0.00,0.04,1013.1,16.3,-41.6,14.4,0.57,0,0.00
220.959,3.92,1.22,9.80,-0.05,-0.09,-0.39,1013.5,16.3,-41.6,14.4,0.57,0,0.00
221.057,0.46,0.83,11.39,-0.08,-0.18,-0.64,1013.4,16.4,-43.7,14.4,0.57,0,0.00
221.154,1.33,0.52,5.47,-0.40,-0.51,-0.92,1013.1,16.3,-43.7,14.4,0.57,0,0.00
221.251,2.43,1.64,15.61,-0.73,-0.02,-0.91,1013.5,16.4,-44.7,14.4,0.57,0,0.00
221.341,0.78,4.84,5.80,-0.40,-0.18,-0.87,1013.0,16.4,-50.0,14.4,0.57,0,0.00
221.438,-1.02,2.12,8.86,0.47,-0.13,-0.88,1013.1,16.4,-46.8,14.4,0.57,0,0.00
221.536,0.99,2.44,11.59,-0.04,-0.46,-1.03,1013.4,16.3,-43.7,14.4,0.57,0,0.00
221.657,1.15,-0.99,8.65,-0.86,-0.51,-0.93,1013.7,16.5,-41.6,14.4,0.57,0,0.00
221.754,2.78,2.94,12.79,0.32,-0.03,-1.06,1013.1,16.4,-43.7,14.4,0.57,0,0.00
221.936,2.19,-1.84,15.86,-0.68,-0.16,-0.72,1013.6,16.3,-37.4,14.4,0.57,0,0.00
221.961,3.02,0.18,7.29,0.18,-0.32,-0.95,1013.3,16.3,-40.5,14.4,0.57,0,0.00
222.060,-1.12,1.58,9.99,-0.30,0.07,-0.85,1013.7,16.2,-40.5,14.4,0.57,0,0.00
222.157,1.78,2.49,7.98,-0.06,-0.06,-0.48,1013.3,16.3,-37.4,14.4,0.57,0,0.00
222.254,1.42,3.55,9.44,0.65,-0.18,-0.53,1013.7,16.2,-31.0,14.4,0.57,0,0.00
222.344,0.05,1.64,9.50,-0.34,0.04,-0.18,1013.5,16.4,-41.6,14.4,0.57,0,0.00
222.441,2.69,0.73,9.67,0.08,-0.05,-0.31,1013.6,16.2,-43.7,14.4,0.57,0,0.00
222.539,2.01,1.11,9.65,-0.18,-0.01,-0.48,1013.9,16.2,-40.5,14.4,0.57,0,0.00
222.636,1.71,1.96,9.44,-0.19,-0.06,-0.43,1013.7,16.2,-41.6,14.4,0.57,0,0.00
222.757,1.65,-1.46,9.56,-0.25,0.01,-0.54,1013.8,16.4,-41.6,14.4,0.57,0,0.00
222.847,0.86,2.43,10.01,0.14,-0.07,-0.65,1013.5,16.4,-37.4,14.4,0.57,0,0.00
222.979,1.12,1.30,9.84,0.06,-0.03,-0.30,1013.4,16.5,-40.5,14.4,0.57,0,0.00
223.054,0.65,1.68,9.95,0.05,-0.00,-0.19,1013.3,16.4,-38.4,14.4,0.57,0,0.00
223.151,2.37,2.87,9.79,0.02,-0.02,-0.11,1013.5,16.4,-41.6,14.4,0.57,0,0.00
223.248,1.31,0.60,9.68,0.11,-0.02,-0.26,1013.2,16.2,-40.5,14.4,0.57,0,0.00
223.338,0.68,0.62,9.58,-0.18,-0.01,-0.24,1013.5,16.4,-38.4,14.4,0.57,0,0.00
223.460,2.26,0.35,9.99,-0.22,-0.04,-0.29,1013.5,16.4,-34.2,14.4,0.00,0,0.00
223.557,4.82,2.47,12.38,-1.27,0.86,0.21,1013.5,16.4,-31.0,14.4,0.00,0,0.00
223.654,-2.07,-0.30,14.08,0.55,-0.06,-0.68,1013.9,16.4,-34.2,14.4,0.00,0,0.00
223.751,1.33,2.23,7.95,-0.37,-0.09,-0.49,1013.6,16.4,-40.5,14.4,0.00,0,0.00
223.841,1.91,-0.98,9.54,0.29,-0.08,-0.75,1013.6,16.4,-37.4,14.4,0.00,0,0.00
223.938,1.42,-1.07,8.53,-0.20,-0.30,-0.77,1013.2,16.5,-37.4,14.4,0.00,0,0.00
224.123,1.24,0.01,7.18,0.06,-0.27,-0.83,1013.9,16.3,-37.4,14.4,0.00,0,0.00
224.148,1.06,-0.32,9.45,-0.49,-0.49,-0.77,1013.9,16.4,-37.4,14.4,0.00,0,0.00
224.246,2.31,-0.04,6.83,0.26,-0.18,-1.03,1013.3,16.5,-38.4,14.4,0.00,0,0.00
224.360,1.86,3.47,10.42,0.61,-0.10,-0.69,1013.7,16.2,-41.6,14.4,0.00,0,0.00
224.458,0.48,-0.20,8.25,0.57,-0.03,-1.11,1013.4,16.4,-38.4,14.4,0.00,0,0.00
224.555,1.51,-2.10,10.44,-0.29,0.14,-1.17,1013.6,16.4,-38.4,14.4,0.00,0,0.00
224.652,1.33,-3.38,10.20,-1.54,-0.10,-0.99,1013.6,16.4,-40.5,14.4,0.00,0,0.00
224.749,0.90,2.63,9.58,-0.29,0.05,-0.77,1013.8,16.4,-41.6,14.4,0.00,0,0.00
224.838,-0.11,0.57,9.83,-0.10,0.13,-0.71,1013.4,16.4,-40.5,14.4,0.00,0,0.00
224.936,-0.22,0.10,11.71,-0.64,0.22,-0.56,1013.6,16.3,-40.5,14.4,0.00,0,0.00
225.058,-0.45,0.08,12.44,0.22,0.14,-0.51,1013.9,16.4,-41.6,14.4,0.00,0,0.00
225.190,0.26,1.88,8.21,0.17,-0.22,-0.68,1013.6,16.5,-41.6,14.4,0.00,0,0.00
225.240,1.21,0.94,8.61,-0.23,-0.03,-0.71,1013.6,16.2,-41.6,14.4,0.00,0,0.00
225.353,-0.05,0.28,9.06,-0.08,-0.16,-0.57,1013.3,16.5,-43.7,14.4,0.00,0,0.00
225.452,1.73,3.48,9.19,0.89,-0.16,-0.76,1013.4,16.4,-41.6,14.4,0.00,0,0.00
225.549,-0.31,2.38,10.11,-0.35,0.07,-0.45,1013.1,16.4,-37.4,14.4,0.00,0,0.00
225.646,2.46,2.53,9.60,-0.05,-0.05,-0.32,1013.3,16.4,-43.7,14.4,0.00,0,0.00
225.743,0.72,-0.00,9.72,-0.23,-0.01,-0.37,1013.4,16.4,-38.4,14.4,0.00,0,0.00
225.856,0.68,3.22,9.73,-0.22,0.02,-0.13,1013.1,16.4,-41.6,14.4,0.00,0,0.00
225.954,1.57,1.75,10.12,-0.01,-0.01,-0.12,1013.6,16.2,-43.7,14.4,0.00,0,0.00
226.052,0.81,0.48,9.96,-0.22,0.03,-0.12,1013.5,16.5,-41.6,14.4,0.00,0,0.00
226.149,0.78,1.94,9.83,-0.03,-0.01,-0.10,1013.5,16.4,-37.4,14.4,0.00,0,0.00
226.334,3.05,3.46,9.99,0.17,-0.05,-0.11,1013.7,16.4,-40.5,14.4,0.00,0,0.00
226.376,1.68,-0.49,9.74,-0.59,-0.02,-0.19,1012.9,16.4,-35.2,14.4,0.00,0,0.00
226.451,3.69,2.91,10.23,-0.03,-0.09,-0.10,1012.9,16.2,-41.6,14.4,0.00,0,0.00
226.548,2.70,-1.05,9.77,0.06,0.00,-0.12,1014.2,16.4,-38.4,14.4,0.00,0,0.00
226.645,2.43,-0.34,9.13,-0.50,0.16,0.02,1012.8,16.4,-41.6,14.4,0.00,0,0.00
226.742,0.85,0.70,9.21,-0.07,0.22,0.04,1013.6,16.5,-41.6,14.4,0.00,0,0.00
226.839,4.15,-1.48,10.51,-0.33,0.42,-0.14,1013.4,16.3,-38.4,14.4,0.00,0,0.00
226.953,1.91,-0.48,17.89,-0.62,0.01,-0.16,1013.7,16.4,-34.2,14.4,0.00,0,0.00
227.051,1.11,7.50,11.77,0.97,0.14,0.28,1013.4,16.4,-37.4,14.4,0.00,0,0.00
227.148,-1.16,-4.38,15.72,0.10,0.54,0.31,1013.5,16.5,4.7,14.5,0.00,0,10.03
227.245,3.26,3.52,8.62,-0.59,-0.60,0.74,1014.1,16.3,-16.3,14.4,0.00,0,0.00
227.342,-2.19,-2.59,8.74,-0.31,0.17,0.32,1013.3,16.2,-31.0,14.4,0.00,0,0.00
227.444,1.04,2.79,9.69,0.83,-0.43,0.27,1013.2,16.4,-40.5,14.4,0.00,0,0.00
227.542,-3.18,3.74,4.53,0.36,0.19,0.46,1013.7,16.3,-38.4,14.4,0.00,0,0.00
227.639,-1.14,-2.41,9.33,-0.55,-0.06,0.22,1013.5,16.4,-37.4,14.4,0.00,0,0.00
227.736,4.09,-0.45,9.66,-0.44,-0.50,0.25,1013.4,16.4,-41.6,14.4,0.00,0,0.00
227.857,1.49,-1.48,13.13,-0.80,-1.49,0.47,1013.5,16.3,-41.6,14.4,0.00,0,0.00
227.947,-0.25,-2.40,9.24,-0.24,-0.07,0.20,1013.7,16.4,-41.6,14.4,0.00,0,0.00
228.045,3.00,-1.63,6.10,-0.72,-0.74,0.31,1013.6,16.4,-19.5,14.4,0.00,0,0.00
228.143,5.66,0.47,6.77,1.07,-1.13,0.22,1013.5,16.4,-6.8,14.4,0.00,0,0.00
228.240,0.11,-0.16,8.26,-0.28,-0.05,0.20,1013.6,16.4,-8.9,14.4,0.00,0,0.00
228.337,9.60,-6.32,22.00,-0.46,-1.60,0.00,1013.7,16.5,7.9,14.5,0.00,0,12.95
228.547,0.90,0.27,4.10,-0.19,-0.18,-0.41,1014.0,16.4,-31.0,14.4,0.00,0,0.00
228.669,0.70,-1.38,8.28,-0.22,0.04,-0.46,1013.4,16.4,41.6,14.5,0.00,0,29.71
228.766,6.34,-2.03,11.06,-0.98,-0.58,-0.34,1013.7,16.6,22.6,14.5,0.00,0,21.92
228.864,-0.15,4.87,9.54,1.03,0.88,-0.65,1013.6,16.4,-43.7,14.4,0.00,0,0.00
228.954,2.49,-2.74,15.02,-0.71,-0.90,-0.39,1013.3,16.2,-38.4,14.4,0.00,0,0.00
229.051,-0.83,-0.28,10.45,-0.63,0.04,-0.35,1013.2,16.5,-19.5,14.4,0.00,0,0.00
229.148,-0.59,0.83,12.41,-0.12,0.37,-0.42,1013.1,16.4,-59.4,14.4,0.00,0,0.00
229.269,3.16,-1.61,7.08,-0.74,-0.77,-0.09,1013.3,16.4,-43.7,14.4,0.00,0,0.00
229.366,-3.86,0.05,11.74,-0.23,0.21,-0.40,1013.3,16.4,-41.6,14.4,0.00,0,0.00
229.457,5.81,1.47,13.54,-0.89,0.35,-0.06,1012.9,16.3,-41.6,14.4,0.00,0,0.00
229.554,0.36,2.51,10.89,-0.12,0.34,-0.16,1013.8,16.4,-40.5,14.4,0.00,0,0.00
229.663,-4.36,-2.46,9.61,-0.01,1.30,-0.09,1013.4,16.6,-41.6,14.4,0.00,0,0.00
229.760,-2.10,0.12,16.28,-0.03,0.12,0.17,1013.6,16.4,-8.9,14.4,0.00,0,0.00
229.858,-1.07,-1.51,12.49,-0.33,0.57,0.15,1013.5,16.4,25.8,14.5,0.00,0,23.40
229.948,3.66,0.99,8.51,-0.05,0.27,0.50,1013.9,16.4,13.2,14.5,0.00,0,16.72
230.069,-0.18,-0.44,6.62,-0.71,0.49,0.28,1013.4,16.5,-28.9,14.4,0.00,0,0.00
230.166,1.40,3.67,13.94,0.99,-0.02,0.23,1013.2,16.5,-43.7,14.4,0.00,0,0.00
230.263,-7.87,0.96,4.87,1.42,1.37,-0.16,1013.2,16.5,-43.7,14.4,0.00,0,0.00
230.360,-1.28,-0.90,-6.26,-0.01,-2.24,0.18,1013.7,16.6,1.6,14.5,0.00,0,5.79
230.451,-0.83,-0.20,7.11,-0.06,0.04,0.06,1013.2,16.4,10.0,14.5,0.00,0,14.57
230.548,1.59,-0.21,8.27,-0.90,-1.22,0.21,1013.3,16.6,-50.0,14.4,0.00,0,0.00
230.679,-6.86,-2.93,5.32,-0.07,0.82,0.18,1013.0,16.4,-43.7,14.4,0.00,0,0.00
230.753,-0.62,-1.02,10.83,-0.23,0.74,0.36,1012.9,16.4,-44.7,14.4,0.00,0,0.00
230.851,2.70,6.46,10.33,-0.06,1.83,0.44,1013.7,16.5,-44.7,14.4,0.00,48,0.00
230.965,-0.91,-1.41,14.88,-0.45,-0.11,0.51,1013.5,16.6,-46.8,14.4,0.00,48,0.00
231.062,3.61,1.51,16.97,1.23,0.43,0.04,1013.4,16.6,-34.2,14.4,0.00,48,0.00
231.159,-4.39,1.94,6.62,0.89,-0.41,0.10,1013.5,16.4,-50.0,14.4,0.00,48,0.00
231.256,0.35,2.00,4.23,1.08,0.37,-0.33,1013.8,16.4,-43.7,14.4,0.00,48,0.00
231.353,9.19,0.17,2.85,-0.12,-0.46,-0.11,1013.3,16.4,-34.2,14.4,0.00,48,0.00
231.468,0.63,-0.76,-1.82,1.04,1.11,-0.17,1013.9,16.4,-46.8,14.4,0.00,48,0.00
231.565,-0.32,-0.94,13.29,-1.05,-0.74,-0.33,1013.0,16.5,-47.9,14.4,0.00,48,0.00
231.662,-4.90,-0.13,6.57,0.57,0.89,-0.19,1013.7,16.4,-46.8,14.4,0.00,48,0.00
231.819,-0.34,-1.16,-0.17,-0.27,0.51,-0.29,1013.2,16.4,-40.5,14.4,0.00,53,0.00
231.869,3.43,3.17,12.67,0.61,0.96,-0.16,1013.3,16.4,-40.5,14.4,0.00,53,0.00
231.958,5.30,-0.70,11.94,-0.54,-1.62,0.11,1013.5,16.3,-43.7,14.4,0.00,53,0.00
232.056,2.41,-0.67,3.58,-0.61,-1.37,0.14,1013.6,16.5,-43.7,14.4,0.00,53,0.00
232.153,-3.36,0.35,8.54,0.47,0.99,0.21,1013.7,16.5,-43.7,14.4,0.00,53,0.00
232.250,4.70,-1.31,9.02,-0.24,-0.54,-0.03,1013.5,16.5,-44.7,14.4,0.00,53,0.00
232.347,-6.41,-2.88,11.42,-0.13,0.90,-0.17,1013.0,16.4,-44.7,14.4,0.00,53,0.00
232.461,1.82,1.09,9.52,-0.78,-1.36,0.26,1013.6,16.5,-38.4,14.4,0.29,53,0.00
232.559,2.72,5.71,11.67,0.23,0.75,0.10,1013.8,16.5,-47.9,14.4,0.29,53,0.00
232.656,5.33,-0.87,10.70,-0.05,-0.99,0.24,1013.9,16.4,-44.7,14.4,0.29,53,0.00
232.753,1.25,-1.68,18.13,0.48,-0.89,0.14,1014.0,16.5,-34.2,14.4,0.29,53,0.00
232.886,6.22,-0.11,14.49,0.78,1.12,-0.04,1013.8,16.4,-19.5,14.4,0.29,61,0.00
232.976,0.57,-1.63,6.03,-0.15,-0.03,-0.01,1013.3,16.4,-47.9,14.4,0.29,61,0.00
233.050,-0.29,1.92,1.15,0.11,0.27,0.32,1013.4,16.5,-44.7,14.4,0.29,61,0.00
233.147,7.57,-0.40,7.68,0.37,-0.67,0.23,1013.5,16.4,-46.8,14.4,0.29,61,0.00
233.268,4.18,-2.30,13.57,0.16,-0.23,0.34,1013.4,16.5,-44.7,14.4,0.29,61,0.00
233.365,-1.76,0.50,10.14,0.17,0.61,-0.16,1013.8,16.5,-44.7,14.4,0.29,61,0.00
233.479,2.38,0.10,11.96,-0.77,0.36,-0.11,1013.4,16.4,-43.7,14.4,6.17,61,0.00
233.552,-0.13,2.77,6.53,-0.04,-0.30,0.17,1013.3,16.4,-46.8,14.4,6.17,61,0.00
233.649,2.16,-3.31,21.67,-0.14,-2.01,0.42,1013.3,16.6,-46.8,14.4,6.17,61,0.00
233.770,10.73,3.45,3.60,1.03,1.19,-0.34,1013.0,16.6,-47.9,14.4,6.17,61,0.00
233.868,6.16,1.67,11.49,0.21,0.77,0.06,1013.9,16.4,-46.8,14.4,6.17,47,0.00
234.030,0.86,-0.47,22.44,0.05,0.37,0.27,1013.7,16.4,-43.7,14.4,6.17,47,0.00
234.072,2.63,2.91,16.06,1.43,0.86,0.17,1013.4,16.5,-46.8,14.4,6.17,47,0.00
234.170,-0.95,-3.95,6.64,0.70,2.91,-0.11,1013.3,16.4,-43.7,14.4,6.17,47,0.00
234.267,0.44,-2.84,2.42,-0.31,-0.48,-0.18,1013.6,16.4,-43.7,14.4,6.17,47,0.00
234.364,1.42,3.57,10.03,0.42,-0.55,-0.29,1013.5,16.4,-46.8,14.4,6.17,47,0.00
234.462,-9.02,-1.14,7.44,0.33,0.87,-0.26,1013.8,16.5,-43.7,14.4,6.63,47,0.00
234.575,-0.46,0.05,11.81,-0.43,-0.18,-0.22,1013.8,16.5,-43.7,14.4,6.63,47,0.00
234.649,-1.43,0.07,15.28,0.32,0.17,-0.24,1013.7,16.5,-46.8,14.4,6.63,47,0.00
234.770,5.68,0.05,8.36,-0.87,-1.23,-0.43,1013.7,16.6,-43.7,14.4,6.63,47,0.00
234.868,4.63,-1.88,6.98,-0.71,-1.02,-0.25,1013.7,16.4,-46.8,14.4,6.63,41,0.00
234.965,5.68,-2.27,9.01,-0.10,-0.79,-0.43,1014.0,16.4,-43.7,14.4,6.63,41,0.00
235.114,0.88,0.21,12.04,-0.07,-0.88,-0.22,1013.2,16.6,-41.6,14.4,6.63,41,0.00
235.164,10.85,1.52,21.49,0.14,1.35,-0.50,1013.2,16.4,-41.6,14.4,6.63,41,0.00
235.261,0.58,0.59,8.82,-0.02,-0.45,0.10,1013.1,16.4,-43.7,14.4,6.63,41,0.00
235.358,0.16,-1.29,12.12,-0.47,-0.77,0.21,1013.6,16.6,-40.5,14.4,6.63,41,0.00
235.456,7.95,-0.45,11.05,0.19,-0.40,0.19,1013.5,16.4,-38.4,14.4,7.02,41,0.00
235.553,1.48,-2.04,14.09,-0.50,-1.45,0.28,1013.5,16.4,-35.2,14.4,7.02,41,0.00
235.667,7.52,-0.55,8.08,0.33,-0.00,-0.04,1013.5,16.4,-44.7,14.4,7.02,41,0.00
235.764,-3.53,-1.72,0.62,-0.58,0.63,-0.16,1013.2,16.6,-41.6,14.4,7.02,41,0.00
235.862,4.25,3.00,12.06,0.19,0.92,0.06,1013.3,16.6,-44.7,14.4,7.02,48,0.00
235.959,0.42,0.02,11.67,-0.16,0.98,-0.01,1013.2,16.6,-43.7,14.4,7.02,48,0.00
236.056,0.05,-0.86,5.98,0.22,-0.89,0.12,1013.7,16.5,-43.7,14.4,7.02,48,0.00
236.158,1.57,0.25,9.50,0.15,-0.36,0.05,1013.3,16.4,-43.7,14.4,7.02,48,0.00
236.256,4.30,0.27,19.02,-0.16,-0.69,0.38,1013.4,16.5,-44.7,14.4,7.02,48,0.00
236.353,7.22,-1.51,7.84,-1.01,-2.02,0.04,1013.7,16.4,-40.5,14.4,7.02,48,0.00
236.451,-5.62,-0.33,9.25,0.33,0.03,-0.08,1013.5,16.6,-43.7,14.4,7.02,48,0.00
236.548,5.19,-1.70,11.58,-0.87,0.22,0.07,1013.7,16.6,-40.5,14.4,7.02,48,0.00
236.662,1.29,0.70,13.30,-0.45,0.60,0.08,1013.4,16.4,-37.4,14.4,7.02,48,0.00
236.759,-2.24,0.97,11.89,-0.02,-0.10,0.04,1013.7,16.6,-44.7,14.4,7.02,48,0.00
236.857,-3.49,-0.01,12.38,0.02,1.14,-0.26,1013.5,16.4,-41.6,14.4,7.02,49,0.00
236.954,2.82,1.29,18.11,-0.04,0.29,0.09,1013.1,16.5,-46.8,14.4,7.02,49,0.00
237.051,2.48,-1.44,16.18,-0.15,0.29,0.05,1013.6,16.6,-44.7,14.4,7.02,49,0.00
237.165,6.74,-1.00,13.62,-0.23,-0.51,0.28,1013.6,16.5,-43.7,14.4,7.02,49,0.00
237.304,-6.51,4.48,4.55,0.83,0.81,0.59,1013.1,16.4,-44.7,14.4,7.02,49,0.00
237.354,5.30,-1.81,18.65,-0.44,-1.75,0.49,1013.0,16.4,-43.7,14.4,7.02,49,0.00
237.452,2.73,-2.80,5.00,-1.54,-0.99,0.71,1013.2,16.5,-44.7,14.4,7.78,49,0.00
237.549,-1.63,1.50,7.39,-0.35,0.18,0.12,1013.2,16.5,-37.4,14.4,7.78,49,0.00
237.663,-7.91,1.44,-12.25,0.58,0.82,-0.26,1013.7,16.5,-41.6,14.4,7.78,49,0.00
237.760,5.05,-1.05,11.18,-0.06,-0.30,0.31,1013.3,16.3,-47.9,14.4,7.78,49,0.00
237.858,1.29,2.76,8.37,0.21,-0.86,0.04,1013.6,16.6,-41.6,14.4,7.78,54,0.00
237.955,4.13,1.34,14.92,0.75,1.46,-0.18,1013.6,16.4,-41.6,14.4,7.78,54,0.00
238.052,-2.89,2.70,5.94,0.00,1.02,0.27,1013.7,16.4,-43.7,14.4,7.78,54,0.00
238.166,6.01,0.84,8.22,0.47,-0.52,-0.02,1013.4,16.6,-41.6,14.4,7.78,54,0.00
238.263,7.94,1.06,10.32,0.06,-1.05,0.28,1013.6,16.5,-44.7,14.4,7.78,54,0.00
238.371,-7.09,-1.18,12.35,0.21,0.21,0.31,1013.0,16.5,-41.6,14.4,7.78,54,0.00
238.470,6.20,2.37,19.36,0.86,1.06,-0.17,1013.6,16.6,-44.7,14.4,8.11,54,0.00
238.567,-1.79,-1.91,-5.12,-0.29,-1.96,0.23,1013.4,16.4,-43.7,14.4,8.11,54,0.00
238.656,0.30,-3.10,9.48,-1.04,-0.16,0.07,1013.4,16.7,-43.7,14.4,8.11,58,0.00
238.754,8.87,0.02,11.54,-1.12,-0.40,0.07,1013.1,16.4,-43.7,14.4,8.11,58,0.00
238.851,-5.28,-0.35,4.36,0.33,-0.35,-0.24,1013.3,16.5,-43.7,14.4,8.11,58,0.00
238.948,2.95,-2.39,4.50,0.06,-1.07,-0.17,1013.8,16.5,-43.7,14.4,8.11,58,0.00
239.069,3.38,-2.39,5.05,-0.74,-1.48,0.08,1013.6,16.4,-46.8,14.4,8.11,58,0.00
239.158,-0.51,-2.05,9.46,-0.92,0.63,0.22,1013.5,16.4,-47.9,14.4,8.11,58,0.00
239.256,5.48,-1.87,13.81,0.07,-0.96,0.11,1013.6,16.4,-44.7,14.4,8.11,58,0.00
239.353,4.14,0.11,11.71,0.42,-0.03,-0.30,1013.5,16.4,-44.7,14.4,8.11,58,0.00
239.512,11.50,4.45,19.44,1.62,-2.06,-0.11,1013.5,16.2,-41.6,14.4,8.52,58,0.00
239.562,7.34,6.77,8.05,0.61,1.78,-0.73,1013.4,16.5,-43.7,14.4,8.52,58,0.00
239.676,6.10,-1.68,16.80,1.07,-1.60,-0.85,1013.7,16.4,-44.7,14.4,8.52,55,0.00
239.749,10.21,-2.03,10.91,0.23,0.82,-0.57,1013.1,16.5,-41.6,14.4,8.52,55,0.00
239.870,5.69,3.46,2.06,0.82,-1.69,-0.17,1013.3,16.5,-46.8,14.4,8.52,55,0.00
239.967,-2.82,-0.87,11.15,0.02,0.00,0.12,1013.2,16.4,-44.7,14.4,8.52,55,0.00
240.064,9.78,2.22,7.91,0.25,-0.05,0.03,1013.3,16.2,-46.8,14.4,8.52,55,0.00
240.177,-1.03,2.71,8.83,0.49,0.80,0.22,1013.2,16.6,-41.6,14.4,8.52,55,0.00
240.251,-0.13,-1.44,13.99,0.03,0.12,-0.13,1013.5,16.6,-43.7,14.4,8.52,55,0.00
240.348,-3.97,3.06,1.79,-1.17,-2.11,-0.23,1013.6,16.5,-38.4,14.4,8.52,55,0.00
240.471,0.43,1.75,-14.52,0.33,0.45,-0.62,1013.2,16.6,-44.7,14.4,8.64,55,0.00
240.579,0.99,-1.38,16.02,0.39,1.38,0.05,1013.0,16.6,-43.7,14.4,8.64,55,0.00
240.654,-2.56,-0.63,11.90,0.08,0.38,0.06,1013.6,16.2,-43.7,14.4,8.64,43,0.00
240.768,-2.66,-1.88,6.66,-1.00,-0.26,0.77,1013.5,16.4,-43.7,14.4,8.64,43,0.00
240.865,-5.88,-0.59,10.17,-1.46,0.35,0.79,1013.3,16.4,-41.6,14.4,8.64,43,0.00
240.962,3.25,5.46,7.17,0.23,0.99,-0.16,1013.3,16.6,-43.7,14.4,8.64,43,0.00
241.059,0.11,-0.38,4.96,0.05,-0.29,0.11,1013.5,16.4,-41.6,14.4,8.64,43,0.00
241.156,12.87,4.48,1.46,1.04,1.45,0.02,1013.9,16.4,-44.7,14.4,8.64,43,0.00
241.270,6.92,-5.23,19.95,-0.10,-2.08,-0.43,1013.4,16.6,-44.7,14.4,8.64,43,0.00
241.367,0.93,0.56,6.34,0.32,-0.24,-0.26,1013.5,16.5,-44.7,14.4,8.64,43,0.00
241.465,2.72,-1.03,12.40,0.33,3.21,-0.82,1013.5,16.6,-46.8,14.4,8.85,43,0.00
241.562,0.20,0.24,10.23,-0.40,-0.35,-0.29,1013.9,16.5,-43.7,14.4,8.85,43,0.00
241.647,-1.14,-0.71,11.48,-0.96,-1.81,0.32,1013.7,16.4,-46.8,14.4,8.85,38,0.00
241.762,1.42,-0.30,2.05,-0.48,0.95,-0.00,1013.5,16.4,-44.7,14.4,8.85,38,0.00
241.859,3.88,-3.55,9.21,-1.51,-0.91,-0.00,1013.6,16.5,-43.7,14.4,8.85,38,0.00
241.956,8.74,1.85,22.15,0.84,2.13,-0.39,1013.6,16.5,-46.8,14.4,8.85,38,0.00
242.053,-3.78,-7.81,10.52,0.10,-1.14,0.27,1014.0,16.6,-46.8,14.4,8.85,38,0.00
242.150,-2.97,3.80,7.42,0.47,0.89,0.12,1013.5,16.6,-43.7,14.4,8.85,38,0.00
242.264,4.38,-0.49,3.56,0.03,-1.91,0.11,1013.0,16.5,-40.5,14.4,8.85,38,0.00
242.361,-4.07,-0.11,-0.62,0.62,1.22,-0.04,1013.2,16.4,-47.9,14.4,8.85,38,0.00
242.459,1.22,2.42,18.07,-0.37,-0.65,0.35,1013.6,16.4,-44.7,14.4,8.98,38,0.00
242.556,8.20,4.10,21.96,1.08,1.03,0.03,1013.7,16.5,-43.7,14.4,8.98,38,0.00
242.654,-5.54,0.91,1.70,1.48,0.68,0.12,1013.5,16.6,-44.7,14.4,8.98,32,0.00
242.789,-8.49,-2.28,11.39,-0.15,1.93,-0.15,1013.5,16.4,-41.6,14.4,8.98,32,0.00
242.856,6.82,1.28,15.76,1.30,1.53,-0.34,1014.1,16.4,-2.6,14.4,8.98,32,0.00
242.953,-7.79,-1.03,1.36,1.53,-0.45,-0.12,1013.9,16.5,-6.8,14.4,8.98,32,0.00
243.050,-3.07,-3.01,13.91,0.50,0.48,0.12,1013.3,16.5,-57.3,14.4,8.98,32,0.00
243.147,3.14,-2.10,17.31,0.67,0.71,-0.20,1013.8,16.6,-46.8,14.4,8.98,32,0.00
243.268,-1.55,-1.12,5.23,-1.10,-0.29,-0.01,1013.3,16.6,-41.6,14.4,8.98,32,0.00
243.358,6.98,3.78,11.61,0.87,1.53,-0.05,1013.4,16.4,-3.7,14.4,8.98,32,0.00
243.456,-1.58,0.98,3.53,-0.18,1.49,-0.13,1013.7,16.4,-43.7,14.4,9.08,32,0.00
243.553,4.96,-1.74,2.90,-0.87,-1.90,-0.12,1013.7,16.6,-28.9,14.4,9.08,32,0.00
243.651,1.86,0.17,7.59,-0.61,-0.31,-0.00,1013.6,16.5,-28.9,14.4,9.08,27,0.00
243.748,5.30,1.68,12.90,0.64,0.66,-0.22,1013.5,16.4,-34.2,14.4,9.08,27,0.00
243.873,4.23,-1.52,15.59,-0.37,0.02,-0.02,1013.5,16.5,-44.7,14.4,9.08,27,0.00
243.947,9.78,-0.50,11.02,0.08,-0.55,-0.05,1014.0,16.4,-41.6,14.4,9.08,27,0.00
244.068,1.51,0.90,-2.43,0.49,0.05,-0.42,1013.2,16.5,-44.7,14.4,9.08,27,0.00
244.165,1.88,-1.35,9.54,-0.39,-0.52,0.19,1013.8,16.4,-38.4,14.4,9.08,27,0.00
244.262,3.55,0.15,7.82,-0.10,-0.73,-0.12,1013.5,16.4,-43.7,14.4,9.08,27,0.00
244.351,9.73,-0.82,17.95,-0.19,3.75,-0.50,1013.6,16.4,-35.2,14.4,9.08,27,0.00
244.450,8.61,3.69,4.45,-0.35,-1.81,0.12,1013.8,16.6,-44.7,14.4,9.16,27,0.00
244.547,2.26,-3.66,16.44,-0.87,-1.95,0.03,1013.6,16.4,-43.7,14.4,9.16,27,0.00
244.670,-0.53,3.63,-3.06,1.15,1.79,-0.02,1013.6,16.6,-46.8,14.4,9.16,34,0.00
244.767,-7.81,4.80,-0.64,0.17,1.80,0.35,1013.4,16.5,-47.9,14.4,9.16,34,0.00
244.856,3.28,1.76,10.49,0.13,0.51,0.20,1013.4,16.5,-41.6,14.4,9.16,34,0.00
244.997,7.66,-1.21,13.27,0.24,-0.54,-0.16,1013.5,16.4,-35.2,14.4,9.16,34,0.00
245.047,-0.12,2.70,5.65,-0.50,0.92,0.65,1013.1,16.4,-40.5,14.4,9.16,34,0.00
245.168,12.11,-0.98,12.84,-1.23,-1.03,0.38,1013.4,16.4,-25.8,14.4,9.16,34,0.00
245.265,-0.85,3.00,7.05,0.81,0.81,0.18,1013.3,16.4,-46.8,14.4,9.16,34,0.00
245.378,4.03,0.23,15.56,0.01,-0.52,0.16,1013.0,16.6,-41.6,14.4,9.16,34,0.00
245.453,-3.90,2.98,2.91,-0.97,-1.29,0.17,1013.6,16.6,-37.4,14.4,9.29,34,0.00
245.550,11.41,-7.43,24.72,-0.96,-3.22,-0.29,1013.9,16.6,-44.7,14.4,9.29,34,0.00
245.648,-3.68,4.19,10.41,0.38,1.20,0.60,1013.7,16.5,-44.7,14.4,9.29,34,0.00
245.769,3.60,0.20,5.11,0.61,1.34,-0.12,1013.4,16.4,-47.9,14.4,9.29,34,0.00
245.882,5.78,-2.31,8.16,-0.16,-1.44,0.26,1013.5,16.5,-41.6,14.4,9.29,34,0.00
245.956,-1.61,1.91,23.63,1.63,1.00,0.09,1013.6,16.4,-40.5,14.4,9.29,34,0.00
246.064,3.06,-0.13,22.22,-0.22,-1.69,0.07,1013.4,16.5,-32.1,14.4,9.29,34,0.00
246.162,9.76,-3.25,14.70,-1.42,-0.87,0.02,1013.6,16.4,14.2,14.5,9.29,34,17.37
246.259,11.51,4.78,13.17,0.39,1.27,-0.66,1013.5,16.5,45.8,14.5,9.29,34,31.18
246.356,-4.40,0.89,4.76,0.62,1.24,-0.63,1013.3,16.6,-46.8,14.4,9.29,34,0.00
246.447,-3.43,0.12,3.47,-0.87,1.30,0.48,1013.8,16.4,-46.8,14.4,9.43,34,0.00
246.568,3.68,2.43,3.24,-0.74,0.22,-0.02,1013.4,16.6,-43.7,14.4,9.43,34,0.00
246.666,8.49,-4.04,9.46,1.10,-0.03,-1.01,1013.4,16.6,-22.6,14.4,9.43,30,0.00
246.763,7.76,-0.57,8.53,0.88,0.65,-0.30,1013.5,16.4,3.7,14.5,9.43,30,8.85
246.860,-2.69,1.21,18.88,0.49,0.97,-0.18,1013.4,16.6,-44.7,14.4,9.43,30,0.00
246.950,4.04,-1.25,9.73,0.49,1.26,-0.28,1013.8,16.6,-6.8,14.4,9.43,30,0.00
247.047,0.85,2.05,11.18,-0.36,0.37,-0.08,1013.2,16.6,14.2,14.5,9.43,30,17.37
247.157,-2.38,1.66,4.43,0.38,0.58,-0.77,1013.2,16.4,-40.5,14.4,9.43,30,0.00
247.254,-7.35,4.64,20.04,-0.28,-0.53,0.02,1013.6,16.4,-40.5,14.4,9.43,30,0.00
247.351,-4.61,2.19,17.63,0.17,-0.09,-0.14,1013.5,16.4,-21.6,14.4,9.43,30,0.00
247.466,7.73,1.45,10.51,-1.11,0.33,0.13,1014.0,16.6,-34.2,14.4,9.57,30,0.00
247.563,4.44,1.20,8.08,0.31,1.07,-0.33,1013.5,16.5,-37.4,14.4,9.57,30,0.00
247.661,-1.58,1.04,8.15,-0.38,-1.40,0.11,1013.7,16.5,-43.7,14.4,9.57,44,0.00
247.758,1.42,0.78,7.12,0.03,0.03,-0.26,1013.4,16.4,-44.7,14.4,9.57,44,0.00
247.855,0.10,0.65,3.17,0.33,-0.19,-0.26,1013.5,16.4,-31.0,14.4,9.57,44,0.00
247.969,4.47,1.71,1.03,0.37,2.81,-0.24,1013.7,16.4,-44.7,14.4,9.57,44,0.00
248.066,9.78,-4.45,16.49,-0.70,-2.89,0.00,1013.9,16.6,-43.7,14.4,9.57,44,0.00
248.276,-2.51,-3.16,20.94,-0.73,-0.79,0.32,1013.1,16.3,-44.7,14.4,9.57,44,0.00
248.398,0.33,1.33,4.83,-0.43,-0.27,0.00,1013.6,16.5,-46.8,14.4,9.57,44,0.00
248.488,-4.84,1.13,12.48,0.77,0.53,0.22,1013.9,16.4,-46.8,14.4,9.65,44,0.00
248.585,5.44,0.27,12.05,0.94,1.01,0.38,1013.3,16.6,-46.8,14.4,9.65,44,0.00
248.683,0.08,6.09,8.17,0.99,1.38,-0.11,1013.5,16.5,-47.9,14.4,9.65,48,0.00
248.780,-15.71,-2.60,8.70,-0.35,1.29,0.40,1013.9,16.6,-44.7,14.4,9.65,48,0.00
248.877,-8.53,-1.67,-10.12,-0.55,1.53,-0.44,1013.9,16.5,-44.7,14.4,9.65,48,0.00
248.991,-5.55,0.25,4.70,-0.81,-0.18,0.11,1013.4,16.4,-35.2,14.4,9.65,48,0.00
249.088,-12.33,-3.72,14.23,-0.30,0.92,0.23,1013.1,16.4,-37.4,14.4,9.65,48,0.00
249.185,-0.53,-2.89,4.71,-1.33,-0.27,-0.01,1013.7,16.4,-31.0,14.4,9.65,48,0.00
249.282,-2.98,-0.82,17.40,-0.88,-0.98,0.18,1013.7,16.5,-32.1,14.4,9.65,48,0.00
249.391,-0.77,0.59,25.71,1.05,1.21,0.04,1013.6,16.4,-44.7,14.4,9.65,48,0.00
249.481,2.13,0.73,11.17,-0.08,1.10,-0.12,1013.3,16.6,-46.8,14.4,9.66,48,0.00
249.578,-6.46,2.32,-2.83,0.24,0.67,0.43,1013.7,16.6,-46.8,14.4,9.66,48,0.00
249.676,-4.85,-3.20,13.40,0.58,0.94,0.07,1013.3,16.5,-43.7,14.4,9.66,40,0.00
249.797,-11.57,-1.34,11.45,0.99,0.62,0.32,1013.4,16.6,-50.0,14.4,9.66,40,0.00
249.894,4.04,-1.52,17.70,1.58,0.36,-0.62,1013.5,16.6,-44.7,14.4,9.66,40,0.00
249.984,4.62,-0.83,3.81,0.67,-0.37,-0.30,1013.8,16.5,-43.7,14.4,9.66,40,0.00
250.081,5.87,-5.18,10.63,-0.71,-1.11,-0.20,1014.2,16.4,-43.7,14.4,9.66,40,0.00
250.178,6.04,1.44,3.91,0.41,-0.15,-0.46,1012.9,16.4,-21.6,14.4,9.66,40,0.00
250.299,6.49,-1.08,7.90,0.91,0.16,-0.33,1013.3,16.6,-41.6,14.4,9.66,40,0.00
250.491,4.21,0.73,17.33,0.03,0.48,-0.09,1013.4,16.6,-38.4,14.4,9.87,40,0.00
250.606,8.68,-0.86,14.30,0.43,1.27,-0.08,1013.9,16.5,-40.5,14.4,9.87,28,0.00
250.703,-0.96,-2.46,11.55,-0.64,0.56,-0.33,1013.5,16.6,-43.7,14.4,9.87,28,0.00
250.800,1.63,1.19,-0.28,-0.31,0.54,0.02,1013.6,16.4,-47.9,14.4,9.87,28,0.00
250.897,-1.26,3.11,1.27,0.48,0.54,0.36,1013.6,16.5,-13.2,14.4,9.87,28,0.00
250.994,7.00,3.84,5.36,0.16,1.95,-0.27,1013.8,16.4,-51.0,14.4,9.87,28,0.00
251.108,13.03,4.08,6.03,0.71,-1.46,0.54,1013.6,16.5,-46.8,14.4,9.87,28,0.00
251.205,8.11,-2.15,9.16,1.06,0.37,-0.82,1013.2,16.4,-51.0,14.4,9.87,28,0.00
251.302,-8.61,-2.90,31.60,1.73,0.92,0.41,1013.6,16.4,-44.7,14.4,9.87,28,0.00
251.399,1.02,3.36,8.65,0.19,-1.38,0.50,1013.2,16.6,-44.7,14.4,10.09,28,0.00
251.496,6.51,-4.66,23.68,1.21,0.91,-0.20,1013.8,16.6,-43.7,14.4,10.09,28,0.00
251.597,8.24,0.91,0.57,-0.51,1.75,0.19,1013.8,16.6,-44.7,14.4,10.09,28,0.00
251.694,4.35,5.52,2.96,-0.35,1.86,0.30,1013.5,16.6,-47.9,14.4,10.09,33,0.00
251.791,-3.12,7.51,10.98,0.43,1.76,0.15,1013.4,16.6,-46.8,14.4,10.09,33,0.00
251.912,-1.23,-0.82,10.51,0.49,0.08,-0.03,1013.5,16.4,-8.9,14.4,10.09,33,0.00
252.009,2.94,-3.90,0.61,-0.07,-0.17,-0.24,1013.7,16.5,-37.4,14.4,10.09,33,0.00
252.099,3.18,-3.07,1.64,-0.09,-2.95,0.35,1014.0,16.5,-43.7,14.4,10.09,33,0.00
252.196,4.07,0.58,8.54,1.75,0.41,-0.33,1013.7,16.6,-43.7,14.4,10.09,33,0.00
252.293,1.50,-3.93,3.51,0.72,2.78,-0.56,1013.7,16.5,-41.6,14.4,10.09,33,0.00
252.414,-0.26,-2.77,19.72,-0.16,-0.79,-0.08,1013.4,16.5,-46.8,14.4,10.32,33,0.00
252.511,0.24,2.80,19.90,-0.55,1.06,0.00,1013.5,16.6,-43.7,14.4,10.32,33,0.00
252.712,2.68,0.64,19.95,0.39,0.31,0.15,1013.5,16.4,-35.2,14.4,10.32,30,0.00
252.834,-1.03,-4.61,6.06,-0.41,-2.00,0.24,1013.7,16.4,-43.7,14.4,10.32,30,0.00
252.931,-2.04,6.39,12.41,2.04,1.15,-0.09,1013.7,16.6,-43.7,14.4,10.32,30,0.00
253.028,2.43,2.53,6.54,0.08,1.58,0.01,1014.0,16.6,-44.7,14.4,10.32,30,0.00
253.118,-3.13,4.21,22.98,1.19,0.59,0.17,1013.7,16.5,-50.0,14.4,10.32,30,0.00
253.215,-8.26,3.54,4.99,0.32,0.58,0.02,1013.4,16.6,-47.9,14.4,10.32,30,0.00
253.312,6.20,3.17,12.97,0.27,-0.73,0.35,1013.7,16.6,-44.7,14.4,10.32,30,0.00
253.433,9.22,1.09,7.93,-0.01,0.61,-0.04,1013.6,16.6,-43.7,14.4,10.32,30,0.00
253.531,-6.11,-6.87,-8.61,-0.61,2.65,-0.19,1013.3,16.6,-44.7,14.4,10.32,30,0.00
253.621,-1.60,-3.06,5.17,-1.09,-1.03,0.34,1014.0,16.6,-41.6,14.4,10.32,15,0.00
253.719,-0.17,-0.92,7.00,-0.78,-0.71,-0.41,1013.3,16.5,-46.8,14.4,10.32,15,0.00
253.827,-4.69,8.27,-0.71,1.73,0.93,0.15,1013.2,16.5,-43.7,14.4,10.32,15,0.00
253.924,2.04,-0.19,9.01,0.88,0.59,-0.15,1013.4,16.6,-46.8,14.4,10.32,15,0.00
254.021,5.27,4.50,26.36,1.05,2.06,0.57,1013.3,16.6,-43.7,14.4,10.32,15,0.00
254.112,-8.42,5.77,-7.31,-0.95,1.65,1.11,1013.9,16.4,-46.8,14.4,10.32,15,0.00
254.233,6.27,-5.22,19.38,-1.37,-1.27,0.21,1013.5,16.3,-43.7,14.4,10.32,15,0.00
254.330,-4.25,-4.25,10.21,-0.98,1.55,0.16,1014.1,16.5,-43.7,14.4,10.32,15,0.00
254.427,4.90,4.93,0.76,0.86,-0.62,0.08,1013.9,16.6,-43.7,14.4,10.70,15,0.00
254.525,12.78,-0.41,12.03,0.69,1.54,-0.25,1013.6,16.6,-47.9,14.4,10.70,15,0.00
254.615,8.71,0.74,13.74,0.90,1.78,-0.38,1013.1,16.6,-46.8,14.4,10.70,13,0.00
254.712,0.59,-2.45,8.61,-0.46,0.65,0.34,1013.8,16.5,-44.7,14.4,10.70,13,0.00
254.844,6.84,-0.57,8.18,-0.71,0.34,0.30,1012.9,16.6,-44.7,14.4,10.70,13,0.00
254.918,-7.06,-1.34,14.10,-0.32,2.60,0.44,1013.4,16.5,-38.4,14.4,10.70,13,0.00
255.015,11.67,6.04,12.28,1.04,-1.66,0.37,1013.5,16.2,-44.7,14.4,10.70,13,0.00
255.129,3.71,0.06,11.03,2.32,0.62,-0.00,1013.4,16.6,-46.8,14.4,10.70,13,0.00
255.226,1.93,1.41,13.70,1.34,-0.64,0.06,1014.0,16.6,-43.7,14.4,10.70,13,0.00
255.323,8.24,-4.20,19.79,-1.07,-0.98,0.01,1013.9,16.6,-46.8,14.4,10.70,13,0.00
255.420,0.94,3.47,8.45,0.39,0.21,0.05,1013.5,16.5,-41.6,14.4,10.70,13,0.00
255.518,7.41,0.96,16.59,-0.32,-0.93,-0.45,1013.0,16.6,-43.7,14.4,10.70,13,0.00
255.632,-2.73,1.00,11.40,0.42,0.42,-0.14,1013.8,16.4,-44.7,14.4,10.70,24,0.00
255.730,2.72,-1.42,5.93,-0.62,-0.14,0.02,1013.1,16.4,-44.7,14.4,10.70,24,0.00
255.827,-0.30,-0.24,8.30,-0.33,-1.59,-0.04,1013.8,16.5,-41.6,14.4,10.70,24,0.00
256.003,-1.03,7.77,14.80,0.23,0.65,0.32,1013.6,16.5,-47.9,14.4,10.70,24,0.00
256.028,0.69,-0.45,-0.64,-0.76,1.38,-0.59,1013.9,16.4,-44.7,14.4,10.70,24,0.00
256.118,0.42,-0.73,12.33,-0.19,1.06,-0.38,1013.7,16.6,-43.7,14.4,10.70,24,0.00
256.216,3.55,3.81,7.36,0.06,1.98,-0.14,1013.1,16.5,-43.7,14.4,10.70,24,0.00
256.313,7.93,5.22,6.42,0.28,1.91,0.01,1013.5,16.4,-43.7,14.4,10.70,24,0.00
256.434,1.28,-0.54,3.31,-1.06,-1.86,0.03,1014.1,16.4,-41.6,14.4,10.96,24,0.00
256.532,-2.03,0.08,17.43,-0.49,0.54,-0.01,1013.5,16.4,-43.7,14.4,10.96,24,0.00
256.621,2.67,0.50,19.47,-0.33,0.94,0.56,1013.3,16.4,-44.7,14.4,10.96,121,0.00
256.719,3.94,-5.99,19.33,-0.16,-0.86,0.12,1013.7,16.4,-50.0,14.4,10.96,121,0.00
256.816,-3.78,4.28,9.56,1.41,1.78,0.17,1013.6,16.5,-43.7,14.4,10.96,121,0.00
256.913,-8.31,6.83,-7.25,1.77,0.65,0.22,1013.6,16.5,-46.8,14.4,10.96,121,0.00
257.091,-1.84,-4.17,10.98,-2.41,-0.30,0.15,1013.7,16.6,-40.5,14.4,10.96,121,0.00
257.133,0.18,-6.36,15.35,0.59,-0.06,-0.00,1013.7,16.7,-50.0,14.4,10.96,121,0.00
257.231,15.23,-0.20,6.46,-1.02,-3.30,-0.33,1013.2,16.5,-50.0,14.4,10.96,121,0.00
257.328,-6.63,-7.16,0.85,-0.77,-1.68,0.06,1013.5,16.6,-46.8,14.4,10.96,121,0.00
257.425,-17.86,-2.74,19.46,-1.26,0.89,0.13,1013.1,16.4,-43.7,14.4,11.15,121,0.00
257.523,4.66,-4.24,-2.25,-0.44,0.12,-0.07,1013.8,16.6,-47.9,14.4,11.15,121,0.00
257.637,3.92,-4.07,4.48,-2.90,-2.92,-0.49,1013.8,16.6,-41.6,14.4,11.15,155,0.00
257.735,4.08,3.67,3.16,-0.89,0.87,-0.15,1013.6,16.5,-47.9,14.4,11.15,155,0.00
257.832,1.28,2.89,9.20,-0.28,-1.83,0.15,1013.7,16.4,-51.0,14.4,11.15,155,0.00
257.929,-2.50,1.13,6.92,1.39,-0.80,-0.09,1013.1,16.6,-46.8,14.4,11.15,155,0.00
258.026,-2.60,0.09,11.41,0.47,0.48,0.53,1013.2,16.4,-50.0,14.4,11.15,155,0.00
258.265,1.88,-1.81,4.21,-0.44,0.67,0.30,1013.8,16.7,-40.5,14.4,11.15,136,0.00
258.387,-4.98,2.88,8.64,-1.42,-0.17,-0.09,1013.2,16.4,-44.7,14.4,11.15,136,0.00
258.485,1.70,-1.23,9.39,0.46,1.87,-0.08,1013.6,16.4,-41.6,14.4,11.65,136,0.00
258.582,-4.08,0.23,14.64,-0.01,1.93,-0.07,1013.6,16.5,-47.9,14.4,11.65,136,0.00
258.673,3.97,4.56,2.53,-0.94,0.98,0.45,1013.6,16.4,-35.2,14.4,11.65,136,0.00
258.770,-1.59,6.47,-1.30,1.44,2.11,-0.18,1013.9,16.5,-43.7,14.4,11.65,136,0.00
258.867,4.95,-4.37,11.25,1.21,-0.63,-0.48,1013.9,16.4,-44.7,14.4,11.65,136,0.00
258.988,0.38,-5.76,19.49,0.42,1.93,-0.36,1013.2,16.6,-47.9,14.4,11.65,136,0.00
259.085,-3.18,-1.06,10.17,-0.16,0.49,0.68,1013.2,16.4,-43.7,14.4,11.65,136,0.00
259.176,3.21,6.24,16.18,1.26,3.75,0.43,1013.3,16.5,-43.7,14.4,11.65,136,0.00
259.307,7.13,-0.62,-5.37,-0.55,-0.28,-0.24,1013.5,16.4,-50.0,14.4,11.65,138,0.00
259.381,-0.41,-6.64,14.74,-0.20,1.17,-0.35,1013.4,16.4,-46.8,14.4,11.65,138,0.00
259.479,7.55,2.89,6.90,-1.11,-0.47,0.12,1013.6,16.4,-47.9,14.4,12.54,138,0.00
259.576,13.31,3.49,18.23,1.53,-0.06,0.17,1013.8,16.5,-44.7,14.4,12.54,138,0.00
259.666,-0.63,-6.37,11.12,-2.44,-2.12,0.21,1013.6,16.4,-37.4,14.4,12.54,138,0.00
259.788,-0.05,3.09,18.03,0.25,0.33,0.07,1013.7,16.4,-47.9,14.4,12.54,138,0.00
259.885,3.81,4.60,3.43,1.85,0.74,-0.44,1013.5,16.6,-47.9,14.4,12.54,138,0.00
259.982,-1.36,8.60,-5.53,0.31,2.09,1.11,1013.8,16.5,-51.0,14.4,12.54,138,0.00
260.079,-0.08,-3.51,17.69,0.04,-0.64,-0.06,1013.2,16.4,-47.9,14.4,12.54,138,0.00
260.169,3.12,9.71,12.73,-0.74,4.24,1.59,1013.7,16.4,-37.4,14.4,12.54,138,0.00
260.268,2.73,3.86,5.44,2.20,0.64,-1.52,1013.9,16.6,-38.4,14.4,12.54,98,0.00
260.377,-0.46,-1.38,-14.98,-1.78,-2.13,0.30,1013.5,16.4,-10.0,14.4,12.54,98,0.00
260.476,-4.52,8.66,13.56,-0.08,-2.06,-0.16,1013.9,16.4,-38.4,14.4,13.48,98,0.00
260.573,10.41,-1.62,10.30,-0.43,0.08,0.12,1013.6,16.5,-46.8,14.4,13.48,98,0.00
260.687,2.29,-0.95,16.45,-0.10,-0.83,0.30,1013.6,16.3,-12.1,14.4,13.48,98,0.00
260.785,14.21,-7.01,0.39,0.76,-0.94,0.02,1013.7,16.4,-41.6,14.4,13.48,98,0.00
260.882,11.36,9.38,12.65,0.66,2.01,0.17,1013.6,16.3,-40.5,14.4,13.48,98,0.00
260.979,1.55,-0.91,16.41,1.23,-0.66,-0.94,1013.7,16.3,-51.0,14.4,13.48,98,0.00
261.076,-3.98,-3.54,3.05,-1.12,-0.05,0.31,1013.4,16.4,-50.0,14.4,13.48,98,0.00
261.190,-11.91,3.56,3.16,0.34,-0.51,-0.23,1013.5,16.5,-10.0,14.4,13.48,98,0.00
261.265,-20.40,-11.74,39.51,-0.73,-1.65,0.70,1013.5,16.7,-41.6,14.4,13.48,99,0.00
261.386,3.30,7.73,13.02,0.69,0.06,-0.24,1013.5,16.4,-38.4,14.4,13.48,99,0.00
261.535,-9.81,2.99,34.54,-0.12,-0.46,-0.13,1013.4,16.5,-43.7,14.4,14.21,99,0.00
261.585,-3.84,-3.20,-10.30,-1.59,0.10,-0.32,1013.5,16.3,-47.9,14.4,14.21,99,0.00
261.699,-6.41,-0.09,25.50,-1.00,-1.48,0.09,1013.4,16.3,-35.2,14.4,14.21,99,0.00
261.773,-7.87,-9.00,7.02,-3.11,1.05,-0.16,1013.5,16.6,-35.2,14.4,14.21,99,0.00
261.870,-4.19,-2.46,18.89,-2.36,1.49,0.78,1013.3,16.5,-44.7,14.4,14.21,99,0.00
261.967,2.70,-7.52,-3.00,0.10,2.11,-0.89,1013.3,16.5,-53.1,14.4,14.21,99,0.00
262.088,1.69,-25.63,26.70,1.79,0.24,-0.03,1013.3,16.3,-46.8,14.4,14.21,99,0.00
262.202,6.95,-4.57,1.80,-1.86,-0.07,0.36,1013.2,16.5,-46.8,14.4,14.21,100,0.00
262.276,-14.36,8.33,-0.13,1.50,0.79,0.79,1013.0,16.6,-22.6,14.4,14.21,100,0.00
262.373,-0.28,-3.78,18.80,1.24,1.80,0.06,1013.6,16.6,-8.9,14.4,14.21,100,0.00
262.471,6.89,-1.62,8.31,-2.02,-0.96,0.38,1013.6,16.4,-31.0,14.4,14.50,100,0.00
262.604,0.89,-1.88,15.77,0.45,-0.59,-0.45,1013.3,16.3,-5.8,14.4,14.50,100,0.00
262.678,-2.45,-2.44,26.01,-1.86,0.73,0.24,1013.4,16.4,-28.9,14.4,14.50,100,0.00
262.768,-5.18,-2.37,25.12,1.08,0.65,-0.35,1013.4,16.6,-53.1,14.4,14.50,100,0.00
262.865,7.95,5.66,8.31,0.53,0.29,0.03,1013.2,16.5,-50.0,14.4,14.50,100,0.00
262.986,0.69,5.48,5.61,0.21,2.38,0.35,1013.6,16.4,-35.2,14.4,14.50,100,0.00
263.083,8.70,-5.58,18.25,-0.60,0.27,0.70,1013.4,16.6,-35.2,14.4,14.50,100,0.00
263.180,3.13,4.72,9.39,-1.21,-1.30,-0.04,1013.9,16.4,-51.0,14.4,14.50,100,0.00
263.270,0.48,2.24,-0.43,-0.47,0.62,0.01,1013.4,16.4,-47.9,14.4,14.50,79,0.00
263.367,3.96,0.78,8.83,0.00,-0.95,0.50,1013.5,16.5,-44.7,14.4,14.50,79,0.00
263.465,-9.24,5.66,25.42,2.08,2.63,0.01,1013.5,16.6,-32.1,14.4,14.95,79,0.00
263.586,6.92,-3.04,-7.49,0.54,0.16,-0.12,1013.6,16.5,-54.2,14.4,14.95,79,0.00
263.773,4.82,5.48,7.10,1.77,-0.97,-0.44,1013.4,16.4,-50.0,14.4,14.95,79,0.00
263.888,-5.86,-0.56,-5.49,1.02,-3.44,-0.13,1013.4,16.2,-50.0,14.4,14.95,79,0.00
263.985,4.25,-4.64,11.09,-2.11,-3.42,-0.26,1013.4,16.4,-37.4,14.4,14.95,79,0.00
264.082,-13.95,-9.07,19.92,-0.93,-0.40,-0.10,1013.8,16.2,-43.7,14.4,14.95,79,0.00
264.179,1.86,3.29,7.83,-1.36,1.56,-0.03,1013.5,16.4,-46.8,14.4,14.95,79,0.00
264.277,0.17,-8.22,14.37,0.04,2.02,-0.83,1013.5,16.4,-47.9,14.4,14.95,97,0.00
264.391,0.11,-3.35,-0.10,-1.13,-0.42,-0.03,1013.5,16.4,-50.0,14.4,14.95,97,0.00
264.489,3.38,-0.67,12.21,-0.20,-3.17,-0.16,1013.5,16.4,-46.8,14.4,14.94,97,0.00
264.586,2.03,-2.46,4.03,-2.60,-0.28,0.70,1013.1,16.4,-54.2,14.4,14.94,97,0.00
264.683,2.13,-3.26,17.72,0.68,-0.55,-0.05,1013.5,16.4,-50.0,14.4,14.94,97,0.00
264.780,3.41,-0.33,0.91,-1.49,-0.83,0.13,1013.4,16.4,-47.9,14.4,14.94,97,0.00
264.883,2.82,-0.50,13.94,-2.64,-1.73,0.75,1013.6,16.4,-46.8,14.4,14.94,97,0.00
264.980,0.31,-0.11,1.47,1.93,-0.37,0.29,1013.7,16.4,-51.0,14.4,14.94,97,0.00
265.077,2.58,-3.64,9.27,-0.40,-1.69,0.28,1013.5,16.4,-53.1,14.4,14.94,97,0.00
265.174,1.29,-1.71,7.37,0.06,0.13,-0.01,1013.7,16.4,-47.9,14.4,14.94,97,0.00
265.296,3.25,5.58,3.63,-0.87,0.25,0.07,1013.5,16.4,-50.0,14.4,14.94,83,0.00
265.386,4.71,-0.38,19.46,2.10,-1.17,-0.76,1013.8,16.4,-51.0,14.4,14.94,83,0.00
265.484,3.95,-4.77,-3.35,-1.23,-2.34,0.48,1013.5,16.5,-47.9,14.4,14.88,83,0.00
265.581,-1.06,3.50,9.26,-1.15,-0.15,0.49,1013.6,16.4,-46.8,14.4,14.88,83,0.00
265.678,8.03,0.07,2.29,1.24,0.37,-0.36,1013.4,16.3,-51.0,14.4,14.88,83,0.00
265.775,5.87,1.30,3.33,1.23,0.29,-0.33,1013.5,16.4,-53.1,14.4,14.88,83,0.00
265.984,1.98,-4.09,8.37,-1.93,-0.90,0.37,1013.1,16.6,-50.0,14.4,14.88,83,0.00
266.106,3.60,1.01,6.54,-0.94,-1.58,0.63,1013.7,16.4,-54.2,14.4,14.88,83,0.00
266.203,-1.56,-4.67,9.28,0.98,-0.92,-0.33,1013.0,16.5,-46.8,14.4,14.88,76,0.00
266.300,7.11,-1.12,15.14,-1.54,-2.12,0.25,1013.1,16.6,-50.0,14.4,14.88,76,0.00
266.390,-3.74,-0.29,14.75,0.93,0.32,-0.23,1013.4,16.4,-51.0,14.4,14.88,76,0.00
266.488,1.19,6.75,13.91,0.40,-0.70,0.13,1013.8,16.5,-46.8,14.4,14.84,76,0.00
266.585,-1.53,-4.81,5.14,-2.13,-1.12,0.37,1013.4,16.4,-51.0,14.4,14.84,76,0.00
266.706,2.36,-3.66,4.59,-2.36,-0.91,0.25,1013.1,16.5,-50.0,14.4,14.84,76,0.00
266.803,-1.52,-4.66,5.19,-0.54,0.56,0.32,1013.2,16.4,-44.7,14.4,14.84,76,0.00
266.893,10.48,0.71,3.49,1.10,-1.07,0.07,1013.9,16.4,-43.7,14.4,14.84,76,0.00
266.990,3.28,5.30,11.42,2.16,0.01,0.21,1013.8,16.6,-51.0,14.4,14.84,76,0.00
267.099,1.85,-2.04,-4.07,0.53,-0.11,0.39,1013.3,16.4,-50.0,14.4,14.84,76,0.00
267.196,-4.29,1.64,-29.66,-1.90,0.64,1.10,1013.5,16.4,-43.7,14.4,14.84,76,0.00
267.294,-1.50,1.35,19.70,2.37,-1.08,0.04,1013.6,16.6,-40.5,14.4,14.84,73,0.00
267.384,7.25,-1.94,3.60,-0.35,-1.39,-0.02,1013.7,16.3,-35.2,14.4,14.84,73,0.00
267.506,-6.13,7.15,8.46,1.06,-0.05,-0.86,1013.1,16.4,-76.3,14.4,15.02,73,0.00
267.603,2.21,-0.89,-0.38,0.19,-1.05,-0.12,1013.7,16.5,-50.0,14.4,15.02,73,0.00
267.700,-4.93,-0.47,12.15,-1.88,-2.20,-0.03,1013.5,16.4,-34.2,14.4,15.02,73,0.00
267.797,-14.00,3.48,-1.01,0.55,1.42,-0.48,1013.5,16.3,-41.6,14.4,15.02,73,0.00
267.888,0.87,1.12,10.15,0.19,0.02,-0.07,1013.3,16.4,-44.7,14.4,15.02,73,0.00
267.985,3.39,-0.82,2.22,0.17,-0.65,-0.17,1013.6,16.4,-51.0,14.4,15.02,73,0.00
268.118,1.69,-1.68,23.05,-0.28,1.66,-0.13,1013.4,16.4,-16.3,14.4,15.02,65,0.00
268.192,-0.17,-1.07,13.42,1.04,-2.63,-0.07,1013.3,16.3,-21.6,14.4,15.02,65,0.00
268.289,-14.59,5.39,-0.53,-0.27,1.11,0.72,1013.7,16.3,-25.8,14.4,15.02,65,0.00
268.404,-5.83,-1.84,13.27,-0.05,2.84,-0.71,1013.1,16.4,-37.4,14.4,15.08,65,0.00
268.501,-1.99,-2.07,11.67,0.26,1.00,0.15,1014.0,16.3,-31.0,14.4,15.08,65,0.00
268.598,-2.30,-2.06,11.67,0.19,0.73,-0.14,1013.9,16.4,-41.6,14.4,15.08,65,0.00
268.695,7.96,-0.63,11.45,0.56,0.64,-0.11,1013.5,16.5,-50.0,14.4,15.08,65,0.00
268.792,-3.74,10.21,-8.96,-1.29,-3.03,0.97,1014.0,16.4,-53.1,14.4,15.08,65,0.00
268.906,-4.09,-4.85,18.81,-1.61,0.38,-0.02,1013.1,16.4,-46.8,14.4,15.08,65,0.00
269.003,-11.02,3.25,13.94,-0.30,1.75,0.77,1013.1,16.6,-53.1,14.4,15.08,65,0.00
269.100,7.66,0.72,11.10,2.02,0.58,0.17,1013.4,16.2,-47.9,14.4,15.08,65,0.00
269.268,0.89,0.64,15.37,-0.37,1.92,0.27,1013.2,16.3,-53.1,14.4,15.08,65,0.00
269.293,3.30,-4.32,13.68,0.14,-0.85,0.08,1013.7,16.4,-47.9,14.4,15.08,65,0.00
269.407,-11.33,-3.15,5.02,-1.09,1.20,-0.25,1013.6,16.4,-44.7,14.4,15.02,65,0.00
269.504,-10.56,3.00,-0.64,-0.68,-0.22,-0.26,1012.8,16.4,-53.1,14.4,15.02,65,0.00
269.601,-9.64,-5.03,-1.59,-0.12,-0.59,0.07,1013.2,16.4,-60.5,14.4,15.02,65,0.00
269.698,-16.29,16.60,6.00,0.55,2.73,2.11,1013.6,16.2,-47.9,14.4,15.02,65,0.00
269.795,2.77,1.83,3.23,0.46,0.75,-0.04,1013.4,16.4,-53.1,14.4,15.02,65,0.00
269.885,11.46,-16.01,-8.81,-2.02,-3.46,-0.44,1013.4,16.4,-50.0,14.4,15.02,65,0.00
270.007,4.87,0.19,2.61,-1.07,-1.36,0.09,1013.7,16.4,-53.1,14.4,15.02,0,0.00
270.104,19.52,-2.35,5.20,-1.64,-2.61,-0.94,1013.7,16.4,-46.8,14.4,15.02,0,0.00
270.201,-11.91,4.62,-3.25,0.22,4.39,-0.81,1014.0,16.5,-44.7,14.4,15.02,0,0.00
270.333,-5.28,6.08,7.79,-0.03,1.02,-0.81,1013.7,16.3,-51.0,14.4,15.02,0,0.00
270.399,-2.42,0.37,7.21,0.45,1.30,0.77,1013.5,16.4,-51.0,14.4,14.92,0,0.00
270.497,2.60,0.28,2.79,-0.50,-1.33,0.01,1013.2,16.4,-43.7,14.4,14.92,0,0.00
270.594,-11.61,6.87,8.49,0.43,1.48,0.84,1013.6,16.4,-41.6,14.4,14.92,0,0.00
270.691,-7.15,-2.24,13.53,0.93,-0.06,1.12,1014.0,16.4,-47.9,14.4,14.92,0,0.00
270.788,-4.25,-1.99,11.33,-0.69,0.30,0.58,1013.6,16.4,-44.7,14.4,14.92,0,0.00
270.901,17.58,1.81,25.79,0.96,1.42,-0.00,1013.3,16.3,-35.2,14.4,14.92,0,0.00
270.999,-3.89,-3.03,-8.83,-1.49,-0.19,0.93,1012.9,16.4,-41.6,14.4,14.92,0,0.00
271.096,10.45,1.56,9.15,0.57,-1.00,-0.08,1013.1,16.3,-41.6,14.4,14.92,0,0.00
271.193,5.35,-10.22,11.30,-0.62,-3.62,-0.27,1014.0,16.4,28.9,14.5,14.92,0,24.79
271.290,-2.38,-1.47,31.32,0.87,-0.44,-0.28,1013.5,16.4,-2.6,14.4,14.92,0,0.00
271.480,0.04,7.98,17.79,1.32,3.45,-1.37,1013.7,16.4,-37.4,14.4,14.64,0,0.00
271.522,4.92,1.97,3.65,-0.18,-1.00,-0.96,1013.4,16.5,-41.6,14.4,14.64,0,0.00
271.596,8.76,-1.94,-8.16,-1.53,-2.21,-0.11,1013.7,16.4,-51.0,14.4,14.64,0,0.00
271.693,-4.93,12.33,14.75,-1.28,-2.02,-0.26,1013.5,16.3,-44.7,14.4,14.64,0,0.00
271.790,-3.23,2.46,5.34,-0.39,0.18,0.35,1013.3,16.4,-41.6,14.4,14.64,0,0.00
271.887,17.33,6.93,26.84,1.86,2.44,-0.99,1013.6,16.5,-51.0,14.4,14.64,0,0.00
271.984,-6.40,-3.75,11.33,-0.33,0.73,0.47,1013.8,16.4,-51.0,14.4,14.64,0,0.00
272.098,7.81,-6.58,19.72,-0.48,0.06,-0.06,1013.4,16.3,-43.7,14.4,14.64,0,0.00
272.195,3.59,-0.21,5.94,-0.12,-0.16,-0.10,1013.3,16.6,-32.1,14.4,14.64,0,0.00
272.292,-0.37,4.99,10.61,1.17,2.01,0.08,1013.2,16.2,-28.9,14.4,14.64,0,0.00
272.389,-6.53,-0.64,17.22,-0.37,2.59,0.02,1013.4,16.5,-50.0,14.4,14.64,0,0.00
272.487,7.01,0.82,-0.35,-0.30,-0.92,-0.06,1013.2,16.4,-43.7,14.4,14.38,0,0.00
272.589,4.56,-1.54,8.92,-0.13,-0.81,0.42,1013.3,16.3,-46.8,14.4,14.38,0,0.00
272.686,-2.83,3.13,16.10,0.84,1.47,0.28,1013.4,16.3,-47.9,14.4,14.38,0,0.00
272.807,2.17,0.18,15.42,0.44,-0.09,0.26,1014.0,16.4,-50.0,14.4,14.38,0,0.00
272.904,1.89,3.27,13.93,0.46,-0.45,-0.05,1013.5,16.4,-46.8,14.4,14.38,0,0.00
273.001,-1.51,-0.55,7.86,0.21,0.69,-0.22,1013.2,16.4,-38.4,14.4,14.38,0,0.00
273.091,8.88,1.43,24.44,-0.36,0.67,-0.19,1013.7,16.4,-41.6,14.4,14.38,0,0.00
273.188,11.38,5.76,22.35,1.59,2.20,0.00,1013.8,16.3,-53.1,14.4,14.38,0,0.00
273.285,2.97,1.93,6.16,0.24,-0.48,0.48,1013.8,16.3,-18.4,14.4,14.38,0,0.00
273.406,17.86,3.24,17.55,0.54,-0.35,-0.70,1013.7,16.2,-43.7,14.4,14.24,0,0.00
273.503,8.86,4.75,9.01,0.19,-1.77,-0.52,1013.4,16.4,-46.8,14.4,14.24,0,0.00
273.708,3.65,-1.00,6.21,-1.25,-1.64,0.10,1013.2,16.4,-47.9,14.4,14.24,0,0.00
273.830,3.74,-0.51,4.16,0.06,-0.42,0.20,1013.6,16.2,-51.0,14.4,14.24,0,0.00
273.927,12.73,2.28,7.67,-0.60,-2.17,-0.10,1013.7,16.4,-46.8,14.4,14.24,0,0.00
274.024,2.65,-2.71,10.64,0.06,-0.54,-0.35,1013.5,16.3,-46.8,14.4,14.24,0,0.00
274.115,-0.82,-2.11,13.27,0.81,0.61,-0.24,1013.6,16.4,-35.2,14.4,14.24,0,0.00
274.212,14.30,7.35,16.80,-0.57,-0.35,-0.26,1013.7,16.4,-47.9,14.4,14.24,0,0.00
274.309,0.92,1.00,5.32,0.19,-0.10,-0.15,1013.4,16.4,-46.8,14.4,14.24,0,0.00
274.430,6.67,0.65,14.28,0.12,-0.36,0.00,1013.7,16.4,-40.5,14.4,14.17,0,0.00
274.528,8.73,1.74,4.27,0.06,0.17,0.17,1013.5,16.4,-44.7,14.4,14.17,0,0.00
274.618,2.19,-4.34,6.31,-0.82,-3.14,-0.19,1013.4,16.5,-31.0,14.4,14.17,0,0.00
274.715,4.47,1.43,18.71,0.75,1.43,-0.65,1013.5,16.4,-46.8,14.4,14.17,0,0.00
274.824,-0.51,-0.16,3.57,0.28,-0.49,0.01,1013.3,16.4,-47.9,14.4,14.17,0,0.00
274.921,3.60,-2.27,29.42,0.68,1.63,-0.24,1013.7,16.5,-37.4,14.4,14.17,0,0.00
275.018,10.01,0.81,14.42,1.52,0.82,0.01,1013.4,16.3,-47.9,14.4,14.17,0,0.00
275.108,3.94,-2.25,16.22,-0.36,-0.96,-0.13,1013.6,16.4,3.7,14.5,14.17,0,8.85
275.229,0.75,0.19,6.97,-0.12,-0.45,-0.10,1013.3,16.2,-31.0,14.4,14.17,0,0.00
275.326,1.29,-4.67,30.54,-0.18,4.40,-1.18,1013.5,16.4,-47.9,14.4,14.17,0,0.00
275.423,-13.74,1.02,-16.19,-0.93,-1.20,-1.00,1013.3,16.2,-32.1,14.4,14.06,0,0.00
275.521,4.34,-1.93,16.77,-0.76,-1.22,0.38,1013.7,16.5,-8.9,14.4,14.06,0,0.00
275.611,-3.12,-1.63,13.80,-0.41,0.44,0.39,1013.3,16.5,-44.7,14.4,14.06,0,0.00
275.708,-4.07,-1.04,3.98,-0.54,-0.06,0.01,1013.6,16.3,-6.8,14.4,14.06,0,0.00
275.841,-1.20,-3.94,-0.82,-1.27,-0.67,0.30,1013.7,16.3,-44.7,14.4,14.06,0,0.00
275.915,4.37,5.80,5.41,2.61,-1.02,0.67,1013.6,16.3,-1.6,14.4,14.06,0,0.00
276.012,-2.77,-4.71,11.79,1.56,1.85,0.56,1013.4,16.4,3.7,14.5,14.06,0,8.85
276.126,-2.45,2.06,2.12,-0.86,-0.78,0.41,1013.5,16.4,-43.7,14.4,14.06,0,0.00
276.223,10.03,2.20,-1.08,-1.30,-1.52,0.47,1013.6,16.4,-41.6,14.4,14.06,0,0.00
276.320,1.20,-6.79,11.30,-0.16,0.33,-0.41,1013.1,16.2,-41.6,14.4,14.06,0,0.00
276.417,7.38,-3.17,10.17,-0.19,-1.42,-1.15,1013.5,16.6,-44.7,14.4,13.97,0,0.00
276.514,-0.71,-1.31,15.86,-0.81,-0.38,-0.59,1013.5,16.5,-50.0,14.4,13.97,0,0.00
276.628,1.44,2.42,4.84,-0.61,-0.75,-0.47,1013.8,16.6,-46.8,14.4,13.97,0,0.00
276.725,5.83,2.92,1.30,-1.24,0.11,0.43,1013.5,16.3,-46.8,14.4,13.97,0,0.00
276.822,10.39,-0.17,9.25,0.13,1.32,-0.35,1013.8,16.4,-47.9,14.4,13.97,0,0.00
276.988,6.96,-1.81,11.69,-0.70,-0.63,0.37,1013.3,16.2,-44.7,14.4,13.97,0,0.00
277.013,2.29,-4.06,6.62,-0.03,0.55,-0.21,1013.8,16.2,-43.7,14.4,13.97,0,0.00
277.128,1.33,1.50,13.06,-0.44,-1.07,0.18,1013.4,16.5,-41.6,14.4,13.97,0,0.00
277.225,0.90,-2.88,14.70,-0.79,-0.71,0.13,1013.0,16.3,-41.6,14.4,13.97,0,0.00
277.322,2.80,0.69,9.93,0.40,0.19,0.23,1013.3,16.4,-46.8,14.4,13.97,0,0.00
277.419,-1.86,-1.16,5.02,-0.04,0.28,0.04,1013.4,16.4,-41.6,14.4,13.73,0,0.00
277.516,1.81,2.12,13.18,-0.26,0.37,0.20,1013.3,16.4,-44.7,14.4,13.73,0,0.00
277.630,5.47,-1.91,18.87,-0.35,0.83,0.14,1013.7,16.3,-41.6,14.4,13.73,0,0.00
277.727,-1.14,0.88,8.02,0.03,0.69,-0.22,1013.5,16.4,-40.5,14.4,13.73,0,0.00
277.824,0.15,4.85,8.26,0.03,0.37,0.11,1013.9,16.4,-38.4,14.4,13.73,0,0.00
277.922,1.60,-0.06,14.98,-0.38,-0.44,0.09,1013.2,16.2,-38.4,14.4,13.73,0,0.00
278.054,2.13,0.48,15.36,0.12,-0.11,0.03,1013.2,16.4,-32.1,14.4,13.73,0,0.00
278.120,-1.74,-1.41,15.99,-0.36,-0.08,0.04,1013.6,16.2,-43.7,14.4,13.73,0,0.00
278.218,5.85,-0.66,6.34,0.02,-1.00,-0.14,1013.0,16.5,-3.7,14.4,13.73,0,0.00
278.315,1.47,-1.47,0.09,-0.12,-0.19,-0.13,1013.5,16.6,-32.1,14.4,13.73,0,0.00
278.412,7.67,0.62,12.05,-0.17,-1.29,0.19,1013.4,16.5,-32.1,14.4,13.33,0,0.00
278.509,6.37,0.96,12.40,0.28,-0.55,-0.07,1013.3,16.5,-41.6,14.4,13.33,0,0.00
278.622,7.79,-0.14,10.63,-0.06,-1.01,0.14,1013.4,16.4,-47.9,14.4,13.33,0,0.00
278.720,-1.21,3.88,8.49,0.97,0.03,0.28,1013.6,16.4,-50.0,14.4,13.33,0,0.00
278.817,-0.34,-2.04,3.16,-0.16,0.51,0.08,1013.6,16.5,-18.4,14.4,13.33,2,0.00
278.914,1.19,1.92,15.07,-0.03,0.66,0.37,1013.7,16.4,-31.0,14.4,13.33,2,0.00
279.011,0.47,-3.93,11.97,-0.15,0.72,-0.03,1013.0,16.4,-46.8,14.4,13.33,2,0.00
279.204,1.15,1.75,15.54,-0.17,0.66,-0.07,1013.7,16.3,-25.8,14.4,13.33,2,0.00
279.246,-2.99,-0.19,11.87,0.19,0.23,-0.04,1013.4,16.3,-34.2,14.4,13.33,2,0.00
279.320,0.35,-1.22,8.79,-0.29,0.69,-0.11,1013.7,16.5,-40.5,14.4,13.33,2,0.00
279.417,-1.64,1.00,20.64,1.32,0.55,-0.01,1013.5,16.4,-41.6,14.4,13.02,2,0.00
279.514,0.70,-1.30,8.37,-0.40,-0.40,0.18,1013.6,16.2,-43.7,14.4,13.02,2,0.00
279.611,-0.34,2.97,5.54,0.38,0.43,-0.14,1014.2,16.3,-34.2,14.4,13.02,2,0.00
279.708,0.73,-1.11,10.94,0.16,-0.68,0.14,1013.3,16.4,-44.7,14.4,13.02,2,0.00
279.822,1.92,-2.23,16.03,-0.13,-0.46,0.22,1013.3,16.5,-31.0,14.4,13.02,7,0.00
279.920,3.46,-0.65,8.39,-0.40,0.03,0.08,1013.4,16.4,-40.5,14.4,13.02,7,0.00
280.017,-0.25,-4.82,16.98,-0.43,1.28,-0.18,1013.5,16.3,-41.6,14.4,13.02,7,0.00
280.114,1.69,-1.79,20.39,-0.78,-1.19,0.12,1013.7,16.3,-40.5,14.4,13.02,7,0.00
280.211,-2.95,-0.14,17.26,0.68,0.49,-0.09,1013.6,16.4,-41.6,14.4,13.02,7,0.00
280.313,4.84,-8.35,28.56,0.01,-2.34,-0.62,1013.5,16.5,0.5,14.5,13.02,7,3.34
280.410,6.31,-4.62,21.40,-0.59,-1.07,-0.30,1013.1,16.4,-10.0,14.4,12.60,7,0.00
280.531,4.27,3.17,13.95,1.07,-0.77,-0.71,1013.3,16.3,-43.7,14.4,12.60,7,0.00
280.628,4.64,-0.11,0.86,0.31,-0.28,-0.11,1014.1,16.4,-46.8,14.4,12.60,7,0.00
280.725,-5.14,1.94,-2.71,0.61,1.02,0.35,1013.3,16.4,-44.7,14.4,12.60,7,0.00
280.815,9.34,-0.75,19.95,-0.84,-1.48,-0.69,1013.5,16.2,-41.6,14.4,12.60,7,0.00
280.912,-7.71,-2.68,6.62,0.08,1.09,0.24,1013.3,16.3,-43.7,14.4,12.60,7,0.00
281.009,10.85,0.41,13.15,0.65,-0.74,-0.72,1013.8,16.4,-40.5,14.4,12.60,7,0.00
281.130,0.11,-0.12,10.12,-0.82,-1.16,0.21,1013.6,16.4,-43.7,14.4,12.60,7,0.00
281.227,5.50,3.85,6.41,0.40,0.75,0.07,1013.8,16.3,-15.3,14.4,12.60,7,0.00
281.353,-3.32,4.13,3.76,0.77,-0.25,0.24,1013.0,16.5,-6.8,14.4,12.60,7,0.00
281.427,6.38,-3.74,15.50,-0.61,-2.32,-0.01,1013.4,16.4,35.2,14.5,12.38,7,27.36
281.525,2.78,1.59,7.91,-0.70,0.20,0.32,1013.1,16.2,-31.0,14.4,12.38,7,0.00
281.622,-0.27,5.06,14.98,1.95,-0.35,0.08,1013.2,16.4,-46.8,14.4,12.38,7,0.00
281.719,2.82,1.95,7.34,1.14,0.48,0.22,1013.5,16.5,-25.8,14.4,12.38,7,0.00
281.809,-3.95,-3.10,15.52,-0.31,-0.94,0.56,1013.1,16.4,1.6,14.5,12.38,0,5.79
281.930,4.44,3.92,3.87,0.39,-1.58,0.18,1013.3,16.6,47.9,14.5,12.38,0,31.89
282.027,-4.88,1.97,7.01,0.96,0.12,0.25,1013.0,16.2,-5.8,14.4,12.38,0,0.00
282.124,-8.89,-5.22,5.88,0.23,0.21,0.58,1013.8,16.6,-40.5,14.4,12.38,0,0.00
282.221,5.29,-0.45,10.05,-0.35,-0.10,-0.01,1013.7,16.4,-2.6,14.4,12.38,0,0.00
282.311,-6.41,-4.63,14.36,0.26,0.12,-0.13,1013.7,16.6,-12.1,14.4,12.38,0,0.00
282.505,9.40,0.25,23.37,0.63,1.03,-0.30,1013.3,16.5,1.6,14.5,11.98,0,5.79
282.530,10.13,-0.62,17.55,-0.19,-2.14,-0.18,1012.9,16.3,54.2,14.5,11.98,0,33.93
282.628,-2.82,-4.77,10.00,0.02,0.78,-0.17,1013.4,16.3,-8.9,14.4,11.98,0,0.00
282.725,3.54,-0.98,11.61,-1.32,-1.00,-0.39,1013.3,16.4,36.3,14.5,11.98,0,27.77
282.815,11.40,0.77,14.54,-0.70,-1.24,-0.03,1013.4,16.4,-3.7,14.4,11.98,0,0.00
282.912,2.96,0.78,6.76,0.33,-0.21,0.05,1013.2,16.2,3.7,14.5,11.98,0,8.85
283.009,6.59,-1.64,15.71,-0.13,-1.41,-0.37,1013.3,16.4,-19.5,14.4,11.98,0,0.00
283.130,2.99,-1.23,22.63,-0.20,-0.19,0.23,1013.5,16.4,-31.0,14.4,11.98,0,0.00
283.227,-2.18,-0.65,12.26,0.10,0.71,-0.34,1013.7,16.4,-37.4,14.4,11.98,0,0.00
283.317,0.53,2.57,10.47,-0.49,0.86,-0.19,1013.2,16.6,-32.1,14.4,11.98,0,0.00
283.414,2.88,0.80,11.16,0.80,-0.56,-0.17,1013.9,16.5,-41.6,14.4,11.55,0,0.00
283.511,4.53,1.69,12.78,0.15,0.50,0.24,1013.6,16.5,-43.7,14.4,11.55,0,0.00
283.620,3.29,-0.62,10.97,-0.23,-0.17,0.02,1013.5,16.5,-44.7,14.4,11.55,0,0.00
283.717,0.59,1.84,10.81,0.02,0.56,0.08,1013.8,16.4,-40.5,14.4,11.55,0,0.00
283.831,-0.10,-0.71,3.50,0.48,0.24,-0.29,1013.8,16.5,-44.7,14.4,11.55,0,0.00
283.929,2.13,1.36,14.23,0.05,-0.29,-0.02,1013.1,16.4,-50.0,14.4,11.55,0,0.00
284.026,-2.38,-1.55,9.31,-0.45,0.38,-0.13,1013.8,16.4,-37.4,14.4,11.55,0,0.00
284.123,-0.97,0.73,11.73,-0.87,-0.26,0.11,1013.6,16.4,-41.6,14.4,11.55,0,0.00
284.220,-1.31,-1.48,18.63,-0.59,-0.89,0.21,1013.4,16.4,-43.7,14.4,11.55,0,0.00
284.309,-5.60,1.81,1.37,-0.02,0.47,0.17,1013.4,16.3,-43.7,14.4,11.55,0,0.00
284.431,-1.66,4.10,7.18,0.50,1.00,0.34,1013.5,16.4,-46.8,14.4,10.96,0,0.00
284.529,0.31,-1.36,11.47,-0.47,0.22,0.14,1013.4,16.4,-43.7,14.4,10.96,0,0.00
284.723,-0.23,0.59,5.05,0.27,0.27,-0.08,1013.5,16.4,-43.7,14.4,10.96,0,0.00
284.838,5.95,2.35,15.76,0.74,-0.22,-0.07,1013.2,16.4,-44.7,14.4,10.96,0,0.00
284.936,2.02,1.41,11.30,0.26,0.24,-0.04,1013.3,16.2,-46.8,14.4,10.96,0,0.00
285.033,0.97,0.72,13.37,-0.29,-0.12,0.04,1013.3,16.2,-38.4,14.4,10.96,0,0.00
285.130,0.88,1.53,10.29,-0.29,-0.12,0.17,1013.3,16.5,-44.7,14.4,10.96,0,0.00
285.227,1.73,2.58,7.21,0.29,-0.09,0.08,1013.3,16.4,-41.6,14.4,10.96,0,0.00
285.341,1.85,0.71,9.43,0.53,0.47,0.05,1013.6,16.4,-41.6,14.4,10.96,0,0.00
285.438,2.28,-1.17,12.11,-0.12,0.59,-0.04,1013.7,16.3,-41.6,14.4,10.63,0,0.00
285.536,5.09,2.08,14.46,-0.15,-1.03,0.10,1013.6,16.3,-43.7,14.4,10.63,0,0.00
285.633,3.96,-0.05,9.46,-0.34,-0.02,-0.01,1013.6,16.5,-41.6,14.4,10.63,0,0.00
285.730,2.35,-1.02,6.53,-0.08,0.03,0.01,1013.3,16.5,-46.8,14.4,10.63,0,0.00
285.832,-0.10,0.57,12.38,0.20,0.20,0.04,1013.6,16.4,-43.7,14.4,10.63,0,0.00
285.930,2.13,1.47,3.87,0.02,0.01,0.06,1013.5,16.6,-43.7,14.4,10.63,0,0.00
286.027,-0.41,-0.12,7.19,0.24,0.46,0.22,1013.3,16.3,-40.5,14.4,10.63,0,0.00
286.124,0.89,-1.54,11.68,0.05,0.20,0.19,1013.8,16.3,-46.8,14.4,10.63,0,0.00
286.245,-1.02,-0.06,9.99,-0.08,-0.04,0.19,1013.3,16.6,-41.6,14.4,10.63,0,0.00
286.334,0.87,-0.71,9.25,0.30,-0.08,-0.01,1013.3,16.6,-41.6,14.4,10.63,0,0.00
286.432,3.96,1.36,6.83,-0.01,-0.15,0.05,1013.3,16.3,-41.6,14.4,10.14,0,0.00
286.530,0.69,0.77,11.21,0.16,0.35,-0.06,1013.3,16.4,-40.5,14.4,10.14,0,0.00
286.627,1.67,-0.08,9.20,-0.04,-0.09,-0.07,1013.5,16.3,-40.5,14.4,10.14,0,0.00
286.724,-0.85,1.58,11.15,0.44,0.70,-0.17,1013.6,16.4,-40.5,14.4,10.14,0,0.00
286.873,3.58,0.44,5.63,-0.12,-0.55,-0.05,1013.7,16.4,-41.6,14.4,10.14,0,0.00
286.923,-0.88,-0.57,13.31,-0.37,-0.25,0.01,1013.6,16.3,-41.6,14.4,10.14,0,0.00
287.044,2.86,0.07,9.90,0.10,0.12,-0.10,1013.8,16.4,-38.4,14.4,10.14,0,0.00
287.141,1.40,-1.68,9.79,-0.32,-0.35,0.09,1013.7,16.5,-41.6,14.4,10.14,0,0.00
287.238,-0.84,0.85,10.36,0.07,0.09,-0.00,1013.9,16.4,-40.5,14.4,10.14,0,0.00
287.351,2.26,-0.26,9.00,0.07,0.25,0.06,1013.7,16.3,-43.7,14.4,10.14,0,0.00
287.425,1.37,0.02,7.32,-0.34,-0.43,0.19,1013.3,16.3,-44.7,14.4,9.67,0,0.00
287.523,2.06,-1.83,15.89,0.05,1.03,0.09,1013.7,16.4,-44.7,14.4,9.67,0,0.00
287.645,1.51,-0.32,7.19,0.10,-0.01,0.13,1013.7,16.5,-44.7,14.4,9.67,0,0.00
287.743,0.16,1.27,11.82,0.04,-0.03,0.04,1013.5,16.4,-41.6,14.4,9.67,0,0.00
287.856,0.18,0.39,9.76,0.34,0.26,-0.03,1013.6,16.4,3.7,14.5,9.67,0,8.85
288.003,2.30,-0.13,7.80,-0.22,-0.51,0.13,1013.2,16.4,-21.6,14.4,9.67,0,0.00
288.028,-2.60,0.34,9.20,0.16,0.23,-0.11,1013.7,16.4,-41.6,14.4,9.67,0,0.00
288.126,0.53,0.63,6.53,0.11,-0.05,-0.10,1013.6,16.2,-43.7,14.4,9.67,0,0.00
288.223,-0.62,0.90,9.32,-0.02,-0.03,-0.00,1013.2,16.4,-43.7,14.4,9.67,0,0.00
288.360,2.21,-0.35,12.03,0.32,0.55,-0.15,1012.9,16.2,-40.5,14.4,9.67,0,0.00
288.434,2.61,0.18,6.11,0.04,-0.01,-0.14,1013.2,16.5,-40.5,14.4,9.04,0,0.00
288.532,1.04,-0.68,10.10,-0.33,-0.19,-0.07,1013.3,16.4,-41.6,14.4,9.04,0,0.00
288.629,0.73,1.38,11.78,0.26,0.93,-0.24,1013.7,16.4,-41.6,14.4,9.04,0,0.00
288.727,-2.53,-2.96,3.52,-0.36,0.34,-0.31,1013.5,16.5,-40.5,14.4,9.04,0,0.00
288.824,0.77,0.33,7.76,0.00,-0.11,-0.12,1013.3,16.3,-43.7,14.4,9.04,0,0.00
288.938,3.27,0.05,7.98,-0.11,-0.42,-0.08,1013.5,16.4,-40.5,14.4,9.04,0,0.00
289.070,1.32,0.57,9.89,0.16,-0.09,-0.08,1013.2,16.5,-41.6,14.4,9.04,0,0.00
289.144,2.02,-0.52,6.68,-0.17,0.14,0.02,1013.1,16.6,-40.5,14.4,9.04,0,0.00
289.241,5.18,-1.66,12.08,0.10,-0.91,-0.20,1013.6,16.4,-40.5,14.4,9.04,0,0.00
289.338,3.81,-0.50,10.92,0.09,-0.18,-0.10,1013.6,16.4,-40.5,14.4,9.04,0,0.00
289.428,3.64,-1.02,10.92,-0.63,-0.24,-0.03,1013.3,16.5,-37.4,14.4,9.04,0,0.00
289.526,3.51,-2.13,9.27,-1.15,-0.30,-0.37,1013.6,16.5,-34.2,14.4,9.04,0,0.00
289.623,5.30,1.53,8.70,-0.41,-0.10,-0.22,1013.5,16.5,-37.4,14.4,9.04,0,0.00
289.745,1.85,-3.07,8.00,0.26,0.10,-0.56,1013.5,16.6,-40.5,14.4,9.04,0,0.00
289.842,3.55,-3.86,12.76,-0.82,-0.58,-0.80,1013.5,16.4,-38.4,14.4,9.04,0,0.00
289.932,-0.07,1.75,8.89,-0.48,0.01,-0.57,1013.4,16.5,-41.6,14.4,9.04,0,0.00
290.029,0.91,-0.12,8.65,-0.26,-0.34,-0.32,1013.4,16.4,-40.5,14.4,9.04,0,0.00
290.216,2.05,1.33,9.85,0.19,-0.12,-0.38,1013.2,16.5,-35.2,14.4,9.04,0,0.00
290.241,0.68,1.60,9.46,0.22,-0.01,-0.36,1013.6,16.5,-38.4,14.4,9.04,0,0.00
290.339,-0.73,-2.49,10.33,-0.31,-0.07,-0.43,1013.5,16.4,-37.4,14.4,9.04,0,0.00
290.429,2.36,-2.95,8.61,-0.32,-0.43,-0.60,1013.1,16.5,-37.4,14.4,8.10,0,0.00
290.527,0.43,-2.07,9.64,-0.33,-0.20,-0.80,1013.3,16.2,-37.4,14.4,8.10,0,0.00
290.624,0.90,-2.46,7.73,-0.86,-0.07,-1.12,1013.3,16.4,-40.5,14.4,8.10,0,0.00
290.746,3.63,-0.89,8.46,-0.19,-0.02,-0.98,1013.8,16.4,-41.6,14.4,8.10,0,0.00
290.843,1.40,-0.23,10.20,-0.03,0.04,-1.10,1013.5,16.4,-40.5,14.4,8.10,0,0.00
290.933,0.43,-1.14,9.06,-0.20,-0.02,-1.23,1013.4,16.6,-40.5,14.4,8.10,0,0.00
291.030,1.29,2.01,11.65,0.11,0.01,-1.03,1013.5,16.5,-41.6,14.4,8.10,0,0.00
291.127,-2.65,0.33,9.85,0.39,0.22,-0.90,1013.7,16.5,-40.5,14.4,8.10,0,0.00
291.224,0.63,-0.84,13.62,0.52,0.17,-1.30,1013.8,16.4,-38.4,14.4,8.10,0,0.00
291.333,-0.69,1.65,14.92,0.17,0.07,-1.26,1012.8,16.5,-41.6,14.4,8.10,0,0.00
291.447,0.79,0.45,7.45,-0.42,-0.61,-1.27,1013.7,16.4,-40.5,14.4,7.07,0,0.00
291.544,-2.60,-0.28,14.08,0.41,0.84,-1.40,1013.8,16.4,-35.2,14.4,7.07,0,0.00
291.641,3.89,0.67,12.43,0.00,0.66,-1.55,1013.6,16.2,-38.4,14.4,7.07,0,0.00
291.739,-1.42,-0.95,10.24,-0.24,0.23,-1.71,1013.4,16.5,-37.4,14.4,7.07,0,0.00
291.836,-1.85,-1.48,10.72,-0.99,-0.19,-1.31,1013.4,16.4,-35.2,14.4,7.07,0,0.00
291.925,1.91,0.28,11.08,0.36,-0.31,-1.32,1014.0,16.3,-38.4,14.4,7.07,0,0.00
292.023,0.68,0.01,5.80,-0.73,-0.13,-1.04,1013.5,16.3,-38.4,14.4,7.07,0,0.00
292.144,0.80,-1.85,12.37,-0.62,0.05,-0.63,1013.2,16.5,-35.2,14.4,7.07,0,0.00
292.241,1.27,-2.63,9.25,-0.27,-0.14,-0.73,1013.5,16.4,-41.6,14.4,7.07,0,0.00
292.349,-2.49,2.63,6.65,-0.15,-1.09,-0.70,1013.6,16.4,-38.4,14.4,7.07,0,0.00
292.439,0.78,-1.75,11.37,-0.53,-0.51,-0.56,1013.8,16.4,-38.4,14.4,7.07,0,0.00
292.537,1.54,-3.02,8.98,-0.18,-0.63,-0.99,1012.9,16.3,-37.4,14.4,7.07,0,0.00
292.634,-3.23,-4.54,8.37,-0.92,0.11,-1.17,1013.3,16.4,-44.7,14.4,7.07,0,0.00
292.732,2.78,1.22,11.90,-0.58,0.27,-0.83,1013.2,16.4,-43.7,14.4,7.07,0,0.00
292.829,1.79,3.18,11.95,-0.50,0.03,-0.39,1013.6,16.4,-37.4,14.4,7.07,0,0.00
292.942,0.65,-1.43,12.87,-0.02,-0.29,-0.33,1013.4,16.4,-38.4,14.4,7.07,0,0.00
293.040,0.92,0.26,7.87,0.01,-0.09,-0.21,1013.3,16.4,-40.5,14.4,7.07,0,0.00
293.137,2.03,0.18,10.42,0.09,-0.20,-0.11,1013.5,16.5,-37.4,14.4,7.07,0,0.00
293.234,-0.16,-0.21,11.71,0.12,0.08,-0.10,1013.6,16.4,-37.4,14.4,7.07,0,0.00
293.331,1.12,1.88,9.67,0.58,-0.09,0.17,1013.4,16.4,-41.6,14.4,7.07,0,0.00
293.492,0.97,-0.73,10.47,-0.03,0.06,0.16,1013.2,16.3,-38.4,14.4,6.17,0,0.00
293.534,0.34,-2.88,10.17,-0.44,0.05,0.17,1014.0,16.3,-40.5,14.4,6.17,0,0.00
293.632,0.13,1.64,10.12,-0.09,0.08,0.01,1013.2,16.4,-35.2,14.4,6.17,0,0.00
293.730,-0.14,-0.78,9.71,-0.06,0.03,0.03,1013.1,16.2,-38.4,14.4,6.17,0,0.00
293.827,0.41,0.67,9.76,0.07,-0.00,0.05,1013.6,16.3,-37.4,14.4,6.17,0,0.00
293.924,0.69,-0.58,10.27,-0.07,0.00,0.03,1013.2,16.4,-35.2,14.4,6.17,0,0.00
294.037,0.36,-0.05,10.18,-0.03,0.01,0.00,1013.7,16.4,-37.4,14.4,6.17,0,0.00
294.135,1.34,-0.53,10.16,0.03,-0.01,0.01,1013.8,16.4,-40.5,14.4,6.17,0,0.00
294.232,1.11,-0.34,9.90,0.08,-0.01,-0.00,1013.7,16.4,-40.5,14.4,6.17,0,0.00
294.329,1.29,0.13,9.83,0.14,-0.02,-0.05,1013.8,16.6,-37.4,14.4,6.17,0,0.00
294.426,1.36,0.34,9.83,0.10,0.00,-0.01,1013.4,16.5,-40.5,14.4,5.95,0,0.00
294.574,0.99,0.39,10.03,0.09,0.00,-0.01,1013.3,16.4,-40.5,14.4,5.95,0,0.00
294.624,1.03,0.30,9.76,0.09,-0.00,-0.01,1013.5,16.5,-38.4,14.4,5.95,0,0.00
294.746,0.33,1.01,8.62,0.32,0.04,0.00,1013.8,16.5,-37.4,14.4,5.95,0,0.00
294.843,1.53,1.26,9.85,0.15,-0.05,-0.00,1013.6,16.2,-40.5,14.4,5.95,0,0.00
294.940,1.16,0.95,9.54,0.12,0.00,0.02,1013.2,16.4,-37.4,14.4,5.95,0,0.00
295.053,1.57,0.66,9.86,0.00,0.01,-0.01,1013.3,16.4,-41.6,14.4,5.95,0,0.00
295.127,0.90,0.75,10.16,0.04,-0.01,0.02,1013.4,16.6,-38.4,14.4,5.95,0,0.00
295.224,1.18,1.06,9.85,0.03,0.01,0.00,1013.4,16.5,-38.4,14.4,5.95,0,0.00
295.345,1.24,1.39,9.85,0.05,-0.00,0.01,1013.3,16.4,-37.4,14.4,5.95,0,0.00
295.442,1.31,1.75,9.51,0.00,0.01,0.01,1013.3,16.5,-40.5,14.4,5.95,0,0.00
295.556,1.13,1.50,10.55,0.07,0.02,0.01,1012.8,16.4,-43.7,14.4,5.95,0,0.00
295.702,1.16,0.79,9.74,-0.03,0.01,0.02,1013.3,16.4,-37.4,14.4,5.95,0,0.00
295.727,1.24,0.93,9.92,0.00,0.00,0.02,1013.4,16.6,-38.4,14.4,5.95,0,0.00
295.825,1.33,1.15,9.91,0.03,0.00,0.00,1013.6,16.4,-35.2,14.4,5.95,0,0.00
295.923,-1.57,0.03,5.70,0.25,-0.03,-0.05,1013.5,16.4,-40.5,14.4,5.95,0,0.00
296.060,1.35,0.65,9.90,0.01,0.01,-0.01,1013.4,16.2,-38.4,14.4,5.95,0,0.00
296.134,1.27,1.05,9.93,-0.01,0.01,0.01,1013.3,16.4,-38.4,14.4,5.95,0,0.00
296.231,1.27,0.89,9.79,0.01,0.00,0.01,1013.7,16.3,-40.5,14.4,5.95,0,0.00
296.328,0.98,1.13,9.84,0.06,-0.01,0.01,1013.6,16.4,-38.4,14.4,5.95,0,0.00
296.425,0.76,1.05,8.97,0.10,-0.02,-0.02,1013.4,16.6,-41.6,14.4,0.28,0,0.00
296.523,11.38,-0.76,24.12,0.23,-0.88,0.07,1013.6,16.5,-38.4,14.4,0.28,0,0.00
296.637,0.89,1.33,10.18,-0.07,0.22,0.01,1013.6,16.5,-38.4,14.4,0.28,0,0.00
296.767,1.09,2.02,9.80,0.03,0.01,0.02,1013.9,16.4,-37.4,14.4,0.28,0,0.00
296.841,1.28,1.16,9.81,-0.04,0.01,-0.00,1013.7,16.4,-38.4,14.4,0.28,0,0.00
296.938,1.45,1.01,9.73,0.03,-0.01,-0.03,1013.3,16.4,-41.6,14.4,0.28,0,0.00
297.035,1.34,1.45,9.69,-0.12,-0.00,0.08,1013.2,16.4,-38.4,14.4,0.28,0,0.00
297.125,1.60,0.82,9.44,0.11,0.00,-0.01,1013.3,16.4,-41.6,14.4,0.28,0,0.00
297.246,1.44,0.52,9.88,-0.04,0.01,-0.01,1014.0,16.4,-38.4,14.4,0.28,0,0.00
297.343,1.25,1.83,9.80,0.07,-0.01,0.01,1013.3,16.4,-38.4,14.4,0.28,0,0.00
297.440,1.51,0.49,9.82,0.03,0.01,0.01,1013.7,16.6,-37.4,14.4,0.28,0,0.00
297.537,1.16,0.92,9.81,-0.02,0.02,0.01,1013.2,16.5,-38.4,14.4,0.28,0,0.00
297.627,0.70,0.74,9.85,-0.01,0.01,0.00,1013.3,16.3,-38.4,14.4,0.28,0,0.00
297.725,1.43,0.57,9.89,0.08,-0.01,-0.02,1013.7,16.6,-34.2,14.4,0.28,0,0.00
297.834,1.02,1.53,9.94,0.06,-0.00,0.01,1013.3,16.4,-34.2,14.4,0.28,0,0.00
297.932,1.08,1.38,10.09,0.08,0.00,-0.01,1013.4,16.5,-38.4,14.4,0.28,0,0.00
298.029,1.74,0.62,10.13,0.06,-0.00,-0.01,1013.3,16.4,-37.4,14.4,0.28,0,0.00
298.143,2.00,0.30,11.53,-0.08,0.09,-0.05,1013.5,16.5,-38.4,14.4,0.28,0,0.00
298.240,1.22,0.95,9.63,-0.05,0.02,-0.00,1013.2,16.6,-38.4,14.4,0.28,0,0.00
298.337,1.19,1.36,9.89,0.00,0.01,0.01,1013.5,16.4,-35.2,14.4,0.28,0,0.00
298.434,1.33,1.22,9.83,-0.03,0.01,0.04,1013.4,16.4,-38.4,14.4,0.28,0,0.00
298.532,1.27,1.06,9.69,-0.02,0.01,0.03,1013.9,16.4,-37.4,14.4,0.28,0,0.00
298.647,1.17,0.95,9.81,-0.03,0.01,-0.01,1012.9,16.5,-37.4,14.4,0.28,0,0.00
298.744,1.22,0.99,9.85,-0.03,0.00,0.00,1013.3,16.3,-37.4,14.4,0.28,0,0.00
298.841,1.25,1.17,9.83,-0.01,0.00,0.01,1013.6,16.5,-38.4,14.4,0.28,0,0.00
298.990,1.25,1.14,9.82,-0.01,-0.00,0.01,1013.3,16.4,-38.4,14.4,0.28,0,0.00
299.040,1.23,0.89,9.83,-0.02,-0.00,0.01,1013.5,16.6,-40.5,14.4,0.28,0,0.00
299.130,1.28,1.07,9.84,0.02,-0.00,-0.01,1013.2,16.3,-38.4,14.4,0.28,0,0.00
299.227,1.20,0.95,9.83,-0.00,0.01,0.01,1013.6,16.5,-38.4,14.4,0.28,0,0.00
299.324,1.24,1.03,9.85,0.02,0.00,0.00,1013.2,16.6,-34.2,14.4,0.28,0,0.00
299.446,1.24,0.98,9.81,0.01,0.00,0.01,1013.7,16.4,-40.5,14.4,0.28,0,0.00
299.543,1.21,1.14,9.80,0.02,0.01,0.00,1013.6,16.4,-38.4,14.4,0.28,0,0.00
299.633,1.23,1.12,9.82,0.01,0.01,0.00,1013.6,16.4,-40.5,14.4,0.28,0,0.00
299.731,1.31,1.15,9.87,0.01,0.00,0.01,1013.5,16.6,-38.4,14.4,0.28,0,0.00
299.828,1.23,0.98,9.75,-0.00,0.00,0.01,1014.2,16.5,-37.4,14.4,0.28,0,0.00
299.925,1.21,1.08,9.85,0.02,-0.00,0.01,1013.4,16.5,-41.6,14.4,0.28,0,0.00
300.056,1.26,1.07,9.79,0.01,0.00,0.01,1013.6,16.4,-37.4,14.4,0.28,0,0.00
300.147,1.17,1.18,9.84,0.02,0.00,0.00,1013.8,16.5,-37.4,14.4,0.28,0,0.00
300.244,1.25,1.28,9.81,-0.01,0.00,0.01,1013.5,16.3,-38.4,14.4,0.28,0,0.00
300.341,1.20,1.25,9.74,0.01,-0.01,0.00,1013.9,16.3,-37.4,14.4,0.28,0,0.00
300.438,1.25,1.34,9.81,-0.01,0.00,0.01,1013.7,16.5,-37.4,14.4,0.00,0,0.00
300.536,1.23,1.28,9.84,-0.03,0.00,0.01,1013.5,16.5,-37.4,14.4,0.00,0,0.00
300.626,1.24,1.04,9.81,-0.01,0.00,0.01,1013.2,16.3,-35.2,14.4,0.00,0,0.00
300.724,1.28,1.12,9.76,-0.02,0.00,0.01,1013.1,16.4,-38.4,14.4,0.00,0,0.00
300.845,1.16,1.03,9.84,0.00,0.00,0.00,1013.8,16.4,-38.4,14.4,0.00,0,0.00
300.942,1.20,0.94,9.79,-0.02,0.00,0.01,1013.5,16.7,-40.5,14.4,0.00,0,0.00
301.039,1.36,1.05,9.77,0.00,-0.00,0.01,1013.3,16.3,-41.6,14.4,0.00,0,0.00
301.211,1.13,1.15,9.83,0.01,0.00,0.01,1013.6,16.3,-35.2,14.4,0.00,0,0.00
301.253,1.26,0.82,9.80,0.00,0.00,0.01,1013.1,16.4,-37.4,14.4,0.00,0,0.00
301.327,1.22,0.94,9.76,0.01,-0.00,0.01,1013.7,16.2,-40.5,14.4,0.00,0,0.00
301.424,1.26,0.93,9.85,0.02,0.00,0.00,1013.2,16.5,-37.4,14.4,0.00,0,0.00
301.546,1.19,1.00,9.75,0.02,0.01,0.00,1012.9,16.6,-38.4,14.4,0.00,0,0.00
301.643,1.29,0.91,9.79,0.03,0.01,-0.01,1013.8,16.3,-37.4,14.4,0.00,0,0.00
301.757,1.26,1.00,9.84,0.02,-0.00,0.01,1013.5,16.4,-38.4,14.4,0.00,0,0.00
301.831,1.22,1.27,9.79,0.01,0.01,0.01,1013.5,16.4,-38.4,14.4,0.00,0,0.00
301.928,1.24,1.08,9.89,0.00,0.00,0.01,1013.7,16.5,-38.4,14.4,0.00,0,0.00
302.025,1.20,1.16,9.80,0.01,0.01,-0.00,1013.1,16.5,-37.4,14.4,0.00,0,0.00
302.146,1.24,1.16,9.82,-0.01,0.00,0.01,1013.0,16.4,-40.5,14.4,0.00,0,0.00
302.294,1.23,1.03,9.73,-0.01,0.00,0.01,1013.2,16.4,-38.4,14.4,0.00,0,0.00
302.344,1.22,1.19,9.82,-0.00,0.00,0.01,1013.5,16.6,-35.2,14.4,0.00,0,0.00
302.441,1.20,1.02,9.79,0.00,0.00,0.01,1013.7,16.5,-37.4,14.4,0.00,0,0.00
302.539,1.20,1.12,9.85,0.01,0.01,0.01,1013.8,16.4,-38.4,14.4,0.00,0,0.00
302.636,1.27,1.08,9.83,0.01,0.00,0.01,1014.0,16.5,-38.4,14.4,0.00,0,0.00
302.734,1.27,1.06,9.84,0.00,0.01,0.00,1013.2,16.5,-40.5,14.4,0.00,0,0.00
302.824,1.24,0.99,9.87,0.01,0.00,0.00,1013.0,16.5,-40.5,14.4,0.00,0,0.00
302.945,1.25,1.03,9.87,0.01,0.00,0.00,1013.2,16.5,-37.4,14.4,0.00,0,0.00
303.042,1.30,1.20,9.87,0.00,0.00,-0.00,1013.9,16.5,-40.5,14.4,0.00,0,0.00
303.139,1.27,1.22,9.84,0.01,0.00,0.00,1013.1,16.4,-41.6,14.4,0.00,0,0.00
303.236,1.19,1.03,9.85,0.01,0.00,0.01,1013.4,16.4,-38.4,14.4,0.00,0,0.00
303.420,1.24,1.04,9.83,0.02,0.01,0.01,1012.8,16.4,-41.6,14.4,0.00,0,0.00
303.445,1.20,1.24,9.81,0.01,0.01,-0.00,1013.4,16.3,-40.5,14.4,0.00,0,0.00
303.543,1.17,1.03,9.87,0.00,-0.00,0.01,1013.4,16.5,-38.4,14.4,0.00,0,0.00
303.640,1.27,0.99,9.78,0.01,0.00,0.01,1013.1,16.5,-37.4,14.4,0.00,0,0.00
303.738,1.29,1.06,9.81,0.02,0.00,0.00,1012.7,16.4,-37.4,14.4,0.00,0,0.00
303.828,1.23,1.05,9.85,0.01,0.00,0.01,1013.5,16.7,-38.4,14.4,0.00,0,0.00
303.925,1.19,1.15,9.82,0.02,0.00,0.00,1013.7,16.5,-38.4,14.4,0.00,0,0.00
304.046,1.25,1.09,9.84,0.02,0.00,0.00,1013.4,16.4,-37.4,14.4,0.00,0,0.00
304.143,1.24,1.31,9.84,0.03,0.00,-0.01,1013.8,16.3,-40.5,14.4,0.00,0,0.00
304.240,1.19,1.05,9.76,0.01,0.00,0.00,1013.5,16.6,-40.5,14.4,0.00,0,0.00
304.330,1.26,1.24,9.85,0.01,0.01,0.00,1013.4,16.2,-38.4,14.4,0.00,0,0.00
304.427,1.26,1.19,9.78,-0.01,0.00,0.00,1013.3,16.4,-37.4,14.4,0.00,0,0.00
304.538,1.28,1.36,9.87,-0.01,0.00,0.01,1013.4,16.5,-35.2,14.4,0.00,0,0.00
304.635,1.21,1.34,9.83,-0.01,0.01,0.01,1013.6,16.5,-37.4,14.4,0.00,0,0.00
304.733,1.26,1.21,9.76,-0.01,0.00,0.01,1013.5,16.5,-38.4,14.4,0.00,0,0.00
304.823,1.22,1.15,9.88,-0.00,0.00,0.00,1013.4,16.4,-38.4,14.4,0.00,0,0.00
304.944,1.24,1.02,9.78,-0.01,0.00,0.01,1013.7,16.3,-41.6,14.4,0.00,0,0.00
305.041,1.20,1.08,9.82,-0.00,0.00,0.01,1012.9,16.5,-37.4,14.4,0.00,0,0.00
305.138,1.23,1.05,9.76,0.00,0.00,0.01,1013.8,16.4,-37.4,14.4,0.00,0,0.00
305.235,1.23,0.97,9.89,0.01,-0.00,0.01,1013.5,16.6,-35.2,14.4,0.00,0,0.00
305.326,1.22,1.06,9.78,0.02,0.00,0.00,1013.8,16.5,-40.5,14.4,0.00,0,0.00
305.423,1.17,1.00,9.84,0.02,0.00,-0.00,1013.2,16.4,-41.6,14.4,0.00,0,0.00
305.556,1.24,1.23,9.80,0.02,0.00,0.00,1013.7,16.5,-38.4,14.4,0.00,0,0.00
305.630,1.17,1.18,9.81,0.01,0.00,-0.00,1013.9,16.4,-38.4,14.4,0.00,0,0.00
305.727,1.20,1.17,9.80,0.02,0.00,0.00,1013.7,16.6,-37.4,14.4,0.00,0,0.00
305.841,1.29,1.24,9.81,0.01,0.01,0.00,1013.4,16.4,-40.5,14.4,0.00,0,0.00
305.938,1.26,1.16,9.85,0.02,0.00,-0.01,1013.7,16.7,-40.5,14.4,0.00,0,0.00
306.035,1.29,1.36,9.77,0.01,-0.00,-0.00,1013.3,16.4,-40.5,14.4,0.00,0,0.00
306.132,1.19,1.25,9.80,0.01,0.00,0.00,1013.9,16.6,-37.4,14.4,0.00,0,0.00
306.229,1.19,1.29,9.87,0.01,0.01,0.01,1013.1,16.4,-37.4,14.4,0.00,0,0.00
306.343,1.16,1.41,9.87,0.01,0.00,0.01,1014.0,16.5,-35.2,14.4,0.00,0,0.00
306.440,1.16,1.56,9.84,-0.02,-0.00,0.02,1013.3,16.4,-40.5,14.4,0.00,0,0.00
306.538,1.21,0.97,9.76,-0.02,-0.00,0.02,1013.3,16.5,-37.4,14.4,0.00,0,0.00
306.730,1.24,1.10,9.82,-0.01,0.01,-0.00,1013.6,16.6,-38.4,14.4,0.00,0,0.00
306.845,1.14,1.16,9.78,-0.02,0.00,0.01,1013.4,16.6,-38.4,14.4,0.00,0,0.00
306.942,1.25,1.21,9.85,-0.02,0.00,0.02,1013.6,16.4,-40.5,14.4,0.00,0,0.00
307.039,1.18,0.99,9.79,-0.03,-0.00,0.01,1013.3,16.6,-38.4,14.4,0.00,0,0.00
307.136,1.24,1.09,9.79,-0.01,0.01,0.00,1013.2,16.7,-38.4,14.4,0.00,0,0.00
307.233,1.24,1.04,9.81,-0.02,0.00,0.01,1013.7,16.3,-38.4,14.4,0.00,0,0.00
307.348,1.24,0.93,9.93,0.01,0.00,0.01,1013.6,16.4,-41.6,14.4,0.00,0,0.00
307.446,1.24,0.98,9.82,0.01,0.00,0.01,1013.2,16.4,-35.2,14.4,0.00,0,0.00
307.543,1.21,0.90,9.86,0.02,0.01,0.00,1013.7,16.6,-40.5,14.4,0.00,0,0.00
307.640,1.06,1.55,9.80,0.03,-0.00,-0.01,1013.0,16.4,-40.5,14.4,0.00,0,0.00
307.737,1.67,0.89,9.89,-0.05,-0.01,0.06,1013.3,16.5,-40.5,14.4,0.00,0,0.00
307.839,2.49,0.79,9.84,-0.01,-0.02,0.05,1013.5,16.4,-38.4,14.4,0.00,0,0.00
307.937,2.04,1.59,9.51,0.18,-0.01,-0.02,1013.9,16.4,-40.5,14.4,0.00,0,0.00
308.034,2.74,1.35,9.28,0.09,-0.04,-0.06,1013.9,16.4,-40.5,14.4,0.00,0,0.00
308.131,3.21,-0.08,9.74,-0.26,-0.01,-0.02,1013.4,16.6,-43.7,14.4,0.00,0,0.00
308.253,3.63,2.74,8.56,0.12,-0.00,-0.04,1013.8,16.6,-40.5,14.4,0.00,0,0.00
308.342,1.30,0.45,4.92,0.02,0.02,-0.11,1013.7,16.4,-37.4,14.4,0.00,0,0.00
308.440,2.37,3.05,13.13,-0.19,0.32,-0.09,1013.1,16.5,-41.6,14.4,0.00,0,0.00
308.538,5.99,-0.44,8.14,-0.37,-0.33,-0.10,1013.7,16.4,-37.4,14.4,0.00,0,0.00
308.635,6.06,-0.27,13.78,0.59,-0.01,0.12,1013.7,16.5,-41.6,14.4,0.00,0,0.00
308.732,-4.05,-0.19,8.98,-0.45,0.14,0.03,1013.5,16.6,-40.5,14.4,0.00,0,0.00
308.961,0.85,0.97,14.73,-0.19,1.28,0.08,1013.8,16.4,-40.5,14.4,0.00,0,0.00
309.083,-0.65,-3.67,5.83,-1.02,0.36,-0.00,1013.8,16.5,-37.4,14.4,0.00,0,0.00
309.180,1.08,1.70,7.63,-0.16,0.46,-0.21,1013.0,16.4,-37.4,14.4,0.00,0,0.00
309.278,7.21,-0.85,14.62,-0.03,-0.95,-0.09,1013.2,16.3,-40.5,14.4,0.00,0,0.00
309.367,4.16,0.20,12.08,0.52,0.25,-0.20,1014.3,16.4,-35.2,14.4,0.00,0,0.00
309.465,10.05,3.32,9.11,0.22,-0.89,-0.22,1013.5,16.4,-43.7,14.4,0.00,0,0.00
309.562,7.42,-1.03,10.50,-0.11,-0.98,0.10,1013.5,16.5,-38.4,14.4,0.00,0,0.00
309.683,6.35,-1.30,10.36,0.56,0.54,-0.08,1013.4,16.4,-43.7,14.4,0.00,0,0.00
309.780,2.96,-1.65,9.70,-0.91,-0.93,0.02,1013.3,16.5,-38.4,14.4,0.00,0,0.00
309.869,5.70,-0.88,11.07,-0.67,-0.36,0.15,1013.2,16.4,-40.5,14.4,0.00,0,0.00
310.001,2.94,1.02,8.86,-0.25,-0.26,0.23,1013.8,16.4,-37.4,14.4,0.00,0,0.00
310.075,1.81,-0.23,7.71,0.23,0.11,0.24,1013.7,16.5,-35.2,14.4,0.00,0,0.00
310.172,7.31,-2.01,10.18,-0.30,-0.29,0.33,1013.5,16.4,-40.5,14.4,0.00,0,0.00
310.270,4.63,-0.11,11.12,-0.04,-0.55,0.20,1013.5,16.4,-38.4,14.4,0.00,0,0.00
310.383,1.88,-1.64,9.50,-0.40,-0.21,0.09,1013.8,16.4,-38.4,14.4,0.00,0,0.00
310.481,3.95,1.91,7.65,0.38,0.53,0.21,1013.2,16.4,-43.7,14.4,0.00,0,0.00
310.578,3.36,1.98,9.12,0.50,-0.17,0.32,1013.1,16.4,-44.7,14.4,0.00,0,0.00
310.675,0.89,0.55,12.86,0.47,0.58,0.22,1013.3,16.5,-41.6,14.4,0.00,0,0.00
310.772,0.16,-1.09,5.27,-0.22,0.26,0.19,1013.7,16.2,-41.6,14.4,0.00,0,0.00
310.885,1.30,-0.85,10.98,-0.31,0.73,0.20,1013.4,16.5,-38.4,14.4,0.00,0,0.00
310.983,-3.68,2.01,5.61,0.20,0.19,0.17,1013.3,16.4,-38.4,14.4,0.00,0,0.00
311.067,1.38,-2.15,8.04,0.27,0.43,0.11,1013.8,16.3,-41.6,14.4,0.00,0,0.00
311.165,1.02,-2.33,3.75,-0.41,-0.25,0.12,1013.1,16.4,-40.5,14.4,0.00,0,0.00
311.263,0.65,0.70,9.24,-0.01,-0.27,0.37,1013.5,16.3,-40.5,14.4,0.00,0,0.00
311.400,-1.81,0.21,15.49,0.15,0.43,0.36,1013.5,16.6,-38.4,14.4,0.00,0,0.00
311.474,9.08,-0.99,7.30,0.01,-0.82,0.53,1013.7,16.3,-41.6,14.4,0.00,0,0.00
311.571,3.60,-1.36,6.21,0.35,-0.63,0.29,1012.8,16.4,-41.6,14.4,0.00,0,0.00
311.668,-0.76,2.47,7.42,-0.55,-0.98,0.70,1013.5,16.5,-38.4,14.4,0.00,0,0.00
311.765,-0.93,-0.29,5.45,0.26,0.85,0.29,1013.2,16.2,-40.5,14.4,0.00,0,0.00
311.862,-0.99,-0.92,8.41,-0.46,-0.39,0.06,1013.6,16.5,-37.4,14.4,0.00,0,0.00
311.976,8.54,1.17,11.03,-0.05,-0.74,0.14,1013.8,16.5,-40.5,14.4,0.00,0,0.00
312.073,-2.30,1.70,7.82,0.12,1.31,-0.26,1013.2,16.6,-40.5,14.4,0.00,0,0.00
312.218,2.37,-4.23,12.16,-0.12,0.14,-0.29,1013.0,16.4,-40.5,14.4,0.00,38,0.00
312.268,8.03,0.25,13.43,0.35,-0.67,-0.26,1013.2,16.4,-38.4,14.4,0.00,38,0.00
312.365,-0.47,-0.04,11.49,0.26,-0.06,-0.24,1013.3,16.4,-40.5,14.4,0.00,38,0.00
312.480,8.10,-2.91,13.46,-0.61,0.59,-0.19,1013.7,16.4,-38.4,14.4,0.00,38,0.00
312.577,3.51,1.43,6.91,0.04,-0.08,-0.32,1013.8,16.4,-41.6,14.4,0.00,38,0.00
312.674,2.14,-2.93,12.11,0.61,-0.47,-0.50,1013.7,16.4,-37.4,14.4,0.00,38,0.00
312.771,-0.31,0.75,18.40,0.76,0.58,-0.47,1013.4,16.4,-35.2,14.4,0.00,38,0.00
312.868,3.74,-0.66,11.56,0.01,-0.73,-0.37,1014.1,16.4,-41.6,14.4,0.00,38,0.00
312.982,1.95,-1.14,17.38,-0.04,0.29,-0.47,1013.5,16.6,-37.4,14.4,0.00,38,0.00
313.080,3.84,1.47,7.07,-0.79,0.29,-0.36,1013.5,16.2,-44.7,14.4,0.00,48,0.00
313.177,0.73,1.26,8.95,0.80,0.21,-0.46,1013.3,16.5,-44.7,14.4,0.00,48,0.00
313.285,-0.34,0.89,14.40,0.41,0.85,-0.56,1013.1,16.4,-40.5,14.4,0.00,48,0.00
313.383,2.86,-0.03,10.67,-0.10,-0.41,-0.44,1013.1,16.3,-43.7,14.4,0.00,48,0.00
313.473,-1.79,1.88,3.66,1.00,1.12,-0.49,1013.0,16.4,-44.7,14.4,0.00,48,0.00
313.570,1.00,2.56,5.73,0.24,0.54,-0.52,1013.5,16.5,-51.0,14.4,0.00,48,0.00
313.667,-5.78,-2.76,8.26,0.52,-0.18,-0.30,1013.7,16.4,-43.7,14.4,0.00,48,0.00
313.764,-0.98,3.45,6.90,-0.75,-0.09,-0.06,1013.2,16.3,-51.0,14.4,0.00,48,0.00
313.861,4.39,0.57,14.30,-0.16,-1.53,-0.19,1013.8,16.5,-71.0,14.4,0.00,48,0.00
313.974,0.31,1.57,10.48,-0.39,0.07,0.11,1013.8,16.4,-80.5,14.4,0.00,48,0.00
314.072,-2.33,3.16,4.59,0.30,0.68,0.12,1013.2,16.4,-53.1,14.4,0.00,65,0.00
314.169,-2.69,1.45,8.00,-0.31,0.64,0.33,1013.3,16.5,-71.0,14.4,0.00,65,0.00
314.266,-3.28,1.87,5.29,-0.09,0.53,0.34,1013.4,16.2,-59.4,14.4,0.00,65,0.00
314.435,4.84,0.41,8.87,-0.12,0.20,0.40,1013.2,16.4,-37.4,14.4,8.77,65,0.00
314.477,7.80,-7.93,16.23,0.47,-2.26,0.04,1013.4,16.4,-43.7,14.4,8.77,65,0.00
314.575,-2.05,-3.41,0.43,-0.64,0.62,0.62,1014.0,16.3,-41.6,14.4,8.77,65,0.00
314.672,9.19,0.34,10.94,0.50,-0.97,0.50,1013.7,16.3,-38.4,14.4,8.77,65,0.00
314.769,-5.85,-1.75,1.15,0.25,-0.17,0.50,1013.5,16.5,-43.7,14.4,8.77,65,0.00
314.866,-3.62,0.58,8.43,-0.01,0.70,0.52,1013.9,16.4,-67.9,14.4,8.77,65,0.00
314.979,-0.76,3.14,3.91,0.87,-1.00,0.19,1013.0,16.4,-73.1,14.4,8.77,65,0.00
315.078,-0.40,-2.42,7.70,-0.12,-0.17,0.34,1013.7,16.4,-51.0,14.4,8.77,57,0.00
315.175,0.87,1.04,10.94,0.23,0.59,0.58,1013.3,16.4,-53.1,14.4,8.77,57,0.00
315.272,-2.13,-0.51,11.74,0.56,-0.61,0.56,1013.0,16.4,-47.9,14.4,8.77,57,0.00
315.369,1.26,-2.02,18.33,-0.21,-1.21,0.39,1013.7,16.4,-40.5,14.4,8.77,57,0.00
315.518,-5.21,1.24,5.32,0.90,-0.08,0.33,1013.1,16.4,-46.8,14.4,8.77,57,0.00
315.568,-4.37,-2.20,6.39,-0.25,0.84,-0.31,1013.7,16.2,-37.4,14.4,8.77,57,0.00
315.665,-6.38,1.36,7.27,0.04,2.16,0.08,1013.8,16.5,-37.4,14.4,8.77,57,0.00
315.762,0.50,1.95,-9.23,-0.16,0.52,-0.08,1013.5,16.5,-65.8,14.4,8.77,57,0.00
315.883,3.39,-0.30,6.02,0.54,0.26,0.13,1013.7,16.5,-63.7,14.4,8.77,57,0.00
315.996,2.13,-0.56,0.65,-0.63,-0.37,0.37,1013.9,16.5,-37.4,14.4,8.77,57,0.00
316.070,0.91,-1.70,11.90,0.94,-0.18,0.05,1013.7,16.5,-38.4,14.4,8.77,44,0.00
316.167,8.71,-0.55,27.67,0.32,0.28,0.36,1013.4,16.2,-37.4,14.4,8.77,44,0.00
316.264,2.16,-2.41,5.73,-1.13,-1.06,-0.97,1013.5,16.3,-41.6,14.4,8.77,44,0.00
316.361,4.87,0.28,8.89,0.16,-0.94,-0.50,1013.3,16.5,-43.7,14.4,8.77,44,0.00
316.499,-0.98,-0.96,22.85,0.12,-1.00,-0.21,1013.4,16.3,-40.5,14.4,9.49,44,0.00
316.585,3.89,-1.70,22.21,-0.84,-1.68,-0.02,1013.5,16.2,-43.7,14.4,9.49,44,0.00
316.683,2.39,-0.98,23.78,-0.04,-0.27,-0.35,1013.5,16.5,-40.5,14.4,9.49,44,0.00
316.780,6.03,1.58,8.76,-0.82,-2.45,-0.07,1013.6,16.4,-40.5,14.4,9.49,44,0.00
316.877,-10.16,3.87,22.93,1.48,1.23,0.52,1013.5,16.4,-38.4,14.4,9.49,44,0.00
316.974,2.71,-0.42,8.71,0.50,-0.34,-0.02,1013.2,16.5,-38.4,14.4,9.49,44,0.00
317.065,-1.76,0.70,5.08,0.04,0.36,-0.15,1013.8,16.2,-37.4,14.4,9.49,43,0.00
317.162,2.77,2.47,9.72,-0.17,-0.12,0.16,1013.9,16.2,-35.2,14.4,9.49,43,0.00
317.283,2.09,-0.24,11.93,-0.42,-0.53,0.05,1013.5,16.2,-40.5,14.4,9.49,43,0.00
317.380,2.72,4.35,12.44,-0.85,-1.29,0.09,1013.5,16.4,-41.6,14.4,9.49,43,0.00
317.478,-4.55,-1.80,7.15,1.67,1.48,-0.08,1013.6,16.4,-38.4,14.4,9.79,43,0.00
317.568,-0.06,0.93,16.52,-0.22,-1.13,0.26,1013.6,16.4,-38.4,14.4,9.79,43,0.00
317.738,11.04,0.59,7.23,0.11,-0.96,0.63,1013.4,16.2,-40.5,14.4,9.79,43,0.00
317.763,-1.52,-1.75,3.07,-0.56,0.66,0.20,1013.5,16.3,-37.4,14.4,9.79,43,0.00
317.861,1.53,-4.08,13.18,0.20,-0.42,0.43,1013.1,16.4,-41.6,14.4,9.79,43,0.00
317.982,-3.58,-5.55,19.18,-0.39,-1.32,0.45,1014.0,16.4,-41.6,14.4,9.79,43,0.00
318.072,-2.06,-1.97,20.08,0.51,2.39,0.29,1013.8,16.5,-40.5,14.4,9.79,43,0.00
318.169,2.41,2.21,5.55,0.33,-1.81,-0.70,1013.4,16.5,-41.6,14.4,9.79,43,0.00
318.267,-12.58,-2.26,-0.23,-1.06,-0.79,-0.11,1013.7,16.6,-37.4,14.4,9.79,34,0.00
318.364,-0.10,-1.73,3.68,-1.51,-0.99,0.65,1013.4,16.3,-38.4,14.4,9.79,34,0.00
318.462,-0.45,4.02,20.05,0.86,-0.11,0.24,1013.4,16.4,-43.7,14.4,9.94,34,0.00
318.576,-0.44,-0.30,15.06,0.46,0.16,0.04,1013.4,16.4,-41.6,14.4,9.94,34,0.00
318.673,-5.12,-1.30,8.58,-0.16,0.51,-0.01,1013.7,16.5,-44.7,14.4,9.94,34,0.00
318.805,4.59,-1.20,14.42,0.13,-0.42,-0.17,1013.2,16.4,-40.5,14.4,9.94,34,0.00
318.879,1.87,0.54,12.23,0.21,-1.01,0.00,1013.2,16.4,-41.6,14.4,9.94,34,0.00
318.976,1.97,0.36,0.71,0.53,1.28,-0.26,1012.8,16.4,-40.5,14.4,9.94,34,0.00
319.066,0.14,-2.72,-1.08,-0.35,1.00,-0.24,1013.1,16.3,-37.4,14.4,9.94,31,0.00
319.163,2.43,-0.65,16.95,-0.84,-0.31,0.06,1013.4,16.2,-37.4,14.4,9.94,31,0.00
319.284,9.00,3.62,10.65,-0.30,-1.03,0.15,1013.7,16.4,-40.5,14.4,9.94,31,0.00
319.381,-3.30,0.10,9.60,-0.08,0.35,0.23,1013.6,16.4,-38.4,14.4,9.94,31,0.00
319.479,-7.08,-2.33,8.03,-0.54,0.20,0.33,1014.0,16.2,-40.5,14.4,9.76,31,0.00
319.569,3.28,-2.14,12.61,-0.98,-1.03,0.17,1013.8,16.3,-35.2,14.4,9.76,31,0.00
319.666,-5.84,-1.02,-9.40,-0.40,0.95,-0.31,1013.0,16.4,-37.4,14.4,9.76,31,0.00
319.763,5.61,2.83,9.20,1.17,-2.20,0.11,1013.6,16.3,-41.6,14.4,9.76,31,0.00
319.952,-5.23,2.04,2.95,-0.45,0.80,-0.61,1013.6,16.2,-37.4,14.4,9.76,31,0.00
319.977,4.58,-4.63,18.14,-0.08,-0.49,-0.18,1013.5,16.2,-40.5,14.4,9.76,31,0.00
320.068,6.03,4.80,5.91,-0.02,1.80,-0.32,1013.5,16.2,-40.5,14.4,9.76,0,0.00
320.165,1.10,2.67,-0.56,0.76,-0.08,-0.13,1013.5,16.3,-40.5,14.4,9.76,0,0.00
320.262,8.63,-1.79,18.42,-0.40,-0.41,-0.37,1013.5,16.3,-44.7,14.4,9.76,0,0.00
320.383,-2.78,-1.13,6.84,0.13,0.38,-0.14,1013.6,16.2,-47.9,14.4,9.76,0,0.00
320.480,-6.10,-0.69,11.07,-1.21,0.17,-0.38,1013.0,16.2,-57.3,14.4,9.76,0,0.00
320.569,0.31,1.28,5.99,-1.38,-1.86,0.58,1013.7,16.2,-56.3,14.4,9.76,0,0.00
320.667,0.20,4.28,8.97,0.28,1.05,-0.35,1013.8,16.3,-40.5,14.4,9.76,0,0.00
320.764,-6.19,2.51,4.50,0.49,-1.29,-0.03,1013.4,16.2,-46.8,14.4,9.76,0,0.00
320.861,-7.16,1.89,2.55,0.24,-0.49,-0.09,1013.6,16.2,-38.4,14.4,9.76,0,0.00
321.017,0.53,-2.68,7.44,-1.54,-2.05,-0.04,1013.3,16.2,-54.2,14.4,9.76,0,0.00
321.083,5.76,-2.88,8.69,-0.09,-0.96,0.03,1013.5,16.4,-54.2,14.4,9.76,0,0.00
321.181,1.24,1.03,3.38,0.08,1.40,0.53,1014.0,16.2,-38.4,14.4,9.76,0,0.00
321.278,-1.89,-0.89,7.06,-0.52,-0.29,-0.01,1013.5,16.4,-35.2,14.4,9.76,0,0.00
321.375,-13.41,-0.78,31.30,1.23,2.28,0.02,1013.5,16.4,-34.2,14.4,9.46,0,0.00
321.472,-4.41,0.18,8.51,0.18,-0.40,0.24,1013.3,16.2,-38.4,14.4,9.46,0,0.00
321.585,-5.03,-1.96,1.88,-0.59,-0.52,0.48,1013.6,16.2,-37.4,14.4,9.46,0,0.00
321.683,-2.75,-0.15,5.52,1.41,0.58,-0.20,1013.6,16.2,-43.7,14.4,9.46,0,0.00
321.780,-9.80,-0.73,-4.40,-0.56,1.27,-0.16,1013.7,16.4,-38.4,14.4,9.46,0,0.00
321.878,-1.53,-1.86,13.96,-0.96,0.25,-0.08,1013.3,16.3,-41.6,14.4,9.46,0,0.00
321.975,8.31,3.27,-0.02,0.29,-0.06,-0.22,1013.8,16.2,-43.7,14.4,9.46,0,0.00
322.163,-8.81,3.02,4.24,0.63,-0.06,0.79,1014.0,16.2,-43.7,14.4,9.46,0,0.00
322.278,5.55,-2.47,15.67,-0.01,-0.01,-0.25,1013.8,16.3,-40.5,14.4,9.46,0,0.00
322.375,0.53,5.15,23.99,0.88,2.54,-0.40,1013.5,16.1,-40.5,14.4,9.35,0,0.00
322.472,8.02,-1.12,12.13,0.43,-0.66,-0.15,1013.4,16.4,-38.4,14.4,9.35,0,0.00
322.569,-6.63,1.12,5.33,-0.01,0.21,0.24,1013.1,16.3,-40.5,14.4,9.35,0,0.00
322.666,4.28,0.43,9.95,-0.06,0.89,-0.31,1013.6,16.1,-44.7,14.4,9.35,0,0.00
322.780,-7.88,-6.99,9.94,-0.65,-0.11,-0.51,1013.4,16.3,-50.0,14.4,9.35,0,0.00
322.878,10.57,-2.45,15.61,-1.15,-3.09,-0.37,1013.7,16.2,-46.8,14.4,9.35,6,0.00
322.975,2.04,-2.01,-0.01,-1.17,0.69,-0.10,1013.5,16.2,-50.0,14.4,9.35,6,0.00
323.072,10.12,-3.02,8.66,-2.46,-0.35,0.10,1014.0,16.3,-44.7,14.4,9.35,6,0.00
323.169,-3.72,-0.57,9.09,-2.42,0.81,0.40,1013.5,16.4,-54.2,14.4,9.35,6,0.00
323.269,7.30,2.00,6.30,-0.32,-2.21,-0.10,1013.3,16.2,-47.9,14.4,9.35,6,0.00
323.367,-7.22,-1.43,14.29,-0.64,-0.33,0.20,1013.7,16.2,-41.6,14.4,9.35,6,0.00
323.465,-5.90,4.80,16.04,0.59,2.10,0.58,1013.8,16.3,-60.5,14.4,9.33,6,0.00
323.586,0.63,-1.13,14.64,1.05,-0.54,-0.56,1013.8,16.4,-83.6,14.4,9.33,6,0.00
323.683,-2.13,2.89,4.57,0.89,0.47,-0.28,1013.3,16.2,-88.9,14.4,9.33,6,0.00
323.772,1.01,-2.82,8.29,0.07,-0.01,-0.60,1013.3,16.2,-60.5,14.4,9.33,6,0.00
323.870,1.21,-3.36,8.38,-1.81,0.37,0.08,1013.9,16.2,-85.7,14.4,9.33,25,0.00
323.967,0.40,-0.24,6.57,-1.79,-0.24,0.47,1013.5,16.4,-62.6,14.4,9.33,25,0.00
324.064,6.07,3.85,12.98,-0.45,1.61,0.10,1013.6,16.2,-70.0,14.4,9.33,25,0.00
324.185,-1.21,5.63,5.31,0.21,1.38,0.18,1013.9,16.4,-66.8,14.4,9.33,25,0.00
324.310,0.05,1.79,4.74,-0.90,0.78,0.74,1013.4,16.2,-38.4,14.4,9.33,25,0.00
324.384,2.10,-3.88,4.52,0.56,0.22,0.45,1013.4,15.9,-38.4,14.4,9.33,25,0.00
324.481,-1.13,-3.95,2.13,0.35,1.07,0.33,1013.2,16.2,-37.4,14.4,9.33,25,0.00
324.578,6.35,-2.42,12.23,-0.80,-1.60,-0.04,1013.6,16.2,-43.7,14.4,9.33,25,0.00
324.675,5.50,-3.35,13.72,0.54,0.17,-0.07,1013.8,16.3,-62.6,14.4,9.33,25,0.00
324.765,0.42,-1.39,13.85,1.00,0.14,0.20,1013.2,16.2,-54.2,14.4,9.33,25,0.00
324.863,-2.29,1.44,14.03,-0.40,-0.09,0.30,1013.3,16.2,-38.4,14.4,9.33,64,0.00
324.984,-0.13,2.01,7.67,-0.44,1.04,0.03,1013.4,16.4,-53.1,14.4,9.33,64,0.00
325.081,-0.62,-2.15,10.97,0.25,0.97,-0.37,1013.6,16.2,-46.8,14.4,9.33,64,0.00
325.178,6.16,0.62,13.81,-0.63,-0.00,-0.40,1012.9,16.3,-37.4,14.4,9.33,64,0.00
325.268,6.06,2.81,14.80,0.48,1.13,-0.28,1013.5,16.3,-40.5,14.4,9.33,64,0.00
325.462,-0.04,0.79,9.02,-0.01,-0.45,0.06,1013.7,16.2,-43.7,14.4,9.33,64,0.00
325.487,-1.39,1.79,11.49,-0.51,-0.19,-0.11,1013.5,16.2,-38.4,14.4,9.33,64,0.00
325.585,-0.10,-2.04,6.56,-0.74,0.06,-0.44,1013.1,16.2,-43.7,14.4,9.33,64,0.00
325.682,7.18,0.20,10.43,-0.21,-0.68,-0.15,1014.0,16.2,-46.8,14.4,9.33,64,0.00
325.772,3.51,3.17,9.86,-0.66,-1.10,0.26,1013.3,16.2,-51.0,14.4,9.33,64,0.00
325.870,5.93,0.39,19.08,-0.71,-0.77,0.11,1013.7,16.3,-40.5,14.4,9.33,66,0.00
325.967,-1.02,2.65,12.71,0.11,-0.43,0.52,1013.9,16.2,-44.7,14.4,9.33,66,0.00
326.064,-0.50,1.36,12.56,0.28,0.48,0.30,1013.3,16.3,-41.6,14.4,9.33,66,0.00
326.185,10.11,-0.86,19.14,0.25,0.82,0.29,1013.3,16.2,-40.5,14.4,9.33,66,0.00
326.275,-7.29,1.46,12.60,-0.00,1.27,0.72,1013.5,16.1,-46.8,14.4,9.33,66,0.00
326.372,5.98,0.94,9.89,0.60,0.68,0.46,1013.2,16.2,-37.4,14.4,9.33,66,0.00
326.469,4.40,2.52,9.63,-0.08,-0.90,0.51,1013.2,16.3,-35.2,14.4,9.27,66,0.00
326.578,-1.23,-1.65,9.12,-0.15,-0.08,0.49,1013.6,16.2,-38.4,14.4,9.27,66,0.00
326.675,-1.95,4.24,11.45,0.83,0.81,0.89,1013.2,16.1,-43.7,14.4,9.27,66,0.00
326.764,14.21,3.60,12.05,1.76,-0.84,-0.34,1013.5,16.1,-43.7,14.4,9.27,66,0.00
326.863,2.78,-1.38,10.95,1.19,-1.23,0.56,1013.6,16.2,-44.7,14.4,9.27,53,0.00
326.984,-1.18,-1.04,1.85,-1.69,-3.27,0.63,1013.6,16.1,-41.6,14.4,9.27,53,0.00
327.081,6.97,-1.35,7.69,0.53,0.40,0.16,1013.6,16.2,-41.6,14.4,9.27,53,0.00
327.178,12.43,2.09,5.51,0.57,-0.73,0.35,1014.0,16.1,-41.6,14.4,9.27,53,0.00
327.267,5.81,-1.92,7.80,-0.71,-0.22,-0.21,1013.3,16.1,-41.6,14.4,9.27,53,0.00
327.365,6.53,-0.35,-3.06,-2.79,-1.96,0.94,1013.3,16.3,-37.4,14.4,9.27,53,0.00
327.463,1.53,5.75,16.23,-0.06,0.43,0.22,1014.0,16.2,-38.4,14.4,9.01,53,0.00
327.680,3.51,1.58,13.09,1.76,1.58,-0.26,1013.3,16.2,-40.5,14.4,9.01,53,0.00
327.795,9.33,-11.50,7.83,0.33,-1.33,-0.57,1013.4,16.2,-50.0,14.4,9.01,53,0.00
327.893,-3.62,-1.59,7.69,0.00,-0.15,-0.14,1013.0,16.1,-41.6,14.4,9.01,52,0.00
327.990,-10.09,2.41,1.06,0.24,1.21,-0.09,1013.1,16.2,-46.8,14.4,9.01,52,0.00
328.087,2.07,0.49,4.25,0.85,-0.80,-0.39,1013.3,16.0,-46.8,14.4,9.01,52,0.00
328.184,4.78,-3.01,4.61,-0.48,-0.58,-0.56,1013.8,16.1,-43.7,14.4,9.01,52,0.00
328.298,5.37,0.73,24.33,0.79,0.29,-0.36,1013.3,16.2,-54.2,14.4,9.01,52,0.00
328.395,-0.23,-3.92,3.34,-0.45,0.72,-0.71,1013.8,16.0,-43.7,14.4,8.96,52,0.00
328.493,6.59,1.20,10.16,-0.26,0.48,-0.58,1013.7,16.1,-65.8,14.4,8.96,52,0.00
328.590,-0.34,-0.86,5.54,-1.00,-0.24,-0.54,1013.6,16.2,-43.7,14.4,8.96,52,0.00
328.687,1.69,0.81,13.36,-0.49,0.47,-0.25,1013.3,16.3,-57.3,14.4,8.96,52,0.00
328.788,0.90,2.99,9.14,0.65,2.42,-0.12,1013.5,16.1,-57.3,14.4,8.96,52,0.00
328.887,-3.48,-0.69,-8.58,-0.70,-1.08,0.91,1013.1,16.1,-77.3,14.4,8.96,36,0.00
328.984,0.22,-1.11,16.97,1.45,0.47,-0.35,1013.6,16.3,-77.3,14.4,8.96,36,0.00
329.081,0.79,-1.31,-6.07,-1.10,-2.03,0.09,1013.7,16.2,-56.3,14.4,8.96,36,0.00
329.202,3.49,-1.54,12.90,-0.28,0.12,-0.61,1013.5,16.1,-60.5,14.4,8.96,36,0.00
329.291,5.84,-5.63,12.11,-0.99,-1.11,-0.48,1013.2,16.2,-43.7,14.4,8.96,36,0.00
329.389,-0.96,-4.21,4.39,-2.11,-2.73,0.30,1013.5,16.2,-70.0,14.4,8.96,36,0.00
329.486,4.46,0.65,18.41,-0.17,-1.35,0.34,1013.3,16.2,-41.6,14.4,8.96,36,0.00
329.583,9.46,-1.86,9.49,-1.12,-0.14,0.40,1013.5,16.3,-83.6,14.4,8.96,36,0.00
329.680,-3.41,-1.11,2.87,-0.86,1.46,0.11,1013.5,16.3,-44.7,14.4,8.96,36,0.00
329.829,-6.84,-4.63,14.13,-0.63,2.02,-0.26,1013.9,16.2,-40.5,14.4,8.96,65,0.00
329.903,9.36,0.40,8.48,0.81,-0.06,0.00,1013.8,16.2,-40.5,14.4,8.96,65,0.00
330.000,15.33,7.07,22.15,1.74,1.15,-0.31,1013.7,16.1,-73.1,14.4,8.96,65,0.00
330.097,9.87,-0.94,12.55,-0.59,-1.69,-0.23,1013.3,16.3,-77.3,14.4,8.96,65,0.00
330.194,-2.44,-5.26,12.81,-0.41,-0.97,0.72,1013.2,16.2,-50.0,14.4,8.96,65,0.00
330.307,3.23,-5.27,9.99,-2.03,-1.69,0.66,1013.1,16.2,-53.1,14.4,8.96,65,0.00
330.381,18.19,-2.91,7.08,1.05,-0.18,0.16,1013.6,16.2,-71.0,14.4,8.93,65,0.00
330.502,2.78,-2.32,3.84,0.54,-0.54,0.92,1013.0,16.3,-66.8,14.4,8.93,65,0.00
330.599,1.35,-2.50,18.28,1.93,3.76,0.08,1013.5,16.2,-59.4,14.4,8.93,65,0.00
330.696,4.73,-1.96,11.49,0.35,2.61,-0.52,1013.6,16.4,-74.2,14.4,8.93,65,0.00
330.809,-3.80,9.53,4.25,-0.13,-1.82,-0.89,1013.6,16.2,-66.8,14.4,8.93,58,0.00
330.972,14.34,4.37,21.48,-1.39,-0.65,-0.44,1014.1,16.1,-62.6,14.4,8.93,58,0.00
330.997,7.06,-2.72,6.81,1.30,-0.51,-1.26,1013.2,16.4,-65.8,14.4,8.93,58,0.00
331.095,3.85,-0.29,6.70,-1.39,-0.87,-0.33,1013.6,16.3,-56.3,14.4,8.93,58,0.00
331.192,6.90,0.07,19.90,-0.72,2.84,-2.31,1013.4,16.4,-44.7,14.4,8.93,58,0.00
331.289,6.89,-3.19,12.55,-0.46,-0.52,-0.19,1013.7,16.2,-41.6,14.4,8.93,58,0.00
331.403,1.98,-0.16,1.85,-1.90,-1.15,-0.09,1013.6,16.2,-41.6,14.4,8.95,58,0.00
331.501,-5.35,2.39,10.17,-1.51,2.26,0.19,1013.5,16.2,-46.8,14.4,8.95,58,0.00
331.598,11.24,1.99,15.24,1.85,-2.12,0.44,1013.6,16.3,-46.8,14.4,8.95,58,0.00
331.695,-2.12,-1.67,1.84,0.34,-1.24,0.68,1013.4,16.2,-47.9,14.4,8.95,59,0.00
331.792,0.94,5.39,3.48,0.69,-2.16,0.17,1013.4,16.2,-46.8,14.4,8.95,59,0.00
331.882,1.46,1.40,10.13,1.95,1.76,-0.94,1013.2,16.3,-41.6,14.4,8.95,59,0.00
332.063,8.52,1.88,1.74,-0.77,-1.66,0.59,1013.4,16.2,-41.6,14.4,8.95,59,0.00
332.088,5.34,3.67,22.98,1.09,3.20,-0.23,1013.5,16.2,-44.7,14.4,8.95,59,0.00
332.186,1.97,-1.15,-5.54,-2.86,-1.29,1.07,1013.2,16.2,-43.7,14.4,8.95,59,0.00
332.283,-2.35,3.39,18.49,-0.96,1.47,0.16,1014.0,16.2,-37.4,14.4,8.95,59,0.00
332.397,5.88,5.08,-7.70,0.71,-2.92,0.49,1013.2,16.1,-41.6,14.4,8.95,59,0.00
332.495,8.63,-2.22,10.25,0.27,0.19,-0.09,1013.9,16.4,-40.5,14.4,8.95,59,0.00
332.592,-3.78,-3.43,1.22,-0.70,-0.65,0.44,1013.6,16.2,-38.4,14.4,8.95,59,0.00
332.690,-3.82,0.99,8.24,-1.47,0.00,-0.84,1014.0,16.4,-41.6,14.4,8.95,68,0.00
332.787,2.98,12.34,36.03,1.10,3.27,0.39,1013.9,16.1,-43.7,14.4,8.95,68,0.00
332.901,-6.34,3.99,-0.43,-1.02,0.18,-0.01,1013.1,16.3,-43.7,14.4,8.95,68,0.00
332.998,6.25,1.58,12.41,1.30,-0.59,0.33,1013.6,16.2,-44.7,14.4,8.95,68,0.00
333.209,0.52,5.98,16.90,1.29,2.00,0.23,1013.1,16.3,-43.7,14.4,8.95,68,0.00
333.331,-8.00,-0.53,17.88,-0.96,-0.41,0.92,1013.7,16.1,-40.5,14.4,8.95,68,0.00
333.422,-2.30,2.10,11.40,-1.85,-0.05,0.54,1013.6,16.3,-43.7,14.4,8.96,68,0.00
333.519,6.46,-0.34,2.39,-0.00,-0.29,0.83,1013.2,16.2,-44.7,14.4,8.96,68,0.00
333.616,8.15,-1.60,5.90,-0.55,-3.46,0.49,1013.5,16.2,-44.7,14.4,8.96,71,0.00
333.713,9.71,1.35,10.45,0.83,-0.42,0.42,1013.4,16.3,-43.7,14.4,8.96,71,0.00
333.810,-0.58,-0.31,12.06,1.61,-0.20,1.40,1013.3,16.2,-44.7,14.4,8.96,71,0.00
333.924,2.27,5.66,9.92,0.76,-0.20,0.15,1013.7,16.3,-41.6,14.4,8.96,71,0.00
334.021,3.55,-3.15,1.68,-0.16,-2.01,0.38,1013.6,16.2,-43.7,14.4,8.96,71,0.00
334.118,7.65,1.65,19.15,1.18,2.18,-0.23,1013.9,16.3,-41.6,14.4,8.96,71,0.00
334.215,3.94,-0.45,12.77,0.50,-1.43,0.23,1013.2,16.1,-38.4,14.4,8.96,71,0.00
334.324,11.65,-5.29,13.52,0.10,2.50,-0.29,1013.2,16.2,-41.6,14.4,8.96,71,0.00
334.414,-2.75,0.64,17.20,-0.64,-0.44,-0.54,1013.2,16.2,-35.2,14.4,8.95,71,0.00
334.512,0.54,-1.96,17.09,-0.34,1.64,-0.49,1013.5,16.2,-37.4,14.4,8.95,71,0.00
334.609,1.74,-0.29,17.82,0.46,-0.67,-0.76,1013.6,16.1,-46.8,14.4,8.95,73,0.00
334.730,9.90,9.73,12.61,1.03,1.32,-1.14,1013.4,16.3,-46.8,14.4,8.95,73,0.00
334.827,-3.77,-6.63,19.30,-0.55,1.29,-0.58,1013.9,16.1,-44.7,14.4,8.95,73,0.00
334.917,-8.94,6.64,5.07,0.92,4.28,-1.06,1013.4,16.2,-46.8,14.4,8.95,73,0.00
335.014,2.33,11.69,-5.68,-0.97,0.52,0.79,1013.5,16.0,-56.3,14.4,8.95,73,0.00
335.111,-1.53,-0.36,-2.29,0.85,0.34,-0.54,1013.4,16.1,-51.0,14.4,8.95,73,0.00
335.232,-5.65,0.45,12.54,0.13,0.51,-0.48,1013.8,16.2,-83.6,14.4,8.95,73,0.00
335.342,-1.18,-0.83,8.27,-0.08,0.88,-0.12,1013.3,16.0,-43.7,14.4,8.95,73,0.00
335.433,5.31,0.44,3.54,-0.23,-0.77,0.05,1013.6,16.2,-41.6,14.4,8.94,73,0.00
335.530,-5.44,-5.05,12.88,-0.74,0.50,0.68,1014.0,16.3,-40.5,14.4,8.94,73,0.00
335.627,-2.15,3.96,7.98,0.64,1.43,0.14,1013.6,16.2,-41.6,14.4,8.94,75,0.00
335.725,5.23,5.57,15.19,-0.45,-1.69,0.87,1013.5,16.2,-43.7,14.4,8.94,75,0.00
335.822,4.57,-0.86,9.33,-0.69,0.96,0.75,1013.3,16.2,-35.2,14.4,8.94,75,0.00
335.911,4.89,2.77,3.23,1.03,0.58,0.21,1013.7,16.1,-38.4,14.4,8.94,75,0.00
336.009,3.27,4.38,17.53,-1.00,-0.56,0.31,1013.3,16.1,-38.4,14.4,8.94,75,0.00
336.130,-1.61,3.06,-2.51,0.57,0.53,-0.05,1013.3,16.4,-43.7,14.4,8.94,75,0.00
336.227,2.82,2.08,4.82,-0.03,-0.06,0.30,1013.5,16.3,-41.6,14.4,8.94,75,0.00
336.324,2.90,-3.80,17.10,-0.83,-1.26,-0.27,1013.8,16.1,-40.5,14.4,8.94,75,0.00
336.495,-8.67,0.05,13.57,0.54,0.34,-0.30,1013.6,16.2,-37.4,14.4,9.04,75,0.00
336.537,-0.96,0.26,6.00,0.17,0.07,-0.30,1013.6,16.1,-43.7,14.4,9.04,75,0.00
336.611,6.48,1.34,14.01,0.39,-0.97,-0.22,1013.5,16.4,-41.6,14.4,9.04,35,0.00
336.732,3.68,0.33,9.60,0.57,-0.01,-0.35,1013.7,16.1,-51.0,14.4,9.04,35,0.00
336.829,1.45,0.07,9.81,1.58,-0.47,-0.80,1013.7,16.2,-57.3,14.4,9.04,35,0.00
336.926,14.21,1.76,28.07,0.09,-0.31,-0.79,1013.2,16.2,-59.4,14.4,9.04,35,0.00
337.039,-3.05,1.80,4.71,0.26,0.07,-0.30,1013.4,16.2,-53.1,14.4,9.04,35,0.00
337.113,-4.15,-0.85,1.80,-0.18,-0.78,-0.01,1013.5,16.1,-53.1,14.4,9.04,35,0.00
337.210,-3.95,-3.48,12.79,-1.26,0.36,0.55,1013.6,16.1,-44.7,14.4,9.04,35,0.00
337.331,10.69,-3.29,12.13,-0.74,-0.14,-0.00,1013.3,16.2,-43.7,14.4,9.04,35,0.00
337.429,7.86,-0.04,16.44,0.46,-1.32,0.10,1013.4,16.2,-44.7,14.4,9.51,35,0.00
337.576,-0.77,2.52,4.36,-0.52,-0.87,-0.09,1013.3,16.1,-38.4,14.4,9.51,35,0.00
337.626,0.13,1.37,16.18,1.11,0.07,-0.27,1013.3,16.2,-38.4,14.4,9.51,34,0.00
337.724,5.94,-1.43,4.91,-0.13,0.19,-0.21,1013.5,16.1,-43.7,14.4,9.51,34,0.00
337.821,4.77,1.52,6.54,1.12,-0.66,0.21,1013.8,16.1,-44.7,14.4,9.51,34,0.00
337.918,-1.70,3.98,15.21,-0.44,-1.07,0.46,1013.6,16.1,-43.7,14.4,9.51,34,0.00
338.015,-7.82,1.98,1.04,0.30,1.20,0.23,1013.9,16.1,-46.8,14.4,9.51,34,0.00
338.129,2.52,1.17,16.34,0.76,0.42,-0.01,1013.8,16.2,-40.5,14.4,9.51,34,0.00
338.226,0.88,1.00,11.11,-0.20,-0.38,0.28,1013.1,16.1,-38.4,14.4,9.51,34,0.00
338.323,16.08,-1.63,14.12,0.10,-1.39,-0.18,1013.4,16.2,-40.5,14.4,9.51,34,0.00
338.421,0.41,-1.33,9.28,-0.02,-0.21,0.19,1013.4,16.2,-41.6,14.4,9.70,34,0.00
338.518,4.16,-3.09,13.09,0.06,0.92,0.23,1013.4,16.2,-43.7,14.4,9.70,34,0.00
338.709,-1.92,1.36,13.88,1.27,1.90,0.41,1013.2,16.2,-40.5,14.4,9.70,43,0.00
338.734,3.27,-4.25,5.10,-0.46,-0.54,0.66,1013.5,16.1,-41.6,14.4,9.70,43,0.00
338.832,1.89,-2.95,10.68,0.11,-0.62,0.15,1013.4,16.4,-43.7,14.4,9.70,43,0.00
338.929,0.58,2.68,20.22,0.54,1.55,0.49,1013.7,16.1,-35.2,14.4,9.70,43,0.00
339.026,7.55,-6.45,15.07,-0.36,0.49,-0.06,1013.4,16.2,-38.4,14.4,9.70,43,0.00
339.116,2.11,0.26,10.62,-0.17,-1.02,-0.14,1013.2,16.2,-38.4,14.4,9.70,43,0.00
339.213,-0.44,0.63,-1.08,0.08,0.16,-0.14,1013.4,16.1,-44.7,14.4,9.70,43,0.00
339.310,-0.97,-2.23,9.74,0.41,1.01,-0.16,1013.5,16.3,-41.6,14.4,9.70,43,0.00
339.432,5.15,1.41,1.51,0.67,0.61,-0.42,1013.4,16.2,-35.2,14.4,9.95,43,0.00
339.529,2.20,-0.49,4.45,0.03,-0.04,0.06,1013.5,16.2,-35.2,14.4,9.95,43,0.00
339.619,-4.85,-2.29,9.15,1.22,0.14,-0.05,1013.3,16.2,-41.6,14.4,9.95,44,0.00
339.716,6.46,-3.30,11.42,-0.88,-0.85,0.34,1013.8,16.2,-41.6,14.4,9.95,44,0.00
339.824,6.69,-1.42,11.79,0.31,0.53,-0.12,1013.8,16.4,-43.7,14.4,9.95,44,0.00
339.921,0.93,0.09,17.39,0.38,-0.47,-0.09,1013.7,16.2,-43.7,14.4,9.95,44,0.00
340.018,-2.01,0.86,8.31,0.03,-0.35,-0.20,1013.6,16.3,-43.7,14.4,9.95,44,0.00
340.132,-1.24,-3.48,3.37,0.03,0.79,-0.33,1013.6,16.3,-40.5,14.4,9.95,44,0.00
340.229,5.11,-1.79,-0.61,-0.30,-0.46,-0.15,1013.8,15.9,-38.4,14.4,9.95,44,0.00
340.326,-4.87,-2.40,7.07,-0.24,0.22,-0.01,1013.5,16.0,-41.6,14.4,9.95,44,0.00
340.424,2.77,-2.40,7.02,-0.16,0.57,-0.25,1013.1,16.2,-38.4,14.4,9.96,44,0.00
340.521,-1.95,0.09,8.10,-0.15,-0.19,-0.29,1013.1,16.2,-40.5,14.4,9.96,44,0.00
340.612,-3.33,1.19,9.46,-0.71,0.09,0.06,1013.7,16.1,-41.6,14.4,9.96,37,0.00
340.709,3.65,-0.91,-1.66,0.42,-1.27,-0.27,1013.7,16.2,-46.8,14.4,9.96,37,0.00
340.923,3.97,0.45,10.17,-1.06,-1.26,-0.08,1013.9,16.1,-50.0,14.4,9.96,37,0.00
341.045,-2.17,2.46,2.55,-0.00,1.23,0.30,1013.2,16.1,-40.5,14.4,9.96,37,0.00
341.135,1.62,-0.95,6.30,0.95,0.93,-0.26,1013.3,16.1,-44.7,14.4,9.96,37,0.00
341.232,2.80,-4.06,13.17,-1.19,-1.64,-0.04,1013.5,16.1,-43.7,14.4,9.96,37,0.00
341.329,-1.92,1.83,8.32,-0.53,0.52,0.17,1013.6,16.0,-43.7,14.4,9.96,37,0.00
341.427,-0.37,2.25,8.17,0.96,-0.50,0.05,1013.7,16.2,-41.6,14.4,10.00,25,0.00
341.525,1.51,-6.26,8.46,0.32,-0.18,0.20,1013.5,16.2,-46.8,14.4,10.00,25,0.00
341.640,0.66,-1.63,3.11,0.24,-0.91,-0.04,1013.8,16.2,-44.7,14.4,10.00,25,0.00
341.737,-5.85,-3.31,10.34,-0.27,0.33,0.36,1013.5,16.2,-41.6,14.4,10.00,25,0.00
341.834,-1.78,0.76,5.09,0.09,0.49,-0.08,1013.4,16.3,-43.7,14.4,10.00,25,0.00
341.931,3.51,-0.87,10.41,0.53,0.67,-0.05,1013.7,16.1,-46.8,14.4,10.00,25,0.00
342.039,5.46,1.21,5.80,-0.28,-1.17,-0.22,1013.6,16.0,-43.7,14.4,10.00,25,0.00
342.130,0.12,-3.35,11.44,-0.24,-0.28,-0.05,1013.3,16.1,-40.5,14.4,10.00,25,0.00
342.227,-2.66,-0.15,9.13,-0.29,0.23,-0.07,1013.7,16.0,-43.7,14.4,10.00,25,0.00
342.324,5.33,-3.12,14.31,-0.01,-0.16,-0.23,1013.4,16.1,-41.6,14.4,10.00,25,0.00
342.447,7.83,-1.53,14.84,0.21,0.77,-0.27,1013.6,16.1,-46.8,14.4,10.20,27,0.00
342.544,1.66,1.04,3.90,0.02,0.48,-0.01,1013.5,16.1,-46.8,14.4,10.20,27,0.00
342.635,3.11,-0.23,13.85,0.56,0.34,0.06,1013.4,16.3,-44.7,14.4,10.20,27,0.00
342.732,-1.94,1.54,9.23,0.97,0.44,-0.05,1013.8,16.1,-38.4,14.4,10.20,27,0.00
342.829,0.66,-1.15,11.98,-0.08,-0.08,-0.08,1013.1,16.1,-40.5,14.4,10.20,27,0.00
342.926,1.24,-1.30,13.59,-0.18,0.09,-0.02,1013.7,16.1,-41.6,14.4,10.20,27,0.00
343.059,1.41,-0.06,9.07,-0.01,0.24,-0.06,1013.0,16.0,-44.7,14.4,10.20,27,0.00
343.126,1.67,-1.35,14.36,-0.23,-0.13,-0.23,1013.3,16.1,-41.6,14.4,10.20,27,0.00
343.224,3.76,1.19,18.28,-0.05,-0.84,-0.11,1013.6,16.2,-53.1,14.4,10.20,27,0.00
343.345,2.78,0.60,7.13,0.72,0.01,-0.03,1013.3,16.2,-47.9,14.4,10.20,27,0.00
343.443,2.72,2.62,7.56,0.75,1.66,0.19,1013.6,16.1,-41.6,14.4,10.26,32,0.00
343.541,6.01,-0.52,14.27,-0.10,-1.77,0.22,1013.2,16.1,-43.7,14.4,10.26,32,0.00
343.631,2.94,-2.56,7.12,1.01,-0.07,-0.26,1013.3,16.0,-40.5,14.4,10.26,32,0.00
343.729,-0.97,-1.24,15.89,-0.07,-1.16,0.14,1013.3,16.2,-41.6,14.4,10.26,32,0.00
343.826,3.73,0.41,8.78,-0.42,-1.26,-0.00,1013.3,16.2,-37.4,14.4,10.26,32,0.00
343.923,2.17,-2.78,12.35,0.48,0.13,-0.15,1014.0,16.1,-44.7,14.4,10.26,32,0.00
344.044,3.75,1.45,6.26,-0.24,0.30,-0.04,1013.3,16.2,-53.1,14.4,10.26,32,0.00
344.219,-1.94,0.68,15.46,0.61,0.90,-0.07,1013.4,16.3,-57.3,14.4,10.26,32,0.00
344.261,5.52,0.21,10.41,-0.43,0.31,0.11,1013.8,16.2,-67.9,14.4,10.26,32,0.00
344.335,3.59,1.44,14.59,0.24,-0.71,-0.09,1013.4,16.1,-57.3,14.4,10.26,32,0.00
344.433,5.22,-3.88,13.48,-0.16,-0.70,-0.14,1013.7,16.1,-44.7,14.4,10.26,45,0.00
344.531,3.71,4.64,10.45,0.30,0.35,-0.09,1013.6,16.2,-43.7,14.4,10.26,45,0.00
344.628,3.89,0.59,5.07,0.33,0.20,-0.04,1013.7,16.0,-44.7,14.4,10.26,45,0.00
344.725,-4.69,0.30,4.26,-0.49,0.71,0.35,1013.4,16.2,-41.6,14.4,10.26,45,0.00
344.839,-0.37,0.41,9.94,-0.32,0.33,0.14,1013.3,16.1,-51.0,14.4,10.26,45,0.00
344.936,0.67,1.52,-0.05,0.03,0.15,-0.08,1013.4,16.1,-51.0,14.4,10.26,45,0.00
345.033,-3.57,-4.76,16.11,-0.57,0.97,-0.22,1013.6,16.1,-37.4,14.4,10.26,45,0.00
345.130,-1.97,2.48,8.34,-0.57,0.62,0.26,1013.6,16.2,-47.9,14.4,10.26,45,0.00
345.227,2.61,-1.53,12.36,0.04,-0.29,0.02,1013.5,16.4,-53.1,14.4,10.26,45,0.00
345.330,2.38,-0.01,14.99,0.50,-1.93,-0.09,1013.8,16.2,-65.8,14.4,10.26,45,0.00
345.428,7.78,2.28,15.68,0.94,0.99,-0.13,1013.0,16.2,-40.5,14.4,10.24,44,0.00
345.526,2.03,-1.36,8.93,0.19,-0.74,0.36,1013.1,16.1,-40.5,14.4,10.24,44,0.00
345.623,0.68,-0.10,9.25,-0.48,-0.72,0.39,1013.2,16.2,-38.4,14.4,10.24,44,0.00
345.744,1.66,-2.49,15.62,-0.80,0.88,0.00,1013.4,16.0,-38.4,14.4,10.24,44,0.00
345.834,1.43,3.09,18.79,-1.12,-0.81,0.44,1013.2,16.3,-40.5,14.4,10.24,44,0.00
345.931,-2.45,0.47,2.38,0.94,1.27,-0.08,1013.4,16.1,-38.4,14.4,10.24,44,0.00
346.028,9.95,4.42,4.98,0.86,-0.10,0.27,1013.3,16.3,-44.7,14.4,10.24,44,0.00
346.125,-0.57,1.02,-2.01,-0.02,0.85,0.06,1013.4,16.3,-40.5,14.4,10.24,44,0.00
346.246,2.44,4.37,7.55,-0.95,-0.98,-0.26,1013.7,16.2,-41.6,14.4,10.24,44,0.00
346.450,13.66,-2.49,17.81,0.61,-2.90,-0.40,1013.1,16.1,-37.4,14.4,10.29,43,0.00
346.572,6.30,2.49,15.18,-0.26,-1.36,0.27,1013.9,16.2,-40.5,14.4,10.29,43,0.00
346.669,4.53,-0.32,12.80,0.71,0.73,-0.19,1013.3,16.2,-40.5,14.4,10.29,43,0.00
346.766,-8.49,-3.06,4.26,-0.03,1.78,0.41,1013.6,16.1,-40.5,14.4,10.29,43,0.00
346.856,-2.67,1.49,1.50,0.39,0.19,0.03,1013.8,16.2,-40.5,14.4,10.29,43,0.00
346.953,4.64,-1.87,18.44,-0.21,-0.63,0.33,1013.7,16.2,-41.6,14.4,10.29,43,0.00
347.050,7.35,3.73,18.33,0.80,1.70,0.13,1013.9,16.3,-44.7,14.4,10.29,43,0.00
347.171,-2.88,-1.41,17.26,-0.51,-0.82,0.15,1013.4,16.3,-41.6,14.4,10.29,43,0.00
347.268,1.51,2.76,1.17,0.38,0.51,-0.03,1013.2,16.3,-43.7,14.4,10.29,43,0.00
347.358,-9.10,-0.07,17.55,-1.01,-0.10,0.08,1013.2,16.4,-43.7,14.4,10.29,43,0.00
347.457,0.12,-1.80,10.04,-0.95,-0.52,0.13,1013.6,16.2,-38.4,14.4,10.40,39,0.00
347.567,-2.85,1.65,12.51,0.43,-1.02,0.15,1013.2,16.2,-40.5,14.4,10.40,39,0.00
347.664,3.26,4.56,4.73,-0.45,-0.69,-0.23,1013.6,16.2,-41.6,14.4,10.40,39,0.00
347.761,4.75,2.19,12.86,-0.56,-0.51,0.27,1013.6,16.3,-38.4,14.4,10.40,39,0.00
347.852,-0.61,0.24,17.77,-0.81,-0.90,0.23,1013.5,16.2,-40.5,14.4,10.40,39,0.00
347.973,0.79,-4.46,7.80,0.60,0.94,0.08,1013.5,16.4,-50.0,14.4,10.40,39,0.00
348.070,-0.38,-5.21,9.67,-1.41,-2.62,-0.18,1013.5,16.2,-43.7,14.4,10.40,39,0.00
348.167,5.51,-0.99,11.10,-0.90,-0.59,0.22,1013.3,16.2,-38.4,14.4,10.40,39,0.00
348.264,-3.11,-2.36,9.75,-0.97,-0.16,0.15,1013.5,16.2,-38.4,14.4,10.40,39,0.00
348.355,5.37,-0.65,7.16,-0.05,0.04,-0.14,1013.7,16.2,-38.4,14.4,10.40,39,0.00
348.454,-1.68,-1.42,20.59,1.19,0.82,-0.13,1013.4,16.1,-44.7,14.4,10.47,25,0.00
348.665,-5.27,-2.66,8.28,-0.39,0.81,-0.10,1013.3,16.2,-38.4,14.4,10.47,25,0.00
348.787,0.22,-3.18,10.36,-0.15,0.14,-0.33,1013.6,16.2,-35.2,14.4,10.47,25,0.00
348.878,0.74,1.37,9.16,0.94,1.24,-0.09,1013.5,16.4,-56.3,14.4,10.47,25,0.00
348.975,3.00,-5.05,18.58,-0.61,0.26,-0.00,1013.1,16.2,-70.0,14.4,10.47,25,0.00
349.072,5.08,-2.06,15.55,0.90,1.37,-0.75,1013.4,16.3,-54.2,14.4,10.47,25,0.00
349.169,0.08,0.64,18.60,-0.93,0.18,0.08,1013.0,16.2,-83.6,14.4,10.47,25,0.00
349.266,4.44,1.47,14.75,0.20,1.35,-0.10,1013.6,16.3,-88.9,14.4,10.47,25,0.00
349.381,4.57,-1.29,7.62,-0.42,1.17,-0.63,1013.5,16.2,-59.4,14.4,10.50,25,0.00
349.479,3.64,0.12,17.96,-0.40,-1.16,-0.28,1013.5,16.2,-70.0,14.4,10.50,21,0.00
349.576,-4.10,-2.96,7.68,-0.34,0.11,0.08,1013.7,16.2,-43.7,14.4,10.50,21,0.00
349.673,1.20,2.58,13.64,0.43,2.86,-0.54,1013.3,16.3,-47.9,14.4,10.50,21,0.00
349.784,10.35,-5.92,5.24,-0.11,-1.82,-0.43,1013.3,16.3,-47.9,14.4,10.50,21,0.00
349.874,-0.02,-2.97,13.63,-0.01,-1.52,0.25,1013.6,16.2,-41.6,14.4,10.50,21,0.00
349.972,-3.70,6.60,8.04,0.29,-0.46,-0.26,1013.5,16.2,-44.7,14.4,10.50,21,0.00
350.069,-3.76,0.76,13.94,-0.35,-0.47,0.19,1013.9,16.4,-40.5,14.4,10.50,21,0.00
350.166,4.07,2.19,9.22,-0.49,-0.08,0.45,1013.6,16.2,-43.7,14.4,10.50,21,0.00
350.287,-1.84,-1.36,7.91,-0.52,0.10,0.54,1014.0,16.3,-43.7,14.4,10.50,21,0.00
350.377,7.17,0.54,13.43,-0.55,-1.34,0.44,1013.7,16.2,-40.5,14.4,10.56,21,0.00
350.476,3.06,-0.03,14.51,0.17,-0.88,0.59,1013.8,16.4,-40.5,14.4,10.56,0,0.00
350.573,9.46,-0.64,8.58,-0.22,-0.94,0.44,1013.4,16.2,-38.4,14.4,10.56,0,0.00
350.670,6.01,2.22,0.09,0.29,-0.87,-0.03,1013.7,16.2,-40.5,14.4,10.56,0,0.00
350.767,6.89,7.42,9.81,0.23,0.07,-0.27,1013.7,16.3,-40.5,14.4,10.56,0,0.00
350.893,2.06,-0.23,4.30,0.38,0.86,-0.24,1013.7,16.3,-40.5,14.4,10.56,0,0.00
350.967,4.35,-1.67,8.83,-0.00,0.07,-0.37,1013.2,16.2,-40.5,14.4,10.56,0,0.00
351.088,-2.43,-4.40,5.21,-0.08,1.60,-0.37,1013.5,16.2,-40.5,14.4,10.56,0,0.00
351.185,5.41,2.19,13.00,0.68,0.46,-0.34,1013.3,16.4,-43.7,14.4,10.56,0,0.00
351.283,-2.97,-1.02,7.07,0.03,-0.91,-0.33,1013.8,16.2,-41.6,14.4,10.56,0,0.00
351.396,1.24,0.27,9.72,0.12,0.33,-0.44,1013.7,16.2,-43.7,14.4,10.53,0,0.00
351.470,-2.48,0.43,9.75,-0.35,-0.76,-0.13,1013.3,16.3,-43.7,14.4,10.53,0,0.00
351.567,5.07,2.11,0.83,-0.20,0.36,-0.26,1014.3,16.1,-44.7,14.4,10.53,0,0.00
351.688,0.24,-1.90,0.76,-0.18,0.12,-0.68,1013.6,16.4,-40.5,14.4,10.53,0,0.00
351.785,4.69,-1.34,16.93,-0.43,-1.03,-0.41,1013.7,16.2,-41.6,14.4,10.53,0,0.00
351.972,-0.79,-1.30,15.34,-0.80,-0.10,-0.21,1013.5,16.1,-43.7,14.4,10.53,0,0.00
352.087,-1.24,-1.35,3.43,-0.98,-1.08,0.00,1013.0,16.1,-43.7,14.4,10.53,0,0.00
352.184,-2.98,-0.01,3.76,-0.03,2.15,0.77,1013.8,16.2,-46.8,14.4,10.53,0,0.00
352.282,-3.98,-3.28,14.44,0.39,-0.61,0.18,1013.8,16.2,-41.6,14.4,10.53,0,0.00
352.379,6.52,-0.94,9.25,-2.29,-2.68,0.32,1013.6,16.3,-43.7,14.4,10.41,0,0.00
352.476,-3.69,4.46,13.96,-0.07,0.35,0.14,1013.9,16.2,-41.6,14.4,10.41,0,0.00
352.590,-2.59,-0.34,7.54,-0.01,-0.33,-0.05,1013.5,16.2,-43.7,14.4,10.41,0,0.00
352.687,-1.14,-1.51,11.59,-0.41,-0.04,0.08,1013.6,16.3,-41.6,14.4,10.41,0,0.00
352.784,-2.14,-0.76,11.13,-0.13,-0.02,0.01,1013.2,16.4,-40.5,14.4,10.41,0,0.00
352.881,0.94,0.46,11.00,0.09,-0.08,-0.05,1013.5,16.4,-34.2,14.4,10.41,0,0.00
352.978,0.50,1.89,8.32,0.00,-0.02,0.06,1014.1,16.3,-43.7,14.4,10.41,0,0.00
353.080,3.61,-0.54,10.29,0.31,-0.02,-0.06,1013.2,16.1,-44.7,14.4,10.41,0,0.00
353.177,1.19,-0.88,10.08,-0.40,-0.09,-0.02,1013.3,16.2,-41.6,14.4,10.41,0,0.00
353.275,1.15,4.17,9.90,-0.22,0.04,0.05,1014.1,16.2,-43.7,14.4,10.41,0,0.00
353.372,1.76,-2.31,9.42,0.26,0.06,-0.13,1013.5,16.4,-40.5,14.4,10.41,0,0.00
353.493,1.96,-2.44,9.84,-0.00,-0.02,-0.13,1013.3,16.2,-41.6,14.4,10.41,0,0.00
353.583,1.21,1.37,9.82,-0.62,0.10,0.03,1013.1,16.3,-38.4,14.4,10.41,0,0.00
353.680,1.59,0.55,9.78,-0.02,-0.02,-0.01,1013.7,16.2,-41.6,14.4,10.41,0,0.00
353.777,1.50,0.63,9.85,-0.04,-0.00,0.03,1013.8,16.2,-40.5,14.4,10.41,0,0.00
353.874,1.56,0.52,9.77,-0.04,0.01,0.02,1013.8,16.1,-44.7,14.4,10.41,0,0.00
353.995,1.52,-0.25,10.13,-0.12,0.03,0.01,1013.7,16.2,-40.5,14.4,10.41,0,0.00
354.202,1.47,0.53,9.71,-0.11,0.02,0.02,1013.7,16.2,-41.6,14.4,10.41,0,0.00
354.324,1.64,1.43,9.79,-0.09,0.01,0.02,1014.0,16.2,-40.5,14.4,10.41,0,0.00
354.422,1.27,-0.02,9.91,0.02,0.00,-0.03,1013.5,16.1,-43.7,14.4,10.41,0,0.00
354.535,1.51,0.14,9.75,-0.20,0.02,0.07,1013.6,16.2,-40.5,14.4,10.41,0,0.00
354.609,1.57,-0.08,9.97,0.05,-0.01,0.02,1013.1,16.2,-41.6,14.4,10.41,0,0.00
354.706,1.54,0.16,9.85,-0.03,0.01,0.02,1013.4,16.1,-44.7,14.4,10.41,0,0.00
354.803,1.38,0.45,9.84,0.04,0.01,-0.01,1013.5,16.2,-44.7,14.4,10.41,0,0.00
354.924,1.44,-0.20,9.88,-0.08,0.01,0.00,1013.5,16.3,-40.5,14.4,10.41,0,0.00
355.037,1.41,1.22,9.85,0.05,-0.01,0.03,1013.1,16.4,-40.5,14.4,10.41,0,0.00
355.111,1.34,-1.03,9.95,-0.07,0.01,0.01,1013.4,16.4,-41.6,14.4,10.41,0,0.00
355.208,1.56,0.71,9.83,-0.06,0.02,0.03,1013.4,16.4,-38.4,14.4,10.41,0,0.00
355.318,1.49,-0.12,9.95,0.06,0.00,-0.02,1013.6,16.3,-40.5,14.4,10.41,0,0.00
355.415,1.59,0.29,9.76,0.00,-0.01,0.01,1013.7,16.2,-40.5,14.4,0.37,0,0.00
355.513,1.63,0.20,9.85,0.12,-0.01,-0.07,1013.7,16.3,-43.7,14.4,0.37,0,0.00
355.603,1.34,0.36,9.71,-0.15,0.01,0.04,1013.5,16.2,-43.7,14.4,0.37,0,0.00
355.724,1.76,1.76,9.78,0.18,-0.01,-0.05,1013.1,16.4,-41.6,14.4,0.37,0,0.00
355.821,1.59,0.44,9.73,-0.14,0.00,0.07,1013.7,16.3,-41.6,14.4,0.37,0,0.00
355.918,1.44,-0.23,9.87,-0.08,0.02,-0.00,1013.3,16.3,-43.7,14.4,0.37,0,0.00
356.015,1.70,-0.34,10.04,0.02,0.01,-0.01,1014.0,16.4,-38.4,14.4,0.37,0,0.00
356.105,1.64,0.71,9.67,-0.18,-0.01,0.06,1013.6,16.4,-43.7,14.4,0.37,0,0.00
356.202,1.76,0.51,9.86,0.02,-0.01,-0.03,1013.6,16.2,-43.7,14.4,0.37,0,0.00
356.358,1.58,0.13,9.97,0.06,0.00,-0.01,1013.7,16.2,-40.5,14.4,0.37,0,0.00
356.408,1.39,0.08,9.90,0.00,-0.00,-0.00,1013.4,16.3,-43.7,14.4,0.37,0,0.00
356.506,1.49,-1.09,9.86,-0.03,0.01,-0.02,1013.0,16.4,-43.7,14.4,0.37,0,0.00
356.620,1.58,0.21,9.88,-0.14,0.02,0.05,1013.7,16.3,-40.5,14.4,0.37,0,0.00
356.717,1.58,0.71,9.86,0.11,-0.00,-0.02,1013.3,16.3,-43.7,14.4,0.37,0,0.00
356.814,1.52,-0.32,9.72,-0.07,0.02,0.05,1013.4,16.3,-43.7,14.4,0.37,0,0.00
356.911,1.57,0.88,9.85,0.18,-0.01,-0.06,1013.7,16.2,-43.7,14.4,0.37,0,0.00
357.008,1.34,-0.77,9.85,-0.21,0.03,0.01,1013.9,16.2,-40.5,14.4,0.37,0,0.00
357.122,1.59,0.20,9.85,0.05,-0.01,-0.01,1013.4,16.4,-41.6,14.4,0.37,0,0.00
357.219,1.58,-0.47,9.92,0.03,0.01,0.01,1013.2,16.2,-40.5,14.4,0.37,0,0.00
357.316,1.54,0.46,9.82,0.07,-0.01,-0.01,1013.8,16.3,-40.5,14.4,0.37,0,0.00
357.506,1.28,1.01,9.82,0.06,0.01,-0.01,1013.7,16.2,-41.6,14.4,0.37,0,0.00
357.621,1.70,0.81,9.78,0.00,0.00,0.01,1013.6,16.4,-40.5,14.4,0.37,0,0.00
357.718,1.64,0.52,9.79,-0.02,0.00,0.02,1013.9,16.2,-43.7,14.4,0.37,0,0.00
357.815,1.61,0.85,9.82,-0.06,0.01,0.06,1013.8,16.3,-40.5,14.4,0.37,0,0.00
357.912,1.56,0.28,9.75,-0.07,0.01,0.01,1013.5,16.3,-41.6,14.4,0.37,0,0.00
358.009,1.36,0.34,9.88,-0.06,-0.00,0.01,1013.4,16.2,-40.5,14.4,0.37,0,0.00
358.123,1.44,0.80,9.79,-0.04,0.00,0.04,1013.1,16.4,-40.5,14.4,0.37,0,0.00
358.220,1.86,0.43,9.94,-0.15,0.01,0.06,1013.6,16.3,-40.5,14.4,0.37,0,0.00
358.318,1.57,-0.15,9.83,0.01,0.01,-0.03,1013.5,16.3,-43.7,14.4,0.37,0,0.00
358.415,1.64,0.23,9.80,-0.13,0.01,0.07,1013.3,16.2,-41.6,14.4,0.37,0,0.00
358.513,1.65,-0.20,9.73,-0.02,-0.01,0.01,1013.4,16.3,-41.6,14.4,0.37,0,0.00
358.614,1.37,-0.33,9.98,0.02,0.01,-0.04,1013.1,16.3,-43.7,14.4,0.37,0,0.00
358.712,1.51,-0.03,9.89,0.02,0.00,-0.01,1013.2,16.2,-43.7,14.4,0.37,0,0.00
358.809,1.47,0.21,9.77,-0.07,0.00,0.04,1013.6,16.2,-43.7,14.4,0.37,0,0.00
358.906,1.66,0.05,9.97,0.18,-0.01,-0.01,1013.4,16.4,-43.7,14.4,0.37,0,0.00
359.027,1.48,-0.35,9.76,-0.10,0.01,-0.02,1013.6,16.4,-41.6,14.4,0.37,0,0.00
359.116,1.51,0.09,9.98,-0.09,0.01,0.04,1013.8,16.2,-41.6,14.4,0.37,0,0.00
359.214,1.53,1.19,9.67,-0.03,0.00,0.07,1013.0,16.4,-43.7,14.4,0.37,0,0.00
359.311,1.40,-0.86,9.85,-0.01,0.00,-0.02,1013.6,16.4,-41.6,14.4,0.37,0,0.00
359.408,1.59,2.14,9.61,0.02,-0.02,0.05,1013.6,16.3,-41.6,14.4,0.00,0,0.00
359.506,1.70,0.35,9.80,0.04,-0.01,0.04,1013.7,16.2,-41.6,14.4,0.00,0,0.00
359.741,1.20,0.50,9.70,0.22,-0.02,0.01,1013.3,16.2,-41.6,14.4,0.00,0,0.00
359.863,1.70,-2.09,9.80,0.05,-0.00,0.02,1014.1,16.1,-43.7,14.4,0.00,0,0.00
359.960,1.50,-0.46,9.63,0.02,0.01,0.03,1013.4,16.3,-40.5,14.4,0.00,0,0.00
360.057,1.12,-1.17,9.82,0.16,0.01,-0.07,1013.3,16.2,-43.7,14.4,0.00,0,0.00
360.147,1.65,0.11,10.05,0.06,-0.00,-0.02,1013.9,16.2,-41.6,14.4,0.00,0,0.00
360.245,1.43,-0.13,9.91,0.17,-0.00,-0.05,1013.4,16.2,-44.7,14.4,0.00,0,0.00
360.343,1.40,0.36,9.82,-0.09,0.01,0.03,1013.8,16.3,-41.6,14.4,0.00,0,0.00
360.441,1.83,1.95,9.67,0.07,-0.02,0.03,1013.2,16.4,-41.6,14.4,0.00,0,0.00
360.562,3.29,1.10,12.81,0.59,-0.12,0.15,1014.1,16.2,-41.6,14.4,0.00,0,0.00
360.652,1.36,-1.17,10.17,0.19,0.05,0.05,1013.7,16.3,-40.5,14.4,0.00,0,0.00
360.783,1.37,-1.14,9.70,0.03,0.01,-0.01,1013.8,16.2,-38.4,14.4,0.00,0,0.00
360.857,1.50,-0.50,11.31,-0.03,-0.01,-0.02,1013.9,16.2,-43.7,14.4,0.00,0,0.00
360.954,1.46,-0.91,9.96,0.01,0.01,-0.01,1013.3,16.4,-41.6,14.4,0.00,0,0.00
361.052,1.43,-0.97,9.41,0.03,0.01,0.01,1013.7,16.4,-40.5,14.4,0.00,0,0.00
361.141,1.50,-0.81,9.84,0.05,0.00,0.01,1013.2,16.6,-40.5,14.4,0.00,0,0.00
361.263,1.44,-0.53,9.71,0.03,0.01,-0.00,1013.1,16.1,-40.5,14.4,0.00,0,0.00
361.360,1.36,-0.47,9.99,0.02,0.01,-0.01,1013.6,16.2,-41.6,14.4,0.00,0,0.00
361.458,1.39,-0.61,9.94,0.04,0.00,-0.01,1013.6,16.4,-44.7,14.4,0.00,0,0.00
361.555,1.48,-0.33,9.84,-0.01,0.00,0.02,1013.3,16.3,-43.7,14.4,0.00,0,0.00
361.644,1.64,-0.17,9.85,-0.01,-0.01,0.01,1013.8,16.4,-41.6,14.4,0.00,0,0.00
361.742,2.19,-2.12,10.40,0.03,0.00,-0.01,1013.4,16.2,-43.7,14.4,0.00,0,0.00
361.851,1.61,-0.65,10.02,-0.01,-0.00,0.01,1013.6,16.3,-40.5,14.4,0.00,0,0.00
361.949,1.55,-0.67,9.95,-0.04,0.01,0.01,1013.2,16.2,-41.6,14.4,0.00,0,0.00
362.047,1.56,-0.42,9.86,-0.01,-0.00,0.01,1013.3,16.3,-41.6,14.4,0.00,0,0.00
362.160,1.40,-0.52,9.96,0.01,0.01,0.02,1013.0,16.3,-43.7,14.4,0.00,0,0.00
362.258,1.66,-0.47,9.83,-0.02,0.01,0.02,1013.5,16.4,-40.5,14.4,0.00,0,0.00
362.355,2.08,0.04,9.05,-0.01,0.02,0.01,1013.6,16.3,-41.6,14.4,0.00,0,0.00
362.453,1.62,-0.91,9.91,0.01,0.01,-0.00,1013.7,16.2,-41.6,14.4,0.00,0,0.00
362.550,1.48,-1.29,9.84,-0.02,0.00,0.01,1013.7,16.4,-40.5,14.4,0.00,0,0.00
362.663,1.62,-0.91,9.87,-0.01,-0.01,0.01,1013.7,16.4,-41.6,14.4,0.00,0,0.00
362.761,1.38,-0.82,9.94,0.01,0.00,0.00,1013.6,16.2,-41.6,14.4,0.00,0,0.00
362.858,1.89,-0.55,9.52,-0.04,-0.00,-0.00,1013.7,16.3,-41.6,14.4,0.00,0,0.00
363.005,1.35,-0.79,9.84,0.01,0.00,0.01,1012.8,16.4,-43.7,14.4,0.00,0,0.00
363.055,1.48,-0.35,9.86,0.03,0.01,0.01,1013.5,16.2,-41.6,14.4,0.00,0,0.00
363.168,1.53,-0.49,9.87,0.01,-0.00,0.01,1013.9,16.1,-43.7,14.4,0.00,0,0.00
363.242,1.58,-0.53,9.82,0.02,-0.00,0.01,1013.3,16.2,-41.6,14.4,0.00,0,0.00
363.363,1.47,-0.21,9.99,0.01,0.01,0.01,1013.6,16.4,-41.6,14.4,0.00,0,0.00
363.461,1.72,-0.21,9.90,-0.01,0.01,0.01,1013.7,16.4,-41.6,14.4,0.00,0,0.00
363.558,1.65,-0.38,9.80,-0.01,-0.01,0.01,1013.7,16.2,-41.6,14.4,0.00,0,0.00
363.671,1.74,-0.67,9.75,-0.02,-0.01,0.00,1013.4,16.2,-40.5,14.4,0.00,0,0.00
363.745,1.40,-1.06,9.87,-0.03,0.01,0.01,1013.9,16.4,-41.6,14.4,0.00,0,0.00
363.842,1.00,-0.35,9.61,0.06,0.05,-0.02,1013.6,16.5,-41.6,14.4,0.00,0,0.00
363.963,1.74,0.03,9.85,0.13,-0.00,0.02,1013.5,16.3,-41.6,14.4,0.00,0,0.00
364.096,1.13,-0.34,9.88,0.04,0.02,0.00,1013.4,16.2,-43.7,14.4,0.00,0,0.00
364.146,1.79,-0.81,9.82,0.01,0.01,-0.01,1013.2,16.3,-40.5,14.4,0.00,0,0.00
364.260,1.63,-0.63,9.66,-0.03,0.01,0.01,1014.1,16.4,-40.5,14.4,0.00,0,0.00
364.357,2.64,-1.76,7.34,-0.01,0.00,-0.07,1013.4,16.2,-43.7,14.4,0.00,0,0.00
364.455,1.33,-0.58,10.03,-0.07,0.01,0.00,1013.3,16.2,-43.7,14.4,0.00,0,0.00
364.552,1.38,-0.67,9.77,0.01,0.00,0.01,1013.6,16.2,-43.7,14.4,0.00,0,0.00
364.649,1.88,0.23,9.87,0.03,-0.00,-0.00,1013.6,16.3,-43.7,14.4,0.00,0,0.00
364.763,1.51,-0.41,9.76,-0.00,0.00,0.01,1013.8,16.3,-43.7,14.4,0.00,0,0.00
364.860,1.42,-0.23,9.91,-0.00,0.01,0.01,1013.6,16.4,-41.6,14.4,0.00,0,0.00
364.957,1.53,-0.47,9.81,0.01,0.01,0.01,1013.2,16.2,-41.6,14.4,0.00,0,0.00
365.055,1.41,-0.48,10.06,0.00,0.00,0.00,1014.0,16.2,-41.6,14.4,0.00,0,0.00
365.245,1.20,-0.33,9.87,0.01,0.00,0.01,1013.2,16.2,-38.4,14.4,0.00,0,0.00
365.360,1.32,-0.76,10.00,0.01,-0.00,0.02,1013.4,16.4,-43.7,14.4,0.00,0,0.00
365.458,1.73,-0.27,9.80,0.02,0.00,0.01,1013.6,16.4,-43.7,14.4,0.00,0,0.00
365.555,1.61,-0.26,9.96,-0.01,0.01,0.01,1013.4,16.2,-41.6,14.4,0.00,0,0.00
365.652,1.79,-0.36,9.85,-0.01,0.00,0.00,1013.2,16.3,-40.5,14.4,0.00,0,0.00
365.749,1.72,-0.19,9.87,-0.01,0.00,0.01,1013.4,16.4,-41.6,14.4,0.00,0,0.00
365.863,1.48,-0.47,9.91,-0.02,0.01,0.01,1013.6,16.2,-43.7,14.4,0.00,0,0.00
365.960,1.46,-0.31,9.89,-0.02,0.00,0.01,1013.9,16.2,-40.5,14.4,0.00,0,0.00
366.058,1.58,-0.38,9.84,-0.01,0.00,0.01,1013.9,16.2,-38.4,14.4,0.00,0,0.00
366.155,1.55,-1.31,9.84,-0.08,-0.00,0.01,1013.0,16.4,-43.7,14.4,0.00,0,0.00
366.252,1.57,-1.26,10.22,-0.34,0.02,0.05,1013.4,16.2,-43.7,14.4,0.00,0,0.00
366.353,2.11,-0.75,8.64,-0.12,-0.02,0.05,1013.4,16.2,-38.4,14.4,0.00,0,0.00
366.451,1.65,-0.53,9.04,0.46,0.15,-0.03,1013.3,16.2,-40.5,14.4,0.00,0,0.00
366.548,1.04,-0.67,10.07,0.02,-0.02,0.00,1014.1,16.2,-43.7,14.4,0.00,0,0.00
366.645,1.38,-1.02,9.73,-0.00,0.00,-0.00,1013.2,16.5,-41.6,14.4,0.00,0,0.00
366.766,1.20,-0.43,9.98,0.03,0.00,0.00,1013.5,16.4,-43.7,14.4,0.00,0,0.00
366.856,1.30,-0.46,9.88,0.01,-0.00,0.02,1013.8,16.3,-40.5,14.4,0.00,0,0.00
366.953,1.63,-0.24,9.86,0.01,-0.01,0.01,1014.0,16.3,-40.5,14.4,0.00,0,0.00
367.051,1.43,-0.23,10.02,-0.03,-0.01,0.02,1013.8,16.3,-43.7,14.4,0.00,0,0.00
367.148,1.83,-0.94,9.83,-0.03,-0.00,0.01,1013.1,16.2,-43.7,14.4,0.00,0,0.00
367.245,1.60,-0.76,9.89,0.01,0.00,0.01,1013.2,16.3,-38.4,14.4,0.00,0,0.00
367.370,1.57,-0.61,9.85,0.01,0.00,0.01,1013.3,16.3,-40.5,14.4,0.00,0,0.00
367.445,1.81,-0.87,9.98,0.02,-0.01,-0.14,1013.5,16.4,-38.4,14.4,0.00,0,0.00
367.566,1.58,-0.40,10.19,-0.50,-0.03,0.04,1013.4,16.4,-38.4,14.4,0.00,0,0.00
367.663,1.62,-1.01,10.02,0.78,0.22,0.15,1014.0,16.1,-41.6,14.4,0.00,0,0.00
367.760,1.51,-1.16,10.07,0.58,0.08,0.05,1013.3,16.4,-41.6,14.4,0.00,0,0.00
367.850,1.38,-1.26,9.91,0.28,0.00,0.05,1013.6,16.5,-40.5,14.4,0.00,0,0.00
367.947,1.23,-0.56,9.84,0.02,-0.06,-0.11,1013.6,16.2,-37.4,14.4,0.00,0,0.00
368.045,1.40,0.22,9.76,0.11,-0.05,-0.04,1014.0,16.2,-43.7,14.4,0.00,0,0.00
368.167,1.41,0.21,9.84,0.07,0.01,0.12,1013.3,16.3,-41.6,14.4,0.00,0,0.00
368.264,1.36,-0.32,10.00,0.32,0.00,-0.03,1013.8,16.2,-41.6,14.4,0.00,0,0.00
368.354,1.34,0.37,9.91,0.02,-0.01,-0.01,1013.3,16.3,-43.7,14.4,0.00,0,0.00
