ISO-10303-21;
HEADER;
FILE_DESCRIPTION (( 'STEP AP214' ),
    '1' );
FILE_NAME ('4525-DS3A001DP.STEP',
    '2023-04-21T18:02:25',
    ( '' ),
    ( '' ),
    'SwSTEP 2.0',
    'SolidWorks 2021',
    '' );
FILE_SCHEMA (( 'AUTOMOTIVE_DESIGN' ));
ENDSEC;

DATA;
#1 = LINE ( 'NONE', #6893, #3966 ) ;
#2 = ORIENTED_EDGE ( 'NONE', *, *, #1801, .T. ) ;
#3 = ORIENTED_EDGE ( 'NONE', *, *, #5536, .F. ) ;
#4 = ORIENTED_EDGE ( 'NONE', *, *, #1101, .F. ) ;
#5 = EDGE_CURVE ( 'NONE', #2936, #4777, #5639, .T. ) ;
#6 = LINE ( 'NONE', #3933, #2621 ) ;
#7 = CARTESIAN_POINT ( 'NONE',  ( -6.223000000000387999, 4.792684585299991085, 3.175000000000002487 ) ) ;
#8 = CARTESIAN_POINT ( 'NONE',  ( 6.223000000000001641, 4.792684585299996414, 3.175000000000002487 ) ) ;
#9 = CYLINDRICAL_SURFACE ( 'NONE', #6642, 0.2000000000000000944 ) ;
#10 = ORIENTED_EDGE ( 'NONE', *, *, #2290, .F. ) ;
#11 = DIRECTION ( 'NONE',  ( 5.130477113903260092E-17, 1.665334536937735304E-16, -1.000000000000000000 ) ) ;
#12 = ORIENTED_EDGE ( 'NONE', *, *, #5895, .F. ) ;
#13 = MECHANICAL_DESIGN_GEOMETRIC_PRESENTATION_REPRESENTATION (  '', ( #6585 ), #4524 ) ;
#14 = B_SPLINE_CURVE_WITH_KNOTS ( 'NONE', 3,
 ( #6822, #1119, #2339, #6290, #4548 ),
 .UNSPECIFIED., .F., .F.,
 ( 4, 1, 4 ),
 ( 0.000000000000000000, 0.3810648246831000452, 1.000000000000000000 ),
 .UNSPECIFIED. ) ;
#15 = CARTESIAN_POINT ( 'NONE',  ( -5.679736218422998917, 4.689207125507997453, 3.175000000000002487 ) ) ;
#16 = LINE ( 'NONE', #4721, #937 ) ;
#17 = DIRECTION ( 'NONE',  ( 0.000000000000000000, -1.000000000000000000, 0.000000000000000000 ) ) ;
#18 = VERTEX_POINT ( 'NONE', #7242 ) ;
#19 = DIRECTION ( 'NONE',  ( 0.000000000000000000, -0.000000000000000000, 1.000000000000000000 ) ) ;
#20 = VERTEX_POINT ( 'NONE', #2747 ) ;
#21 = EDGE_CURVE ( 'NONE', #1095, #6052, #2261, .T. ) ;
#22 = EDGE_LOOP ( 'NONE', ( #6270, #2163, #1831, #4914 ) ) ;
#23 = DIRECTION ( 'NONE',  ( 3.431425595409362857E-17, 1.000000000000000000, 0.000000000000000000 ) ) ;
#24 = LINE ( 'NONE', #5892, #330 ) ;
#25 = CARTESIAN_POINT ( 'NONE',  ( -6.222999999999998089, 4.792684585299998190, -2.920999999999997598 ) ) ;
#26 = CARTESIAN_POINT ( 'NONE',  ( -6.476999999999998536, -1.734723475976807094E-15, -3.428999999999998050 ) ) ;
#27 = EDGE_CURVE ( 'NONE', #6768, #100, #3632, .T. ) ;
#28 = SURFACE_STYLE_FILL_AREA ( #5862 ) ;
#29 = EDGE_LOOP ( 'NONE', ( #3893, #5951, #532, #361 ) ) ;
#30 = CARTESIAN_POINT ( 'NONE',  ( 5.959238080889495137, 4.243216917964849344, -1.904999999999997362 ) ) ;
#31 = CARTESIAN_POINT ( 'NONE',  ( -4.980928442999999817, 6.472079448499996168, 4.699000000000003396 ) ) ;
#32 = FILL_AREA_STYLE_COLOUR ( '', #5597 ) ;
#33 = CARTESIAN_POINT ( 'NONE',  ( -5.507748377663713946, 4.826000002803739974, -4.444999999999997620 ) ) ;
#34 = DIRECTION ( 'NONE',  ( -1.000000000000000000, 0.000000000000000000, 0.000000000000000000 ) ) ;
#35 = VERTEX_POINT ( 'NONE', #7004 ) ;
#36 = VERTEX_POINT ( 'NONE', #7503 ) ;
#37 = ORIENTED_EDGE ( 'NONE', *, *, #2035, .F. ) ;
#38 = VERTEX_POINT ( 'NONE', #5751 ) ;
#39 = CARTESIAN_POINT ( 'NONE',  ( 5.679736216059525944, 4.689207129279827413, 2.159000000000003361 ) ) ;
#40 = FILL_AREA_STYLE_COLOUR ( '', #1239 ) ;
#41 = FACE_OUTER_BOUND ( 'NONE', #4256, .T. ) ;
#42 = B_SPLINE_CURVE_WITH_KNOTS ( 'NONE', 3,
 ( #4450, #2085, #6803, #5593, #5029, #5103 ),
 .UNSPECIFIED., .F., .F.,
 ( 4, 1, 1, 4 ),
 ( 0.000000000000000000, 0.3382434260671000059, 0.7712952856297999871, 1.000000000000000000 ),
 .UNSPECIFIED. ) ;
#43 = CARTESIAN_POINT ( 'NONE',  ( 6.477000000000002089, 0.5079999999999980087, -4.444999999999996732 ) ) ;
#44 = EDGE_CURVE ( 'NONE', #7381, #2572, #3463, .T. ) ;
#45 = ORIENTED_EDGE ( 'NONE', *, *, #4493, .T. ) ;
#46 = EDGE_LOOP ( 'NONE', ( #4, #2562, #3816, #6567, #4307, #1661, #1447, #7050, #5205, #5871 ) ) ;
#47 = AXIS2_PLACEMENT_3D ( 'NONE', #3960, #648, #4001 ) ;
#48 = CARTESIAN_POINT ( 'NONE',  ( -6.222999999999998977, 4.792684585299996414, 4.699000000000003396 ) ) ;
#49 = VERTEX_POINT ( 'NONE', #1789 ) ;
#50 = LINE ( 'NONE', #2383, #553 ) ;
#51 = CARTESIAN_POINT ( 'NONE',  ( -3.962399999999998812, 1.777999999999994918, 4.524400000000001754 ) ) ;
#52 = EDGE_CURVE ( 'NONE', #3150, #6500, #2428, .T. ) ;
#53 = AXIS2_PLACEMENT_3D ( 'NONE', #1950, #2561, #5907 ) ;
#54 = CARTESIAN_POINT ( 'NONE',  ( -6.477000000000026070, 6.364590498671153895, -2.920999999999997598 ) ) ;
#55 = EDGE_LOOP ( 'NONE', ( #1971, #4526, #6705, #540 ) ) ;
#56 = CARTESIAN_POINT ( 'NONE',  ( -6.222999999999998089, 6.022838767099997881, -4.444999999999997620 ) ) ;
#57 = VERTEX_POINT ( 'NONE', #1682 ) ;
#58 = AXIS2_PLACEMENT_3D ( 'NONE', #6695, #4959, #6801 ) ;
#59 = ORIENTED_EDGE ( 'NONE', *, *, #846, .F. ) ;
#60 = CARTESIAN_POINT ( 'NONE',  ( -6.222999999999998977, -3.469446951953614189E-15, 3.683000000000002050 ) ) ;
#61 = VECTOR ( 'NONE', #399, 1000.000000000000000 ) ;
#62 = LINE ( 'NONE', #2932, #5673 ) ;
#63 = AXIS2_PLACEMENT_3D ( 'NONE', #217, #3075, #3719 ) ;
#64 = LINE ( 'NONE', #6461, #2948 ) ;
#65 = EDGE_CURVE ( 'NONE', #7381, #2111, #1222, .T. ) ;
#66 = FACE_OUTER_BOUND ( 'NONE', #3869, .T. ) ;
#67 = DIRECTION ( 'NONE',  ( 5.130477113903260092E-17, 1.665334536937735304E-16, -1.000000000000000000 ) ) ;
#68 = VERTEX_POINT ( 'NONE', #6927 ) ;
#69 = CARTESIAN_POINT ( 'NONE',  ( 5.507748380830438606, 5.862319999714967089, 2.159000000000002917 ) ) ;
#70 = B_SPLINE_CURVE_WITH_KNOTS ( 'NONE', 3,
 ( #2096, #3891, #7392, #7426, #3318, #2208 ),
 .UNSPECIFIED., .F., .F.,
 ( 4, 1, 1, 4 ),
 ( 0.000000000000000000, 0.2624677914213000007, 0.5985043770962999998, 1.000000000000000000 ),
 .UNSPECIFIED. ) ;
#71 = AXIS2_PLACEMENT_3D ( 'NONE', #4003, #5116, #500 ) ;
#72 = VECTOR ( 'NONE', #2661, 999.9999999999998863 ) ;
#73 = CARTESIAN_POINT ( 'NONE',  ( 1.578346533545035726E-15, 5.344159999999996913, -1.904999999999997362 ) ) ;
#74 = EDGE_CURVE ( 'NONE', #1572, #6392, #3540, .T. ) ;
#75 =( NAMED_UNIT ( * ) SI_UNIT ( $, .STERADIAN. ) SOLID_ANGLE_UNIT ( ) );
#76 = EDGE_CURVE ( 'NONE', #271, #4423, #4079, .T. ) ;
#77 = VECTOR ( 'NONE', #3206, 1000.000000000000000 ) ;
#78 =( NAMED_UNIT ( * ) SI_UNIT ( $, .STERADIAN. ) SOLID_ANGLE_UNIT ( ) );
#79 = CARTESIAN_POINT ( 'NONE',  ( -2.158999999999998920, 3.556000000000001826, -12.91441695749999674 ) ) ;
#80 = AXIS2_PLACEMENT_3D ( 'NONE', #789, #709, #3112 ) ;
#81 = ADVANCED_FACE ( 'NONE', ( #2785 ), #5830, .F. ) ;
#82 = DIRECTION ( 'NONE',  ( -5.130477113903260708E-17, -1.665334536937735304E-16, 1.000000000000000000 ) ) ;
#83 = ORIENTED_EDGE ( 'NONE', *, *, #3445, .F. ) ;
#84 = ORIENTED_EDGE ( 'NONE', *, *, #3215, .T. ) ;
#85 = VERTEX_POINT ( 'NONE', #5148 ) ;
#86 = ORIENTED_EDGE ( 'NONE', *, *, #4232, .F. ) ;
#87 = CARTESIAN_POINT ( 'NONE',  ( 5.029696186834001992, 4.744466083986996097, 4.699000000000003396 ) ) ;
#88 = DIRECTION ( 'NONE',  ( 5.130477113903260708E-17, 1.665334536937735304E-16, -1.000000000000000000 ) ) ;
#89 = LINE ( 'NONE', #2416, #5177 ) ;
#90 = ORIENTED_EDGE ( 'NONE', *, *, #1428, .T. ) ;
#91 = VERTEX_POINT ( 'NONE', #579 ) ;
#92 = CARTESIAN_POINT ( 'NONE',  ( -4.980928442999962513, 6.472079448499693299, 3.175000000000002487 ) ) ;
#93 = ORIENTED_EDGE ( 'NONE', *, *, #4136, .F. ) ;
#94 = EDGE_CURVE ( 'NONE', #1814, #6342, #4581, .T. ) ;
#95 = CARTESIAN_POINT ( 'NONE',  ( 4.980928443000001593, 4.216240551499995881, 4.699000000000003396 ) ) ;
#96 = DIRECTION ( 'NONE',  ( 5.130477113903260092E-17, 1.665334536937735304E-16, -1.000000000000000000 ) ) ;
#97 = DIRECTION ( 'NONE',  ( -1.000000000000000000, 3.431425595409362857E-17, -5.130477113903259476E-17 ) ) ;
#98 = ORIENTED_EDGE ( 'NONE', *, *, #7243, .F. ) ;
#99 = CARTESIAN_POINT ( 'NONE',  ( 6.223000000000231680, 4.665481232899939990, -2.920999999999997154 ) ) ;
#100 = VERTEX_POINT ( 'NONE', #6283 ) ;
#101 = CARTESIAN_POINT ( 'NONE',  ( -0.3809999999999993947, 3.556000000000001826, -8.524399999721003596 ) ) ;
#102 = FACE_OUTER_BOUND ( 'NONE', #7529, .T. ) ;
#103 = AXIS2_PLACEMENT_3D ( 'NONE', #3530, #6912, #601 ) ;
#104 = CARTESIAN_POINT ( 'NONE',  ( 6.223000000000388887, 4.792684585299983091, 4.699000000000003396 ) ) ;
#105 = CARTESIAN_POINT ( 'NONE',  ( 6.477000000000002089, 0.5079999999999980087, -2.920999999999997154 ) ) ;
#106 = ORIENTED_EDGE ( 'NONE', *, *, #6512, .F. ) ;
#107 = CARTESIAN_POINT ( 'NONE',  ( -6.222999999999998089, -2.602085213965210642E-15, 1.651000000000002244 ) ) ;
#108 = FACE_OUTER_BOUND ( 'NONE', #2050, .T. ) ;
#109 = VECTOR ( 'NONE', #5868, 1000.000000000000000 ) ;
#110 = EDGE_CURVE ( 'NONE', #3503, #716, #1109, .T. ) ;
#111 = CARTESIAN_POINT ( 'NONE',  ( 6.223000000000001641, 0.5079999999999971205, -1.904999999999996918 ) ) ;
#112 = CARTESIAN_POINT ( 'NONE',  ( 6.223000000000001641, 4.825999999999997847, 4.953000000000003844 ) ) ;
#113 = LINE ( 'NONE', #3851, #5676 ) ;
#114 = AXIS2_PLACEMENT_3D ( 'NONE', #6095, #5518, #5984 ) ;
#115 = CARTESIAN_POINT ( 'NONE',  ( 6.477000000000002089, 6.002332419999996560, 2.159000000000002917 ) ) ;
#116 = ORIENTED_EDGE ( 'NONE', *, *, #1292, .T. ) ;
#117 = ORIENTED_EDGE ( 'NONE', *, *, #1855, .F. ) ;
#118 = ORIENTED_EDGE ( 'NONE', *, *, #2970, .F. ) ;
#119 = VERTEX_POINT ( 'NONE', #2209 ) ;
#120 = ADVANCED_FACE ( 'NONE', ( #5262 ), #6351, .T. ) ;
#121 = DIRECTION ( 'NONE',  ( -3.431425595409362857E-17, -1.000000000000000000, -0.000000000000000000 ) ) ;
#122 = CARTESIAN_POINT ( 'NONE',  ( 5.507748377663717498, 4.826000002803737310, 2.159000000000003361 ) ) ;
#123 = APPLICATION_PROTOCOL_DEFINITION ( 'draft international standard', 'automotive_design', 1998, #2448 ) ;
#124 = CARTESIAN_POINT ( 'NONE',  ( -6.222999999999997200, -2.794000000000000483, -3.936999999999997613 ) ) ;
#125 = ORIENTED_EDGE ( 'NONE', *, *, #5249, .F. ) ;
#126 = DIRECTION ( 'NONE',  ( 3.431425595409362857E-17, 1.000000000000000000, 0.000000000000000000 ) ) ;
#127 = ORIENTED_EDGE ( 'NONE', *, *, #6644, .F. ) ;
#128 = ORIENTED_EDGE ( 'NONE', *, *, #6177, .F. ) ;
#129 = FACE_OUTER_BOUND ( 'NONE', #7306, .T. ) ;
#130 = ORIENTED_EDGE ( 'NONE', *, *, #2901, .F. ) ;
#131 = LINE ( 'NONE', #5670, #2146 ) ;
#132 = CARTESIAN_POINT ( 'NONE',  ( 5.085870582803001305, 4.401186195567396098, 4.699000000000003396 ) ) ;
#133 = FACE_OUTER_BOUND ( 'NONE', #5275, .T. ) ;
#134 = EDGE_CURVE ( 'NONE', #5104, #2874, #2244, .T. ) ;
#135 =( GEOMETRIC_REPRESENTATION_CONTEXT ( 3 ) GLOBAL_UNCERTAINTY_ASSIGNED_CONTEXT ( ( #1864 ) ) GLOBAL_UNIT_ASSIGNED_CONTEXT ( ( #2100, #2033, #3897 ) ) REPRESENTATION_CONTEXT ( 'NONE', 'WORKASPACE' ) );
#136 = CARTESIAN_POINT ( 'NONE',  ( -6.477000000000476376, 6.002332419999980573, -2.920999999999997598 ) ) ;
#137 = EDGE_LOOP ( 'NONE', ( #7379, #925, #6430, #6142 ) ) ;
#138 = CARTESIAN_POINT ( 'NONE',  ( -6.223000000000181053, 6.022838767100044066, -1.904999999999996696 ) ) ;
#139 = EDGE_LOOP ( 'NONE', ( #7316, #825, #7319, #6709 ) ) ;
#140 = CARTESIAN_POINT ( 'NONE',  ( -4.808421040999999896, 6.218579345899995836, 4.699000000000003396 ) ) ;
#141 = VECTOR ( 'NONE', #1180, 1000.000000000000000 ) ;
#142 = CARTESIAN_POINT ( 'NONE',  ( -6.476999999999998536, 0.5079999999999980087, -2.920999999999997598 ) ) ;
#143 = CARTESIAN_POINT ( 'NONE',  ( -6.222999999999998089, 4.232135350799997475, 2.159000000000002917 ) ) ;
#144 =( NAMED_UNIT ( * ) PLANE_ANGLE_UNIT ( ) SI_UNIT ( $, .RADIAN. ) );
#145 = ORIENTED_EDGE ( 'NONE', *, *, #337, .F. ) ;
#146 = CARTESIAN_POINT ( 'NONE',  ( -4.919058028974522934, 6.081215945592886030, -0.3809999999999976739 ) ) ;
#147 = EDGE_CURVE ( 'NONE', #3108, #5444, #2140, .T. ) ;
#148 = CARTESIAN_POINT ( 'NONE',  ( 6.109955650407002281, 4.159618444802997139, 0.6350000000000027844 ) ) ;
#149 = LINE ( 'NONE', #1297, #6926 ) ;
#150 = LINE ( 'NONE', #2477, #5374 ) ;
#151 = DIRECTION ( 'NONE',  ( 1.000000000000000000, 0.000000000000000000, 0.000000000000000000 ) ) ;
#152 = LINE ( 'NONE', #4810, #2499 ) ;
#153 = ORIENTED_EDGE ( 'NONE', *, *, #1574, .T. ) ;
#154 = DIRECTION ( 'NONE',  ( 0.000000000000000000, 0.000000000000000000, -1.000000000000000000 ) ) ;
#155 = ORIENTED_EDGE ( 'NONE', *, *, #5155, .T. ) ;
#156 = B_SPLINE_SURFACE_WITH_KNOTS ( 'NONE', 3, 1, ( 
 ( #4480, #6085 ),
 ( #402, #3798 ),
 ( #6114, #2692 ),
 ( #3870, #4375 ) ),
 .UNSPECIFIED., .F., .F., .F.,
 ( 4, 4 ),
 ( 2, 2 ),
 ( 0.007915563356539062623, 0.2236253938878704495 ),
 ( 0.000000000000000000, 1.000000000000000000 ),
 .UNSPECIFIED. ) ;
#157 = VERTEX_POINT ( 'NONE', #6396 ) ;
#158 = EDGE_LOOP ( 'NONE', ( #4091, #2, #3717, #3549 ) ) ;
#159 = DIRECTION ( 'NONE',  ( -3.431425595409362857E-17, -1.000000000000000000, -0.000000000000000000 ) ) ;
#160 = LINE ( 'NONE', #2414, #5076 ) ;
#161 = B_SPLINE_CURVE_WITH_KNOTS ( 'NONE', 3,
 ( #3684, #3002, #5360, #2501, #791, #5854 ),
 .UNSPECIFIED., .F., .F.,
 ( 4, 1, 1, 4 ),
 ( 0.000000000000000000, 0.4014956229037000002, 0.7375322085786999438, 1.000000000000000000 ),
 .UNSPECIFIED. ) ;
#162 = DIRECTION ( 'NONE',  ( -1.000000000000000000, 1.371699786071155937E-16, -5.130477113903259476E-17 ) ) ;
#163 = EDGE_CURVE ( 'NONE', #2338, #7029, #2508, .T. ) ;
#164 = CARTESIAN_POINT ( 'NONE',  ( -5.724327148805998355, 4.081300973171996915, -2.920999999999998042 ) ) ;
#165 = B_SPLINE_SURFACE_WITH_KNOTS ( 'NONE', 3, 1, ( 
 ( #4946, #1502 ),
 ( #2039, #4404 ),
 ( #3905, #3866 ),
 ( #6184, #3221 ) ),
 .UNSPECIFIED., .F., .F., .F.,
 ( 4, 4 ),
 ( 2, 2 ),
 ( 0.007915563356539062623, 0.2236253938878704495 ),
 ( 0.000000000000000000, 1.000000000000000000 ),
 .UNSPECIFIED. ) ;
#166 = VERTEX_POINT ( 'NONE', #534 ) ;
#167 = ORIENTED_EDGE ( 'NONE', *, *, #7524, .T. ) ;
#168 = CARTESIAN_POINT ( 'NONE',  ( -6.477000000000477264, 6.002332419999979685, 3.175000000000003375 ) ) ;
#169 = ORIENTED_EDGE ( 'NONE', *, *, #7388, .F. ) ;
#170 = CARTESIAN_POINT ( 'NONE',  ( 7.772400000000000198, -3.469446951953614189E-15, 3.683000000000002050 ) ) ;
#171 = CARTESIAN_POINT ( 'NONE',  ( 5.724327148806001020, 4.081300973171996915, 4.699000000000003396 ) ) ;
#172 = EDGE_CURVE ( 'NONE', #4602, #437, #2852, .T. ) ;
#173 = CARTESIAN_POINT ( 'NONE',  ( 5.140909707198001222, 4.825999999999996959, 2.159000000000002917 ) ) ;
#174 = EDGE_CURVE ( 'NONE', #6533, #5678, #1144, .T. ) ;
#175 = EDGE_CURVE ( 'NONE', #7449, #4682, #2475, .T. ) ;
#176 = CARTESIAN_POINT ( 'NONE',  ( -6.222999999999998089, 5.895635414699997412, 0.6350000000000027844 ) ) ;
#177 = VERTEX_POINT ( 'NONE', #766 ) ;
#178 = CARTESIAN_POINT ( 'NONE',  ( -4.808421040999999008, 4.469740654099997990, -4.444999999999997620 ) ) ;
#179 = ORIENTED_EDGE ( 'NONE', *, *, #6186, .T. ) ;
#180 = ADVANCED_FACE ( 'NONE', ( #3620, #4805 ), #7041, .T. ) ;
#181 = CARTESIAN_POINT ( 'NONE',  ( -5.959238080889503131, 4.243216917964876878, 0.6350000000000023404 ) ) ;
#182 = AXIS2_PLACEMENT_3D ( 'NONE', #4283, #4897, #5457 ) ;
#183 = CYLINDRICAL_SURFACE ( 'NONE', #7125, 0.2539999999999998925 ) ;
#184 = CARTESIAN_POINT ( 'NONE',  ( -6.476999999999998536, 0.5079999999999980087, -4.444999999999997620 ) ) ;
#185 = ORIENTED_EDGE ( 'NONE', *, *, #3477, .T. ) ;
#186 = MECHANICAL_DESIGN_GEOMETRIC_PRESENTATION_REPRESENTATION (  '', ( #7473 ), #1155 ) ;
#187 = CARTESIAN_POINT ( 'NONE',  ( 7.772400000000001086, 0.5079999999999980087, -2.920999999999997154 ) ) ;
#188 = EDGE_CURVE ( 'NONE', #3080, #1019, #4735, .T. ) ;
#189 = LINE ( 'NONE', #3742, #6038 ) ;
#190 = CIRCLE ( 'NONE', #676, 0.1999999999999996503 ) ;
#191 = EDGE_CURVE ( 'NONE', #6802, #6076, #5682, .T. ) ;
#192 =( NAMED_UNIT ( * ) PLANE_ANGLE_UNIT ( ) SI_UNIT ( $, .RADIAN. ) );
#193 = AXIS2_PLACEMENT_3D ( 'NONE', #1963, #708, #2538 ) ;
#194 = MECHANICAL_DESIGN_GEOMETRIC_PRESENTATION_REPRESENTATION (  '', ( #919 ), #5296 ) ;
#195 = UNCERTAINTY_MEASURE_WITH_UNIT (LENGTH_MEASURE( 1.000000000000000082E-05 ), #237, 'distance_accuracy_value', 'NONE');
#196 = DIRECTION ( 'NONE',  ( 5.130477113903260708E-17, 1.665334536937735304E-16, -1.000000000000000000 ) ) ;
#197 = LINE ( 'NONE', #4808, #445 ) ;
#198 = CIRCLE ( 'NONE', #3732, 1.016000000000001346 ) ;
#199 = DIRECTION ( 'NONE',  ( -3.431425595409362857E-17, -1.000000000000000000, -0.000000000000000000 ) ) ;
#200 = ORIENTED_EDGE ( 'NONE', *, *, #4841, .F. ) ;
#201 = VECTOR ( 'NONE', #7034, 1000.000000000000000 ) ;
#202 = CARTESIAN_POINT ( 'NONE',  ( -4.980928442999998929, 4.216240551499997657, -2.920999999999997598 ) ) ;
#203 = ORIENTED_EDGE ( 'NONE', *, *, #7524, .F. ) ;
#204 = EDGE_LOOP ( 'NONE', ( #2126, #2906, #6322, #2535, #1328, #5456, #6420, #2608, #452, #6569, #655, #952, #4407, #3939 ) ) ;
#205 = EDGE_CURVE ( 'NONE', #489, #20, #4956, .T. ) ;
#206 = CARTESIAN_POINT ( 'NONE',  ( 6.223000000000000753, 4.232135350799996587, 4.699000000000003396 ) ) ;
#207 = TOROIDAL_SURFACE ( 'NONE', #4461, 0.7619999999999987894, 0.2539999999999998925 ) ;
#208 = FACE_OUTER_BOUND ( 'NONE', #5948, .T. ) ;
#209 = VECTOR ( 'NONE', #1700, 1000.000000000000000 ) ;
#210 = LINE ( 'NONE', #3635, #692 ) ;
#211 = DIRECTION ( 'NONE',  ( -5.130477113903260092E-17, 1.760485048530960256E-33, 1.000000000000000000 ) ) ;
#212 = ORIENTED_EDGE ( 'NONE', *, *, #3558, .F. ) ;
#213 = VERTEX_POINT ( 'NONE', #3656 ) ;
#214 = ORIENTED_EDGE ( 'NONE', *, *, #6716, .T. ) ;
#215 = LINE ( 'NONE', #2537, #1666 ) ;
#216 = EDGE_CURVE ( 'NONE', #6916, #6140, #4849, .T. ) ;
#217 = CARTESIAN_POINT ( 'NONE',  ( 7.772400000000000198, -3.469446951953614189E-15, 3.683000000000002050 ) ) ;
#218 = VECTOR ( 'NONE', #5870, 1000.000000000000000 ) ;
#219 = LINE ( 'NONE', #7181, #1302 ) ;
#220 = FACE_OUTER_BOUND ( 'NONE', #6115, .T. ) ;
#221 = ORIENTED_EDGE ( 'NONE', *, *, #1383, .T. ) ;
#222 = DIRECTION ( 'NONE',  ( -1.000000000000000000, 0.000000000000000000, 0.000000000000000000 ) ) ;
#223 = EDGE_LOOP ( 'NONE', ( #4639, #7069, #3308, #2527 ) ) ;
#224 = EDGE_CURVE ( 'NONE', #1780, #7475, #6584, .T. ) ;
#225 = EDGE_CURVE ( 'NONE', #1843, #2098, #3964, .T. ) ;
#226 = CARTESIAN_POINT ( 'NONE',  ( -5.679736216059531273, 4.689207129279820307, 0.6350000000000023404 ) ) ;
#227 = EDGE_CURVE ( 'NONE', #5606, #835, #3327, .T. ) ;
#228 = CARTESIAN_POINT ( 'NONE',  ( -5.371941468077998216, 5.947322718753697224, 2.159000000000002917 ) ) ;
#229 = CARTESIAN_POINT ( 'NONE',  ( -4.216399999999998371, 5.862319999999997755, -4.470399999999997931 ) ) ;
#230 = DIRECTION ( 'NONE',  ( -1.000000000000000000, 3.431425595409362857E-17, -5.130477113903259476E-17 ) ) ;
#231 = ORIENTED_EDGE ( 'NONE', *, *, #7130, .F. ) ;
#232 = CARTESIAN_POINT ( 'NONE',  ( 6.223000000000001641, -2.717800000000001770, -0.8889999999999974589 ) ) ;
#233 = CARTESIAN_POINT ( 'NONE',  ( 6.223000000000001641, 4.232135350799996587, 0.6350000000000027844 ) ) ;
#234 = FACE_OUTER_BOUND ( 'NONE', #4186, .T. ) ;
#235 = AXIS2_PLACEMENT_3D ( 'NONE', #6339, #3495, #19 ) ;
#236 = B_SPLINE_SURFACE_WITH_KNOTS ( 'NONE', 3, 1, ( 
 ( #1966, #5257 ),
 ( #3761, #6081 ),
 ( #6611, #4152 ),
 ( #2577, #2968 ) ),
 .UNSPECIFIED., .F., .F., .F.,
 ( 4, 4 ),
 ( 2, 2 ),
 ( 0.7764366983739261485, 0.9920866337318438033 ),
 ( 0.000000000000000000, 1.000000000000000000 ),
 .UNSPECIFIED. ) ;
#237 =( LENGTH_UNIT ( ) NAMED_UNIT ( * ) SI_UNIT ( .MILLI., .METRE. ) );
#238 = DIRECTION ( 'NONE',  ( -1.000000000000000000, 3.431425595409362857E-17, -5.130477113903259476E-17 ) ) ;
#239 = EDGE_CURVE ( 'NONE', #2145, #1902, #6549, .T. ) ;
#240 = FACE_OUTER_BOUND ( 'NONE', #763, .T. ) ;
#241 = EDGE_LOOP ( 'NONE', ( #1935, #870, #3396, #6103 ) ) ;
#242 = LINE ( 'NONE', #5419, #912 ) ;
#243 = ORIENTED_EDGE ( 'NONE', *, *, #5347, .T. ) ;
#244 = ORIENTED_EDGE ( 'NONE', *, *, #2097, .T. ) ;
#245 = CARTESIAN_POINT ( 'NONE',  ( 6.109955650407426830, 4.159618444802800852, 3.175000000000002931 ) ) ;
#246 = ORIENTED_EDGE ( 'NONE', *, *, #1643, .T. ) ;
#247 = CARTESIAN_POINT ( 'NONE',  ( -4.919058026673998718, 6.081215948449798070, -2.920999999999997598 ) ) ;
#248 = STYLED_ITEM ( 'NONE', ( #4158 ), #4506 ) ;
#249 = DIRECTION ( 'NONE',  ( -1.000000000000000000, 3.431425595409362857E-17, -5.130477113903259476E-17 ) ) ;
#250 = DIRECTION ( 'NONE',  ( 0.000000000000000000, -0.000000000000000000, 1.000000000000000000 ) ) ;
#251 = B_SPLINE_CURVE_WITH_KNOTS ( 'NONE', 3,
 ( #5057, #869, #3333, #3833 ),
 .UNSPECIFIED., .F., .F.,
 ( 4, 4 ),
 ( 0.000000000000000000, 1.000000000000000000 ),
 .UNSPECIFIED. ) ;
#252 = ORIENTED_EDGE ( 'NONE', *, *, #6243, .T. ) ;
#253 = ORIENTED_EDGE ( 'NONE', *, *, #4978, .F. ) ;
#254 = EDGE_CURVE ( 'NONE', #4199, #3026, #3697, .T. ) ;
#255 = ORIENTED_EDGE ( 'NONE', *, *, #969, .F. ) ;
#256 = CARTESIAN_POINT ( 'NONE',  ( -4.808421040999999008, 4.469740654099997101, 2.159000000000002917 ) ) ;
#257 = CARTESIAN_POINT ( 'NONE',  ( -6.476999999999999424, 6.002332419999996560, 4.699000000000003396 ) ) ;
#258 = CARTESIAN_POINT ( 'NONE',  ( 4.808421041000002560, 6.218579345899996724, -0.3809999999999976739 ) ) ;
#259 = CARTESIAN_POINT ( 'NONE',  ( 1.397000000000002462, 7.112000000000000988, -12.31899999999999906 ) ) ;
#260 = CARTESIAN_POINT ( 'NONE',  ( 4.980928443000002481, 4.216240551499587319, -1.904999999999997362 ) ) ;
#261 = ORIENTED_EDGE ( 'NONE', *, *, #6816, .T. ) ;
#262 = CARTESIAN_POINT ( 'NONE',  ( -5.140909707197997669, 5.862319999999997755, -4.444999999999997620 ) ) ;
#263 = VERTEX_POINT ( 'NONE', #3134 ) ;
#264 = LINE ( 'NONE', #6494, #1588 ) ;
#265 = CARTESIAN_POINT ( 'NONE',  ( -4.919058033047593703, 4.607104059464151469, -4.444999999999997620 ) ) ;
#266 = B_SPLINE_CURVE_WITH_KNOTS ( 'NONE', 3,
 ( #4537, #5223, #6429, #6348, #5183 ),
 .UNSPECIFIED., .F., .F.,
 ( 4, 1, 4 ),
 ( 0.000000000000000000, 0.3810648246831000452, 1.000000000000000000 ),
 .UNSPECIFIED. ) ;
#267 = VECTOR ( 'NONE', #4312, 1000.000000000000114 ) ;
#268 = CARTESIAN_POINT ( 'NONE',  ( 5.085678860472627072, 6.287389423200527183, 0.6350000000000027844 ) ) ;
#269 = FACE_OUTER_BOUND ( 'NONE', #5857, .T. ) ;
#270 = EDGE_CURVE ( 'NONE', #3947, #4979, #3016, .T. ) ;
#271 = VERTEX_POINT ( 'NONE', #2556 ) ;
#272 = CARTESIAN_POINT ( 'NONE',  ( -5.029696191436585195, 5.943853910299154109, -0.3809999999999976739 ) ) ;
#273 = CARTESIAN_POINT ( 'NONE',  ( 6.223000000000001641, 6.022838767099996993, -2.920999999999997154 ) ) ;
#274 = CARTESIAN_POINT ( 'NONE',  ( 5.507748381189002451, 4.825999999999997847, 2.159000000000003361 ) ) ;
#275 = EDGE_CURVE ( 'NONE', #5497, #7405, #6624, .T. ) ;
#276 = UNCERTAINTY_MEASURE_WITH_UNIT (LENGTH_MEASURE( 1.000000000000000082E-05 ), #1254, 'distance_accuracy_value', 'NONE');
#277 = CARTESIAN_POINT ( 'NONE',  ( -5.959238080889503131, 4.243216917964877766, -1.904999999999997584 ) ) ;
#278 = FACE_OUTER_BOUND ( 'NONE', #584, .T. ) ;
#279 = VECTOR ( 'NONE', #6807, 1000.000000000000114 ) ;
#280 = CARTESIAN_POINT ( 'NONE',  ( 5.140909707198001222, 5.862319999999996867, -4.444999999999997620 ) ) ;
#281 = ORIENTED_EDGE ( 'NONE', *, *, #3806, .F. ) ;
#282 = DIRECTION ( 'NONE',  ( 0.000000000000000000, 0.000000000000000000, -1.000000000000000000 ) ) ;
#283 = ORIENTED_EDGE ( 'NONE', *, *, #6918, .F. ) ;
#284 = FACE_OUTER_BOUND ( 'NONE', #29, .T. ) ;
#285 = PRODUCT_RELATED_PRODUCT_CATEGORY ( 'part', '', ( #6737 ) ) ;
#286 = CARTESIAN_POINT ( 'NONE',  ( -5.507748381188998898, 5.862319999999996867, -0.3809999999999976739 ) ) ;
#287 = CARTESIAN_POINT ( 'NONE',  ( 5.825466848181001467, 6.796669658390997348, -0.3809999999999976739 ) ) ;
#288 = CARTESIAN_POINT ( 'NONE',  ( -6.222999999999998089, 0.5079999999999971205, 2.159000000000002917 ) ) ;
#289 = EDGE_LOOP ( 'NONE', ( #3628, #672, #6254, #2412, #1705, #6688, #1559 ) ) ;
#290 = VERTEX_POINT ( 'NONE', #4890 ) ;
#291 = B_SPLINE_SURFACE_WITH_KNOTS ( 'NONE', 3, 1, ( 
 ( #704, #168 ),
 ( #2993, #6482 ),
 ( #4785, #1880 ),
 ( #1925, #5923 ),
 ( #5317, #3036 ),
 ( #4212, #92 ) ),
 .UNSPECIFIED., .F., .F., .F.,
 ( 4, 1, 1, 4 ),
 ( 2, 2 ),
 ( 0.007490355435017930288, 0.4025913527100000167, 0.7332758799206000599, 0.9915633411122035668 ),
 ( 0.000000000000000000, 1.000000000000000000 ),
 .UNSPECIFIED. ) ;
#292 = CARTESIAN_POINT ( 'NONE',  ( 2.159000000000001140, 7.112000000000000988, -12.57299999999999685 ) ) ;
#293 = CARTESIAN_POINT ( 'NONE',  ( 5.724327148806001908, 4.081300973171996915, 2.159000000000003805 ) ) ;
#294 = CARTESIAN_POINT ( 'NONE',  ( 6.223000000000001641, 4.825999999999997847, 4.953000000000003844 ) ) ;
#295 = ORIENTED_EDGE ( 'NONE', *, *, #2114, .T. ) ;
#296 = CARTESIAN_POINT ( 'NONE',  ( -6.222999999999998089, 4.232135350799997475, 0.6350000000000027844 ) ) ;
#297 = ORIENTED_EDGE ( 'NONE', *, *, #6596, .F. ) ;
#298 = ADVANCED_FACE ( 'NONE', ( #108 ), #7194, .F. ) ;
#299 = CARTESIAN_POINT ( 'NONE',  ( -2.158999999999999364, 3.556000000000001826, -12.57299999999995954 ) ) ;
#300 = LINE ( 'NONE', #3167, #2257 ) ;
#301 = DIRECTION ( 'NONE',  ( 0.000000000000000000, 1.000000000000000000, 1.665334536937735304E-16 ) ) ;
#302 = VERTEX_POINT ( 'NONE', #4769 ) ;
#303 = PLANE ( 'NONE',  #3040 ) ;
#304 = VECTOR ( 'NONE', #6966, 1000.000000000000000 ) ;
#305 = ORIENTED_EDGE ( 'NONE', *, *, #4346, .F. ) ;
#306 = DIRECTION ( 'NONE',  ( 5.130477113903260708E-17, 1.665334536937735304E-16, -1.000000000000000000 ) ) ;
#307 = DIRECTION ( 'NONE',  ( 5.130477113903260708E-17, 1.665334536937735304E-16, -1.000000000000000000 ) ) ;
#308 = EDGE_CURVE ( 'NONE', #5341, #758, #189, .T. ) ;
#309 = CARTESIAN_POINT ( 'NONE',  ( -4.919058026673998718, 4.607104051550198420, -2.920999999999997598 ) ) ;
#310 = CARTESIAN_POINT ( 'NONE',  ( 3.962400000000001477, 8.889999999999997016, -4.524399999999997313 ) ) ;
#311 = VECTOR ( 'NONE', #1685, 1000.000000000000114 ) ;
#312 = LINE ( 'NONE', #6207, #4442 ) ;
#313 = ORIENTED_EDGE ( 'NONE', *, *, #2597, .T. ) ;
#314 = PLANE ( 'NONE',  #182 ) ;
#315 = ADVANCED_FACE ( 'NONE', ( #2974 ), #5294, .T. ) ;
#316 = AXIS2_PLACEMENT_3D ( 'NONE', #2908, #510, #6323 ) ;
#317 = ORIENTED_EDGE ( 'NONE', *, *, #973, .F. ) ;
#318 = EDGE_CURVE ( 'NONE', #2946, #5863, #5631, .T. ) ;
#319 = LINE ( 'NONE', #818, #6563 ) ;
#320 = VECTOR ( 'NONE', #5620, 1000.000000000000000 ) ;
#321 = DIRECTION ( 'NONE',  ( -1.000000000000000000, 0.000000000000000000, 0.000000000000000000 ) ) ;
#322 = EDGE_CURVE ( 'NONE', #1694, #4725, #3236, .T. ) ;
#323 = CIRCLE ( 'NONE', #1162, 0.05400000000000022837 ) ;
#324 = CARTESIAN_POINT ( 'NONE',  ( 5.371941468078001769, 5.947322718753697224, -0.3809999999999976739 ) ) ;
#325 = VECTOR ( 'NONE', #355, 1000.000000000000000 ) ;
#326 = CARTESIAN_POINT ( 'NONE',  ( 6.477000000000002089, -2.717800000000003546, 1.143000000000002458 ) ) ;
#327 = EDGE_LOOP ( 'NONE', ( #1419, #4171, #6246, #4038, #5304, #455, #4907, #4758 ) ) ;
#328 = ORIENTED_EDGE ( 'NONE', *, *, #6249, .F. ) ;
#329 = AXIS2_PLACEMENT_3D ( 'NONE', #6094, #882, #5517 ) ;
#330 = VECTOR ( 'NONE', #5823, 1000.000000000000000 ) ;
#331 = VECTOR ( 'NONE', #6139, 1000.000000000000000 ) ;
#332 = CARTESIAN_POINT ( 'NONE',  ( 5.724327148806001908, 4.081300973171996915, -2.920999999999997154 ) ) ;
#333 = CARTESIAN_POINT ( 'NONE',  ( 6.477000000000002089, 0.5079999999999971205, -1.904999999999996918 ) ) ;
#334 = VECTOR ( 'NONE', #4908, 1000.000000000000000 ) ;
#335 = AXIS2_PLACEMENT_3D ( 'NONE', #1128, #2922, #5320 ) ;
#336 = CARTESIAN_POINT ( 'NONE',  ( -6.222999999999998089, 4.232135350799998363, -2.920999999999997598 ) ) ;
#337 = EDGE_CURVE ( 'NONE', #7516, #7192, #198, .T. ) ;
#338 = ORIENTED_EDGE ( 'NONE', *, *, #5687, .T. ) ;
#339 = CARTESIAN_POINT ( 'NONE',  ( -4.808421040999997231, 6.218579345900026034, 2.159000000000002473 ) ) ;
#340 = ORIENTED_EDGE ( 'NONE', *, *, #741, .T. ) ;
#341 = LINE ( 'NONE', #7334, #2251 ) ;
#342 = CARTESIAN_POINT ( 'NONE',  ( -6.223000000000006082, 4.232135350800141360, -0.3809999999999983400 ) ) ;
#343 = FACE_BOUND ( 'NONE', #4486, .T. ) ;
#344 = EDGE_LOOP ( 'NONE', ( #6489, #6529, #6795, #1727 ) ) ;
#345 = DIRECTION ( 'NONE',  ( -1.000000000000000000, 0.000000000000000000, 0.000000000000000000 ) ) ;
#346 = DIRECTION ( 'NONE',  ( 1.000000000000000000, -3.431425595409362857E-17, 5.130477113903259476E-17 ) ) ;
#347 = CARTESIAN_POINT ( 'NONE',  ( 7.772400000000001086, -2.602085213965210642E-15, 1.143000000000002458 ) ) ;
#348 = CARTESIAN_POINT ( 'NONE',  ( 6.477000000000001201, -3.469446951953614189E-15, 4.191000000000001613 ) ) ;
#349 = CARTESIAN_POINT ( 'NONE',  ( 5.085870582803002193, 4.401186195567396986, -0.3809999999999976739 ) ) ;
#350 = PLANE ( 'NONE',  #3465 ) ;
#351 = EDGE_LOOP ( 'NONE', ( #2263, #1430 ) ) ;
#352 = DIRECTION ( 'NONE',  ( -1.371699786071155937E-16, -1.000000000000000000, -5.276989311053102048E-33 ) ) ;
#353 = ORIENTED_EDGE ( 'NONE', *, *, #3658, .F. ) ;
#354 = PLANE ( 'NONE',  #3516 ) ;
#355 = DIRECTION ( 'NONE',  ( 5.130477113903260708E-17, 1.665334536937735304E-16, -1.000000000000000000 ) ) ;
#356 = SURFACE_SIDE_STYLE ('',( #2066 ) ) ;
#357 = AXIS2_PLACEMENT_3D ( 'NONE', #6224, #7264, #5622 ) ;
#358 = PLANE ( 'NONE',  #4589 ) ;
#359 = B_SPLINE_SURFACE_WITH_KNOTS ( 'NONE', 3, 1, ( 
 ( #728, #4237 ),
 ( #1261, #3057 ),
 ( #5338, #2975 ),
 ( #1828, #5986 ) ),
 .UNSPECIFIED., .F., .F., .F.,
 ( 4, 4 ),
 ( 2, 2 ),
 ( 0.007915563357462063881, 0.2236253938884351644 ),
 ( 0.000000000000000000, 1.000000000000000000 ),
 .UNSPECIFIED. ) ;
#360 = EDGE_CURVE ( 'NONE', #4620, #3003, #4385, .T. ) ;
#361 = ORIENTED_EDGE ( 'NONE', *, *, #5289, .T. ) ;
#362 = ORIENTED_EDGE ( 'NONE', *, *, #5994, .F. ) ;
#363 = VECTOR ( 'NONE', #1645, 1000.000000000000000 ) ;
#364 = DIRECTION ( 'NONE',  ( -0.000000000000000000, -0.000000000000000000, 1.000000000000000000 ) ) ;
#365 = CARTESIAN_POINT ( 'NONE',  ( 5.959238082004000958, 6.445103080248996363, 4.699000000000003396 ) ) ;
#366 = AXIS2_PLACEMENT_3D ( 'NONE', #381, #5708, #6124 ) ;
#367 = DIRECTION ( 'NONE',  ( 0.000000000000000000, -0.000000000000000000, -1.000000000000000000 ) ) ;
#368 = EDGE_LOOP ( 'NONE', ( #813, #524, #1362, #4796, #5930, #1354, #2380, #2234 ) ) ;
#369 = CARTESIAN_POINT ( 'NONE',  ( -4.919058028974522934, 6.081215945592886030, 2.159000000000002473 ) ) ;
#370 = ORIENTED_EDGE ( 'NONE', *, *, #2964, .T. ) ;
#371 = LINE ( 'NONE', #2694, #1529 ) ;
#372 = ADVANCED_FACE ( 'NONE', ( #2667 ), #4924, .T. ) ;
#373 = LINE ( 'NONE', #5133, #72 ) ;
#374 = B_SPLINE_CURVE_WITH_KNOTS ( 'NONE', 3,
 ( #3794, #5052, #365, #1617, #434 ),
 .UNSPECIFIED., .F., .F.,
 ( 4, 1, 4 ),
 ( 0.000000000000000000, 0.3810648246831000452, 1.000000000000000000 ),
 .UNSPECIFIED. ) ;
#375 = CARTESIAN_POINT ( 'NONE',  ( -4.980928442999998929, 6.472079448499997945, -2.920999999999997598 ) ) ;
#376 = ORIENTED_EDGE ( 'NONE', *, *, #2876, .T. ) ;
#377 = DIRECTION ( 'NONE',  ( 1.000000000000000000, 0.000000000000000000, 0.000000000000000000 ) ) ;
#378 = VERTEX_POINT ( 'NONE', #4965 ) ;
#379 = ORIENTED_EDGE ( 'NONE', *, *, #3328, .F. ) ;
#380 = CARTESIAN_POINT ( 'NONE',  ( 4.980928443000002481, 4.216240551499996769, -0.3809999999999976739 ) ) ;
#381 = CARTESIAN_POINT ( 'NONE',  ( -4.216399999999998371, 1.711959999999998150, -4.724399999999997490 ) ) ;
#382 = CARTESIAN_POINT ( 'NONE',  ( -6.222999999999998089, 5.895635414699998300, -2.920999999999997598 ) ) ;
#383 = CARTESIAN_POINT ( 'NONE',  ( -2.158999999999998920, 3.175000000000001599, -11.52441814999999714 ) ) ;
#384 = ADVANCED_FACE ( 'NONE', ( #2127 ), #7383, .T. ) ;
#385 = DIRECTION ( 'NONE',  ( 6.054179465614431083E-17, 0.7071067811865475727, -0.7071067811865474617 ) ) ;
#386 = EDGE_LOOP ( 'NONE', ( #2313, #5734, #5855, #1209 ) ) ;
#387 = DIRECTION ( 'NONE',  ( -1.000000000000000000, 3.431425595409362857E-17, -5.130477113903259476E-17 ) ) ;
#388 = VECTOR ( 'NONE', #4976, 1000.000000000000000 ) ;
#389 = ORIENTED_EDGE ( 'NONE', *, *, #1555, .F. ) ;
#390 = DIRECTION ( 'NONE',  ( 0.000000000000000000, 0.000000000000000000, -1.000000000000000000 ) ) ;
#391 =( GEOMETRIC_REPRESENTATION_CONTEXT ( 3 ) GLOBAL_UNCERTAINTY_ASSIGNED_CONTEXT ( ( #3020 ) ) GLOBAL_UNIT_ASSIGNED_CONTEXT ( ( #4763, #624, #5877 ) ) REPRESENTATION_CONTEXT ( 'NONE', 'WORKASPACE' ) );
#392 = PRESENTATION_STYLE_ASSIGNMENT (( #7248 ) ) ;
#393 = CARTESIAN_POINT ( 'NONE',  ( -5.029696199582890159, 4.744466099814926174, 4.699000000000003396 ) ) ;
#394 = ORIENTED_EDGE ( 'NONE', *, *, #1428, .F. ) ;
#395 = ORIENTED_EDGE ( 'NONE', *, *, #3104, .F. ) ;
#396 = CARTESIAN_POINT ( 'NONE',  ( 4.980928443000002481, 6.472079448499996168, 2.159000000000002917 ) ) ;
#397 = ADVANCED_FACE ( 'NONE', ( #1484 ), #2051, .F. ) ;
#398 = DIRECTION ( 'NONE',  ( 5.130477113903260708E-17, 1.665334536937735304E-16, -1.000000000000000000 ) ) ;
#399 = DIRECTION ( 'NONE',  ( -1.000000000000000000, 3.431425595409362857E-17, -5.130477113903259476E-17 ) ) ;
#400 = CARTESIAN_POINT ( 'NONE',  ( -6.476999999999998536, 6.002332419999998336, -4.444999999999997620 ) ) ;
#401 = ORIENTED_EDGE ( 'NONE', *, *, #3011, .T. ) ;
#402 = CARTESIAN_POINT ( 'NONE',  ( 4.919058028974505170, 6.081215945592893135, 2.159000000000002917 ) ) ;
#403 = ORIENTED_EDGE ( 'NONE', *, *, #4595, .T. ) ;
#404 = EDGE_CURVE ( 'NONE', #1583, #1467, #4521, .T. ) ;
#405 = LINE ( 'NONE', #5510, #2746 ) ;
#406 = EDGE_CURVE ( 'NONE', #5121, #6412, #6123, .T. ) ;
#407 = CARTESIAN_POINT ( 'NONE',  ( -6.222999999999998977, -2.717800000000003546, 4.191000000000001613 ) ) ;
#408 = EDGE_CURVE ( 'NONE', #5774, #6267, #6234, .T. ) ;
#409 = LINE ( 'NONE', #6118, #3958 ) ;
#410 = ORIENTED_EDGE ( 'NONE', *, *, #4503, .T. ) ;
#411 = PLANE ( 'NONE',  #5465 ) ;
#412 = ORIENTED_EDGE ( 'NONE', *, *, #6816, .F. ) ;
#413 = ORIENTED_EDGE ( 'NONE', *, *, #3164, .T. ) ;
#414 = DIRECTION ( 'NONE',  ( 5.130477113903260708E-17, 1.665334536937735304E-16, -1.000000000000000000 ) ) ;
#415 = CARTESIAN_POINT ( 'NONE',  ( 5.959238082004000958, 4.243216919750995686, 4.699000000000003396 ) ) ;
#416 = FACE_OUTER_BOUND ( 'NONE', #2756, .T. ) ;
#417 = CARTESIAN_POINT ( 'NONE',  ( 4.980928443000002481, 4.216240551499996769, -0.3809999999999976739 ) ) ;
#418 = CARTESIAN_POINT ( 'NONE',  ( 6.477000000000002089, 6.002332419999997448, -2.920999999999997154 ) ) ;
#419 = EDGE_LOOP ( 'NONE', ( #3714, #3309, #1249, #2772 ) ) ;
#420 = VECTOR ( 'NONE', #6556, 1000.000000000000000 ) ;
#421 = CARTESIAN_POINT ( 'NONE',  ( 3.962400000000000588, 1.977999999999994873, 4.524400000000002642 ) ) ;
#422 = ADVANCED_FACE ( 'NONE', ( #5073 ), #4490, .F. ) ;
#423 = VERTEX_POINT ( 'NONE', #1602 ) ;
#424 = DIRECTION ( 'NONE',  ( 5.130477113903260708E-17, 1.665334536937735304E-16, -1.000000000000000000 ) ) ;
#425 = STYLED_ITEM ( 'NONE', ( #1141 ), #2070 ) ;
#426 = CARTESIAN_POINT ( 'NONE',  ( 3.962400000000001477, 4.825999999999997847, -4.724399999999997490 ) ) ;
#427 = DIRECTION ( 'NONE',  ( -1.371699786071155937E-16, -1.000000000000000000, -5.276989311053102048E-33 ) ) ;
#428 = ORIENTED_EDGE ( 'NONE', *, *, #6850, .T. ) ;
#429 = CIRCLE ( 'NONE', #807, 0.3810000000000002829 ) ;
#430 = ORIENTED_EDGE ( 'NONE', *, *, #4081, .F. ) ;
#431 = VECTOR ( 'NONE', #3788, 1000.000000000000000 ) ;
#432 = CARTESIAN_POINT ( 'NONE',  ( 6.223000000000001641, 0.5079999999999971205, 2.159000000000002917 ) ) ;
#433 = AXIS2_PLACEMENT_3D ( 'NONE', #6906, #4676, #5209 ) ;
#434 = CARTESIAN_POINT ( 'NONE',  ( 5.507748381189001563, 5.862319999999995979, 4.699000000000003396 ) ) ;
#435 = LINE ( 'NONE', #3736, #61 ) ;
#436 = VECTOR ( 'NONE', #6812, 999.9999999999998863 ) ;
#437 = VERTEX_POINT ( 'NONE', #845 ) ;
#438 = LINE ( 'NONE', #548, #5666 ) ;
#439 = ORIENTED_EDGE ( 'NONE', *, *, #5040, .T. ) ;
#440 = AXIS2_PLACEMENT_3D ( 'NONE', #2064, #4936, #6842 ) ;
#441 = CARTESIAN_POINT ( 'NONE',  ( 3.962400000000001477, 8.889999999999997016, -4.470399999999997043 ) ) ;
#442 = ORIENTED_EDGE ( 'NONE', *, *, #4410, .T. ) ;
#443 = EDGE_CURVE ( 'NONE', #1095, #5128, #5033, .T. ) ;
#444 = CARTESIAN_POINT ( 'NONE',  ( 4.808421041000002560, 6.218579345899996724, -0.3809999999999976739 ) ) ;
#445 = VECTOR ( 'NONE', #5377, 1000.000000000000000 ) ;
#446 = CARTESIAN_POINT ( 'NONE',  ( -5.140909707197969247, 4.825999999999996959, -0.3809999999999979514 ) ) ;
#447 = CIRCLE ( 'NONE', #1295, 1.054100000000000481 ) ;
#448 = CARTESIAN_POINT ( 'NONE',  ( -5.959238082003998294, 6.445103080248997252, -2.920999999999997598 ) ) ;
#449 = ORIENTED_EDGE ( 'NONE', *, *, #3712, .F. ) ;
#450 = EDGE_CURVE ( 'NONE', #921, #7332, #2087, .T. ) ;
#451 = FACE_OUTER_BOUND ( 'NONE', #4451, .T. ) ;
#452 = ORIENTED_EDGE ( 'NONE', *, *, #4293, .F. ) ;
#453 = ADVANCED_FACE ( 'NONE', ( #4417 ), #7342, .F. ) ;
#454 = ADVANCED_FACE ( 'NONE', ( #5596 ), #3202, .F. ) ;
#455 = ORIENTED_EDGE ( 'NONE', *, *, #1451, .F. ) ;
#456 = FACE_OUTER_BOUND ( 'NONE', #2726, .T. ) ;
#457 = LINE ( 'NONE', #7343, #4998 ) ;
#458 = LINE ( 'NONE', #6388, #279 ) ;
#459 = CARTESIAN_POINT ( 'NONE',  ( 2.159000000000001140, 7.112000000000000988, -12.91441695749999674 ) ) ;
#460 = CARTESIAN_POINT ( 'NONE',  ( 4.980928443000001593, 6.472079448499996168, 4.699000000000003396 ) ) ;
#461 = ORIENTED_EDGE ( 'NONE', *, *, #188, .T. ) ;
#462 = DIRECTION ( 'NONE',  ( 5.130477113903260708E-17, 1.665334536937735304E-16, -1.000000000000000000 ) ) ;
#463 = CARTESIAN_POINT ( 'NONE',  ( 5.140909707198001222, 5.862319999999996867, -1.904999999999996918 ) ) ;
#464 = CARTESIAN_POINT ( 'NONE',  ( 5.140909707197978129, 4.825999999999996959, -2.920999999999997154 ) ) ;
#465 = ADVANCED_FACE ( 'NONE', ( #456 ), #2843, .T. ) ;
#466 = FACE_OUTER_BOUND ( 'NONE', #1987, .T. ) ;
#467 = CARTESIAN_POINT ( 'NONE',  ( 6.477000000000001201, -3.469446951953614189E-15, 3.683000000000002050 ) ) ;
#468 = ORIENTED_EDGE ( 'NONE', *, *, #4370, .F. ) ;
#469 = ORIENTED_EDGE ( 'NONE', *, *, #1052, .T. ) ;
#470 = CARTESIAN_POINT ( 'NONE',  ( -4.216399999999998371, 4.825999999999997847, -4.470399999999997931 ) ) ;
#471 = VECTOR ( 'NONE', #6255, 1000.000000000000000 ) ;
#472 = CARTESIAN_POINT ( 'NONE',  ( -5.507748381188998898, 5.862319999999997755, 2.159000000000002473 ) ) ;
#473 = CARTESIAN_POINT ( 'NONE',  ( -2.158999999999999364, 4.610100000000000975, -6.121399999999997732 ) ) ;
#474 = ORIENTED_EDGE ( 'NONE', *, *, #2640, .F. ) ;
#475 = EDGE_CURVE ( 'NONE', #7287, #756, #6271, .T. ) ;
#476 = CARTESIAN_POINT ( 'NONE',  ( -5.507748381188795506, 4.826000000000000512, 3.175000000000002487 ) ) ;
#477 = ORIENTED_EDGE ( 'NONE', *, *, #5601, .T. ) ;
#478 = FACE_OUTER_BOUND ( 'NONE', #1922, .T. ) ;
#479 = VECTOR ( 'NONE', #4394, 1000.000000000000000 ) ;
#480 = ORIENTED_EDGE ( 'NONE', *, *, #6282, .T. ) ;
#482 = LINE ( 'NONE', #6373, #2298 ) ;
#481 = B_SPLINE_CURVE_WITH_KNOTS ( 'NONE', 3,
 ( #6387, #7497, #2396, #2281 ),
 .UNSPECIFIED., .F., .F.,
 ( 4, 4 ),
 ( 0.000000000000000000, 1.000000000000000000 ),
 .UNSPECIFIED. ) ;
#483 = CARTESIAN_POINT ( 'NONE',  ( 2.920999999999999819, 7.112000000000000988, -12.57299999999999685 ) ) ;
#484 = DIRECTION ( 'NONE',  ( 3.431425595409362857E-17, 1.000000000000000000, 0.000000000000000000 ) ) ;
#485 = VECTOR ( 'NONE', #3056, 1000.000000000000000 ) ;
#486 = CARTESIAN_POINT ( 'NONE',  ( -5.029696191436577202, 5.943853910299123022, -4.444999999999997620 ) ) ;
#487 = EDGE_LOOP ( 'NONE', ( #2457, #2460, #1795, #4825 ) ) ;
#488 = CARTESIAN_POINT ( 'NONE',  ( -4.808421040999999008, 4.469740654099997101, -0.3809999999999976739 ) ) ;
#489 = VERTEX_POINT ( 'NONE', #4787 ) ;
#490 = EDGE_LOOP ( 'NONE', ( #1159, #3637, #2526, #2717 ) ) ;
#491 = DIRECTION ( 'NONE',  ( -3.431425595409362857E-17, -1.000000000000000000, -0.000000000000000000 ) ) ;
#492 = CARTESIAN_POINT ( 'NONE',  ( 2.159000000000000696, 5.841999999999999638, -4.724399999999997490 ) ) ;
#493 = DIRECTION ( 'NONE',  ( 0.8267333594788779383, 0.5625939497761849317, 1.361060792845168385E-16 ) ) ;
#494 = LINE ( 'NONE', #2895, #1485 ) ;
#495 = EDGE_CURVE ( 'NONE', #5120, #5543, #1632, .T. ) ;
#496 = CARTESIAN_POINT ( 'NONE',  ( -4.919058028974524710, 6.081215945592886030, 4.699000000000003396 ) ) ;
#497 = PLANE ( 'NONE',  #1404 ) ;
#498 = VERTEX_POINT ( 'NONE', #3039 ) ;
#499 = CARTESIAN_POINT ( 'NONE',  ( 6.223000000000001641, 4.232135350799998363, -4.444999999999996732 ) ) ;
#500 = DIRECTION ( 'NONE',  ( -1.000000000000000000, 3.431425595409362857E-17, -5.130477113903259476E-17 ) ) ;
#501 = EDGE_CURVE ( 'NONE', #4425, #2724, #4030, .T. ) ;
#502 = SURFACE_STYLE_USAGE ( .BOTH. , #3390 ) ;
#503 = ADVANCED_FACE ( 'NONE', ( #1707 ), #3381, .T. ) ;
#504 = SURFACE_SIDE_STYLE ('',( #5722 ) ) ;
#505 = CARTESIAN_POINT ( 'NONE',  ( -6.222999999999998089, 4.232135350799998363, -1.904999999999997806 ) ) ;
#506 = CARTESIAN_POINT ( 'NONE',  ( 6.477000000000002089, -2.602085213965210642E-15, 1.651000000000002244 ) ) ;
#507 = ORIENTED_EDGE ( 'NONE', *, *, #5574, .T. ) ;
#508 = ORIENTED_EDGE ( 'NONE', *, *, #7189, .T. ) ;
#509 = EDGE_CURVE ( 'NONE', #5725, #7287, #7259, .T. ) ;
#510 = DIRECTION ( 'NONE',  ( 5.130477113903260092E-17, 1.665334536937735304E-16, -1.000000000000000000 ) ) ;
#511 = LINE ( 'NONE', #4669, #4348 ) ;
#512 = CARTESIAN_POINT ( 'NONE',  ( 3.962400000000000588, 8.889999999999995239, 4.524400000000001754 ) ) ;
#513 = DIRECTION ( 'NONE',  ( 1.000000000000000000, 0.000000000000000000, 0.000000000000000000 ) ) ;
#514 = VERTEX_POINT ( 'NONE', #2200 ) ;
#515 = CARTESIAN_POINT ( 'NONE',  ( -6.109955650406998728, 4.159618444802997139, -0.3809999999999976739 ) ) ;
#516 = ORIENTED_EDGE ( 'NONE', *, *, #7189, .F. ) ;
#517 = EDGE_CURVE ( 'NONE', #3003, #6743, #2642, .T. ) ;
#518 = CARTESIAN_POINT ( 'NONE',  ( 5.959238081891437666, 6.445103080431096032, -1.904999999999997362 ) ) ;
#519 = CARTESIAN_POINT ( 'NONE',  ( 2.385273943705312316, 5.862319999999997755, -4.724399999999997490 ) ) ;
#520 = DIRECTION ( 'NONE',  ( 1.000000000000000000, -3.431425595409362857E-17, 5.130477113903259476E-17 ) ) ;
#521 = CARTESIAN_POINT ( 'NONE',  ( 6.477000000000002089, 6.002332419999997448, -1.904999999999996918 ) ) ;
#522 = EDGE_LOOP ( 'NONE', ( #3666, #551, #1115, #6471, #1220, #6245, #3106, #3826 ) ) ;
#523 = CARTESIAN_POINT ( 'NONE',  ( -6.222999999999998089, 5.895635414699997412, 2.159000000000002917 ) ) ;
#524 = ORIENTED_EDGE ( 'NONE', *, *, #6382, .F. ) ;
#525 = EDGE_CURVE ( 'NONE', #1171, #514, #131, .T. ) ;
#526 = LINE ( 'NONE', #5707, #689 ) ;
#527 = CARTESIAN_POINT ( 'NONE',  ( -6.222999999999998089, 0.5079999999999980087, -2.920999999999997598 ) ) ;
#528 = DIRECTION ( 'NONE',  ( -5.130477113903260708E-17, -1.665334536937735304E-16, 1.000000000000000000 ) ) ;
#529 = CARTESIAN_POINT ( 'NONE',  ( -4.919058033047590150, 4.607104059464244727, 0.6350000000000035616 ) ) ;
#530 = CARTESIAN_POINT ( 'NONE',  ( -5.029696191436586084, 5.943853910299153220, 4.699000000000003396 ) ) ;
#531 = CARTESIAN_POINT ( 'NONE',  ( -5.371700992470997527, 4.741020151570097596, -1.904999999999997806 ) ) ;
#532 = ORIENTED_EDGE ( 'NONE', *, *, #4362, .F. ) ;
#533 = CARTESIAN_POINT ( 'NONE',  ( -5.085870582802998641, 4.401186195567396986, 2.159000000000002917 ) ) ;
#534 = CARTESIAN_POINT ( 'NONE',  ( -6.222999999999998089, 4.232135350799997475, 0.6350000000000027844 ) ) ;
#535 = EDGE_CURVE ( 'NONE', #4409, #5704, #526, .T. ) ;
#536 = DIRECTION ( 'NONE',  ( 5.130477113903260092E-17, 1.665334536937735304E-16, -1.000000000000000000 ) ) ;
#537 = CARTESIAN_POINT ( 'NONE',  ( 7.772400000000000198, -2.717800000000003546, 3.683000000000002050 ) ) ;
#538 = CARTESIAN_POINT ( 'NONE',  ( -5.959238082003998294, 4.243216919750998350, -4.444999999999997620 ) ) ;
#539 = EDGE_CURVE ( 'NONE', #177, #213, #2810, .T. ) ;
#540 = ORIENTED_EDGE ( 'NONE', *, *, #2229, .T. ) ;
#541 = EDGE_CURVE ( 'NONE', #5121, #2473, #5140, .T. ) ;
#542 = ORIENTED_EDGE ( 'NONE', *, *, #3335, .T. ) ;
#543 = EDGE_CURVE ( 'NONE', #620, #7124, #5175, .T. ) ;
#544 = AXIS2_PLACEMENT_3D ( 'NONE', #4466, #959, #3286 ) ;
#545 = LINE ( 'NONE', #5842, #6147 ) ;
#546 = CARTESIAN_POINT ( 'NONE',  ( -5.679736216059531273, 4.689207129279820307, 4.699000000000004285 ) ) ;
#547 = CARTESIAN_POINT ( 'NONE',  ( 4.808421041000001672, 6.218579345899995836, 4.699000000000003396 ) ) ;
#548 = CARTESIAN_POINT ( 'NONE',  ( 5.507748381189002451, 4.825999999999996959, -2.920999999999997154 ) ) ;
#549 = ORIENTED_EDGE ( 'NONE', *, *, #52, .F. ) ;
#550 = CARTESIAN_POINT ( 'NONE',  ( -5.029696191436585195, 5.943853910299154109, 2.159000000000002473 ) ) ;
#551 = ORIENTED_EDGE ( 'NONE', *, *, #4649, .T. ) ;
#552 = VECTOR ( 'NONE', #4845, 1000.000000000000000 ) ;
#553 = VECTOR ( 'NONE', #3559, 1000.000000000000227 ) ;
#554 = DIRECTION ( 'NONE',  ( 5.130477113903260708E-17, 1.665334536937735304E-16, -1.000000000000000000 ) ) ;
#555 = CARTESIAN_POINT ( 'NONE',  ( -6.477000000000026070, 6.364590498671153895, 0.6350000000000032285 ) ) ;
#556 = VECTOR ( 'NONE', #3231, 1000.000000000000000 ) ;
#557 = CARTESIAN_POINT ( 'NONE',  ( 5.679736218423002470, 4.689207125507997453, -1.904999999999996918 ) ) ;
#558 = VECTOR ( 'NONE', #4275, 1000.000000000000000 ) ;
#559 = ADVANCED_FACE ( 'NONE', ( #7451 ), #2235, .T. ) ;
#560 = AXIS2_PLACEMENT_3D ( 'NONE', #643, #1138, #3418 ) ;
#561 = CARTESIAN_POINT ( 'NONE',  ( 3.962400000000000588, 4.825999999999996071, 4.470400000000003260 ) ) ;
#562 = ORIENTED_EDGE ( 'NONE', *, *, #781, .F. ) ;
#563 = CARTESIAN_POINT ( 'NONE',  ( 4.808421041000002560, 6.218579345899997612, -4.444999999999997620 ) ) ;
#564 = ORIENTED_EDGE ( 'NONE', *, *, #4387, .F. ) ;
#565 = DIRECTION ( 'NONE',  ( 5.130477113903260708E-17, 1.665334536937735304E-16, -1.000000000000000000 ) ) ;
#566 = AXIS2_PLACEMENT_3D ( 'NONE', #3700, #238, #849 ) ;
#567 = EDGE_LOOP ( 'NONE', ( #3607, #6422, #6944, #2616 ) ) ;
#568 = CARTESIAN_POINT ( 'NONE',  ( 6.477000000000002089, -2.602085213965210642E-15, -1.396999999999996689 ) ) ;
#569 = VECTOR ( 'NONE', #658, 1000.000000000000000 ) ;
#570 = CARTESIAN_POINT ( 'NONE',  ( -3.962399999999997924, 8.889999999999998792, -4.470399999999997931 ) ) ;
#571 = CARTESIAN_POINT ( 'NONE',  ( 6.223000000000001641, -2.794000000000000483, -0.8889999999999974589 ) ) ;
#572 = DIRECTION ( 'NONE',  ( 1.000000000000000000, 0.000000000000000000, 0.000000000000000000 ) ) ;
#573 = AXIS2_PLACEMENT_3D ( 'NONE', #1785, #3957, #4116 ) ;
#574 = DIRECTION ( 'NONE',  ( 5.130477113903260708E-17, 1.665334536937735304E-16, -1.000000000000000000 ) ) ;
#575 = EDGE_LOOP ( 'NONE', ( #2196, #1872, #5384, #3924 ) ) ;
#576 = EDGE_CURVE ( 'NONE', #157, #3871, #4650, .T. ) ;
#577 = CARTESIAN_POINT ( 'NONE',  ( 6.222999999999739629, 5.895635414699983201, 2.159000000000003361 ) ) ;
#578 = EDGE_CURVE ( 'NONE', #7017, #4943, #6875, .T. ) ;
#579 = CARTESIAN_POINT ( 'NONE',  ( -6.476999999999997648, -2.794000000000002260, 1.143000000000001570 ) ) ;
#580 = CARTESIAN_POINT ( 'NONE',  ( 6.223000000000001641, 4.665481232899996833, -2.920999999999997154 ) ) ;
#581 = SURFACE_STYLE_USAGE ( .BOTH. , #504 ) ;
#582 = CARTESIAN_POINT ( 'NONE',  ( 6.223000000000001641, 4.792684585299996414, 2.159000000000002917 ) ) ;
#583 = DIRECTION ( 'NONE',  ( -0.000000000000000000, 0.000000000000000000, -1.000000000000000000 ) ) ;
#584 = EDGE_LOOP ( 'NONE', ( #5269, #3797, #6621, #243 ) ) ;
#585 = ORIENTED_EDGE ( 'NONE', *, *, #6641, .T. ) ;
#586 = DIRECTION ( 'NONE',  ( 0.000000000000000000, 1.000000000000000000, 0.000000000000000000 ) ) ;
#587 = CARTESIAN_POINT ( 'NONE',  ( -2.158999999999999364, 4.826000000000000512, -4.724399999999997490 ) ) ;
#588 = ADVANCED_FACE ( 'NONE', ( #2278 ), #4613, .T. ) ;
#589 = CARTESIAN_POINT ( 'NONE',  ( 1.317718296158750244E-15, 5.344159999999996025, 3.175000000000002487 ) ) ;
#590 = ORIENTED_EDGE ( 'NONE', *, *, #973, .T. ) ;
#591 = FACE_OUTER_BOUND ( 'NONE', #4980, .T. ) ;
#592 = ORIENTED_EDGE ( 'NONE', *, *, #1926, .F. ) ;
#593 = CARTESIAN_POINT ( 'NONE',  ( 6.223000000000001641, -2.794000000000000483, -3.936999999999996724 ) ) ;
#594 = ORIENTED_EDGE ( 'NONE', *, *, #2870, .F. ) ;
#595 = AXIS2_PLACEMENT_3D ( 'NONE', #2493, #5274, #4139 ) ;
#596 = FACE_OUTER_BOUND ( 'NONE', #2571, .T. ) ;
#597 = CARTESIAN_POINT ( 'NONE',  ( 4.808421041000002560, 6.218579345899996724, 0.6350000000000027844 ) ) ;
#598 = VECTOR ( 'NONE', #6889, 1000.000000000000000 ) ;
#599 = LINE ( 'NONE', #2885, #1648 ) ;
#600 = EDGE_LOOP ( 'NONE', ( #4726, #7300, #5243, #5742 ) ) ;
#601 = DIRECTION ( 'NONE',  ( -1.000000000000000000, 0.000000000000000000, 0.000000000000000000 ) ) ;
#602 = ORIENTED_EDGE ( 'NONE', *, *, #7291, .F. ) ;
#603 = ADVANCED_FACE ( 'NONE', ( #5357 ), #706, .F. ) ;
#604 = ORIENTED_EDGE ( 'NONE', *, *, #4134, .F. ) ;
#605 = DIRECTION ( 'NONE',  ( 0.5625939497761849317, -0.8267333594788778273, 2.886375383747156989E-17 ) ) ;
#606 = COLOUR_RGB ( '',0.7921568627450980005, 0.8196078431372548767, 0.9333333333333333481 ) ;
#607 = LINE ( 'NONE', #5256, #5188 ) ;
#608 = DIRECTION ( 'NONE',  ( 3.431425595409362857E-17, 1.000000000000000000, 0.000000000000000000 ) ) ;
#609 = LINE ( 'NONE', #2239, #2520 ) ;
#610 = CARTESIAN_POINT ( 'NONE',  ( -5.085870582802998641, 4.401186195567397874, -1.904999999999997806 ) ) ;
#611 = VERTEX_POINT ( 'NONE', #6607 ) ;
#612 = CYLINDRICAL_SURFACE ( 'NONE', #7466, 0.2539999999999998925 ) ;
#613 = VECTOR ( 'NONE', #837, 999.9999999999998863 ) ;
#614 = CARTESIAN_POINT ( 'NONE',  ( 3.962400000000001477, 4.825999999999997847, -4.470399999999997043 ) ) ;
#615 = EDGE_CURVE ( 'NONE', #4577, #758, #3483, .T. ) ;
#616 = SURFACE_STYLE_FILL_AREA ( #1111 ) ;
#617 = FACE_OUTER_BOUND ( 'NONE', #800, .T. ) ;
#618 = LINE ( 'NONE', #506, #218 ) ;
#619 = VERTEX_POINT ( 'NONE', #256 ) ;
#620 = VERTEX_POINT ( 'NONE', #6570 ) ;
#621 = ORIENTED_EDGE ( 'NONE', *, *, #6305, .T. ) ;
#622 = ORIENTED_EDGE ( 'NONE', *, *, #1574, .F. ) ;
#623 = LINE ( 'NONE', #7467, #2859 ) ;
#624 =( NAMED_UNIT ( * ) PLANE_ANGLE_UNIT ( ) SI_UNIT ( $, .RADIAN. ) );
#625 = CARTESIAN_POINT ( 'NONE',  ( 4.980928443000002481, 6.472079448499997945, -4.444999999999997620 ) ) ;
#626 = CARTESIAN_POINT ( 'NONE',  ( 5.140909707198000334, 5.862319999999997755, 4.699000000000003396 ) ) ;
#627 = ORIENTED_EDGE ( 'NONE', *, *, #6587, .F. ) ;
#628 = DIRECTION ( 'NONE',  ( -1.000000000000000000, 3.431425595409362857E-17, -5.130477113903259476E-17 ) ) ;
#629 = ORIENTED_EDGE ( 'NONE', *, *, #360, .T. ) ;
#630 = VECTOR ( 'NONE', #4770, 999.9999999999998863 ) ;
#631 = ADVANCED_FACE ( 'NONE', ( #748 ), #4830, .F. ) ;
#632 = CARTESIAN_POINT ( 'NONE',  ( -6.222999999999998089, 4.665481232899996833, 3.175000000000002487 ) ) ;
#633 = CARTESIAN_POINT ( 'NONE',  ( 6.223000000000001641, 4.665481232899996833, -1.904999999999996918 ) ) ;
#634 = CARTESIAN_POINT ( 'NONE',  ( 6.223000000000001641, -2.794000000000000483, -4.952999999999997627 ) ) ;
#635 = ORIENTED_EDGE ( 'NONE', *, *, #7399, .T. ) ;
#636 = EDGE_CURVE ( 'NONE', #4317, #6022, #3641, .T. ) ;
#637 = DIRECTION ( 'NONE',  ( 1.371699786071155937E-16, 1.000000000000000000, 5.276989311053102048E-33 ) ) ;
#638 = VERTEX_POINT ( 'NONE', #1962 ) ;
#639 = EDGE_CURVE ( 'NONE', #2698, #3005, #4294, .T. ) ;
#640 = ORIENTED_EDGE ( 'NONE', *, *, #2550, .T. ) ;
#641 = CARTESIAN_POINT ( 'NONE',  ( -4.016399999999999970, 8.889999999999995239, 4.470399999999997931 ) ) ;
#642 = EDGE_CURVE ( 'NONE', #5706, #2252, #1320, .T. ) ;
#643 = CARTESIAN_POINT ( 'NONE',  ( -3.987799999999998679, 8.603639999999998622, -4.724399999999997490 ) ) ;
#644 = CARTESIAN_POINT ( 'NONE',  ( -2.158999999999999364, 2.501900000000000901, -8.524399999720996490 ) ) ;
#645 = CARTESIAN_POINT ( 'NONE',  ( 4.808421041000002560, 6.218579345899996724, -1.904999999999996918 ) ) ;
#646 = DIRECTION ( 'NONE',  ( 0.5625939497761849317, -0.8267333594788778273, 2.886375383747156989E-17 ) ) ;
#647 = ORIENTED_EDGE ( 'NONE', *, *, #450, .F. ) ;
#648 = DIRECTION ( 'NONE',  ( -1.371699786071155937E-16, -1.000000000000000000, -5.276989311053102048E-33 ) ) ;
#649 = DIRECTION ( 'NONE',  ( -1.000000000000000000, 3.431425595409362857E-17, -5.130477113903259476E-17 ) ) ;
#650 = PLANE ( 'NONE',  #4258 ) ;
#651 = EDGE_CURVE ( 'NONE', #7215, #4110, #1882, .T. ) ;
#652 = CARTESIAN_POINT ( 'NONE',  ( -4.016399999999999970, 1.777999999999996694, -4.470399999999997931 ) ) ;
#653 = ORIENTED_EDGE ( 'NONE', *, *, #5946, .F. ) ;
#654 = ORIENTED_EDGE ( 'NONE', *, *, #6032, .T. ) ;
#655 = ORIENTED_EDGE ( 'NONE', *, *, #6078, .T. ) ;
#656 = ORIENTED_EDGE ( 'NONE', *, *, #4039, .T. ) ;
#657 = CARTESIAN_POINT ( 'NONE',  ( 4.808421041000001672, 4.469740654099996213, 4.699000000000003396 ) ) ;
#658 = DIRECTION ( 'NONE',  ( -1.000000000000000000, 3.431425595409362857E-17, -5.130477113903259476E-17 ) ) ;
#659 = DIRECTION ( 'NONE',  ( 1.000000000000000000, -3.431425595409362857E-17, 5.130477113903259476E-17 ) ) ;
#660 = EDGE_LOOP ( 'NONE', ( #7155, #6681, #4292, #5839 ) ) ;
#661 = ORIENTED_EDGE ( 'NONE', *, *, #5588, .F. ) ;
#662 = AXIS2_PLACEMENT_3D ( 'NONE', #3925, #922, #5041 ) ;
#663 = FACE_OUTER_BOUND ( 'NONE', #1097, .T. ) ;
#664 = ORIENTED_EDGE ( 'NONE', *, *, #7260, .F. ) ;
#665 = LINE ( 'NONE', #2575, #1163 ) ;
#666 = B_SPLINE_CURVE_WITH_KNOTS ( 'NONE', 3,
 ( #257, #4875, #5967, #3041, #4909, #6571 ),
 .UNSPECIFIED., .F., .F.,
 ( 4, 1, 1, 4 ),
 ( 0.000000000000000000, 0.4014956229037000002, 0.7375322085786999438, 1.000000000000000000 ),
 .UNSPECIFIED. ) ;
#667 = CARTESIAN_POINT ( 'NONE',  ( 5.029696191436578978, 5.943853910299162990, 3.175000000000001599 ) ) ;
#668 = DIRECTION ( 'NONE',  ( 5.130477113903260708E-17, 1.665334536937735304E-16, -1.000000000000000000 ) ) ;
#669 = EDGE_CURVE ( 'NONE', #5248, #5341, #2495, .T. ) ;
#670 = ORIENTED_EDGE ( 'NONE', *, *, #7420, .T. ) ;
#671 = DIRECTION ( 'NONE',  ( -0.000000000000000000, -0.000000000000000000, 1.000000000000000000 ) ) ;
#672 = ORIENTED_EDGE ( 'NONE', *, *, #308, .T. ) ;
#673 = VECTOR ( 'NONE', #4757, 1000.000000000000000 ) ;
#674 = ORIENTED_EDGE ( 'NONE', *, *, #1052, .F. ) ;
#675 = FACE_OUTER_BOUND ( 'NONE', #4137, .T. ) ;
#676 = AXIS2_PLACEMENT_3D ( 'NONE', #1821, #2472, #7036 ) ;
#677 = DIRECTION ( 'NONE',  ( 5.130477113903260708E-17, 1.665334536937735304E-16, -1.000000000000000000 ) ) ;
#678 = CIRCLE ( 'NONE', #4336, 1.015999999999999570 ) ;
#679 = DIRECTION ( 'NONE',  ( 1.000000000000000000, -3.431425595409362857E-17, 5.130477113903260092E-17 ) ) ;
#680 = CARTESIAN_POINT ( 'NONE',  ( -6.222999999999998089, -2.602085213965210642E-15, 1.143000000000002458 ) ) ;
#681 = FILL_AREA_STYLE_COLOUR ( '', #4327 ) ;
#682 = EDGE_CURVE ( 'NONE', #5105, #4019, #7142, .T. ) ;
#683 = ORIENTED_EDGE ( 'NONE', *, *, #1897, .T. ) ;
#684 = CARTESIAN_POINT ( 'NONE',  ( -5.959238081891447436, 6.445103080431076492, 2.159000000000002917 ) ) ;
#685 = VECTOR ( 'NONE', #6503, 1000.000000000000000 ) ;
#686 = VECTOR ( 'NONE', #677, 1000.000000000000000 ) ;
#687 = DIRECTION ( 'NONE',  ( 3.431425595409362857E-17, 1.000000000000000000, 0.000000000000000000 ) ) ;
#688 = CARTESIAN_POINT ( 'NONE',  ( 5.679736218423002470, 4.689207125507997453, -2.920999999999997154 ) ) ;
#689 = VECTOR ( 'NONE', #491, 1000.000000000000000 ) ;
#690 = SURFACE_STYLE_FILL_AREA ( #1224 ) ;
#691 = PLANE ( 'NONE',  #4714 ) ;
#692 = VECTOR ( 'NONE', #779, 1000.000000000000000 ) ;
#693 = LINE ( 'NONE', #4773, #2373 ) ;
#694 = EDGE_LOOP ( 'NONE', ( #5430, #5749, #212, #3367 ) ) ;
#695 = EDGE_LOOP ( 'NONE', ( #5799, #4000, #5897, #7091, #6000, #1621, #5524, #4452, #3412, #1600, #7393, #3713, #890, #4751 ) ) ;
#696 = ORIENTED_EDGE ( 'NONE', *, *, #6820, .T. ) ;
#697 = CARTESIAN_POINT ( 'NONE',  ( 5.959238081891437666, 6.445103080431096032, -0.3809999999999975628 ) ) ;
#698 = EDGE_CURVE ( 'NONE', #5444, #4471, #940, .T. ) ;
#699 = DIRECTION ( 'NONE',  ( 0.000000000000000000, 0.000000000000000000, 1.000000000000000000 ) ) ;
#700 = LINE ( 'NONE', #5997, #2884 ) ;
#701 = CARTESIAN_POINT ( 'NONE',  ( 5.371941468078001769, 5.947322718753698112, -4.444999999999998508 ) ) ;
#702 = ORIENTED_EDGE ( 'NONE', *, *, #2822, .F. ) ;
#703 = VERTEX_POINT ( 'NONE', #3152 ) ;
#704 = CARTESIAN_POINT ( 'NONE',  ( -6.477000000000477264, 6.002332419999979685, 4.699000000000004285 ) ) ;
#705 = VERTEX_POINT ( 'NONE', #7218 ) ;
#706 = PLANE ( 'NONE',  #3610 ) ;
#707 = B_SPLINE_SURFACE_WITH_KNOTS ( 'NONE', 3, 1, ( 
 ( #69, #1680 ),
 ( #3539, #4040 ),
 ( #6350, #5261 ),
 ( #4693, #7502 ),
 ( #577, #6393 ) ),
 .UNSPECIFIED., .F., .F., .F.,
 ( 4, 1, 4 ),
 ( 2, 2 ),
 ( 0.4590319158801968724, 0.7875696945514999436, 0.9898432121846414411 ),
 ( 0.000000000000000000, 1.000000000000000000 ),
 .UNSPECIFIED. ) ;
#708 = DIRECTION ( 'NONE',  ( -5.130477113903260708E-17, -1.665334536937735304E-16, 1.000000000000000000 ) ) ;
#709 = DIRECTION ( 'NONE',  ( -5.130477113903260708E-17, -1.665334536937735304E-16, 1.000000000000000000 ) ) ;
#710 = EDGE_CURVE ( 'NONE', #3586, #1969, #215, .T. ) ;
#711 = CARTESIAN_POINT ( 'NONE',  ( -4.980928442999961625, 6.472079448499695076, -4.444999999999998508 ) ) ;
#712 = ORIENTED_EDGE ( 'NONE', *, *, #2184, .T. ) ;
#713 = CARTESIAN_POINT ( 'NONE',  ( -5.085870582803919682, 4.401186195567421855, 4.699000000000003396 ) ) ;
#714 = ORIENTED_EDGE ( 'NONE', *, *, #3570, .F. ) ;
#715 = B_SPLINE_SURFACE_WITH_KNOTS ( 'NONE', 3, 1, ( 
 ( #5974, #3083 ),
 ( #1443, #872 ),
 ( #5405, #181 ),
 ( #3689, #226 ),
 ( #2546, #2079 ) ),
 .UNSPECIFIED., .F., .F., .F.,
 ( 4, 1, 4 ),
 ( 2, 2 ),
 ( 0.01043166776923795669, 0.2126490142702000263, 0.5410955592664923319 ),
 ( 0.000000000000000000, 1.000000000000000000 ),
 .UNSPECIFIED. ) ;
#716 = VERTEX_POINT ( 'NONE', #4216 ) ;
#717 = CARTESIAN_POINT ( 'NONE',  ( -5.507748381188420694, 5.862319999999709097, 0.6350000000000032285 ) ) ;
#718 = CARTESIAN_POINT ( 'NONE',  ( 5.825466848181001467, 6.796669658390997348, -0.3809999999999972298 ) ) ;
#719 = VECTOR ( 'NONE', #7147, 1000.000000000000000 ) ;
#720 = DIRECTION ( 'NONE',  ( -1.000000000000000000, 3.431425595409362857E-17, -5.130477113903259476E-17 ) ) ;
#721 = CARTESIAN_POINT ( 'NONE',  ( -6.222999999999998089, 0.5079999999999971205, 0.6350000000000027844 ) ) ;
#722 = ORIENTED_EDGE ( 'NONE', *, *, #7522, .F. ) ;
#723 = CARTESIAN_POINT ( 'NONE',  ( -4.919058028974522934, 6.081215945592886030, -1.904999999999998028 ) ) ;
#724 = DIRECTION ( 'NONE',  ( -1.000000000000000000, 3.431425595409362857E-17, -5.130477113903259476E-17 ) ) ;
#725 = VECTOR ( 'NONE', #3785, 1000.000000000000000 ) ;
#726 = CARTESIAN_POINT ( 'NONE',  ( -6.222999999999998089, 5.862319999999997755, 4.953000000000002068 ) ) ;
#727 = ADVANCED_FACE ( 'NONE', ( #2440 ), #1910, .T. ) ;
#728 = CARTESIAN_POINT ( 'NONE',  ( 4.808421040999923513, 6.218579345900037580, -2.920999999999997598 ) ) ;
#729 = CARTESIAN_POINT ( 'NONE',  ( 5.371941468078001769, 5.947322718753697224, 2.159000000000002917 ) ) ;
#730 = VECTOR ( 'NONE', #992, 999.9999999999998863 ) ;
#731 = CARTESIAN_POINT ( 'NONE',  ( -6.222999999999998089, -2.794000000000002260, 3.683000000000002050 ) ) ;
#732 = ORIENTED_EDGE ( 'NONE', *, *, #4911, .T. ) ;
#733 = LINE ( 'NONE', #2482, #1272 ) ;
#734 = EDGE_LOOP ( 'NONE', ( #3034, #2188, #3060, #1134 ) ) ;
#735 = ADVANCED_FACE ( 'NONE', ( #3624 ), #2757, .T. ) ;
#736 = ORIENTED_EDGE ( 'NONE', *, *, #3428, .F. ) ;
#737 = ORIENTED_EDGE ( 'NONE', *, *, #639, .T. ) ;
#738 = EDGE_CURVE ( 'NONE', #6779, #378, #2406, .T. ) ;
#739 = CARTESIAN_POINT ( 'NONE',  ( 5.679736218183011331, 5.999112874108536886, -1.904999999999997362 ) ) ;
#740 = CARTESIAN_POINT ( 'NONE',  ( -5.679736218183045082, 5.999112874108594617, -2.920999999999997598 ) ) ;
#741 = EDGE_CURVE ( 'NONE', #7500, #3063, #197, .T. ) ;
#742 = DIRECTION ( 'NONE',  ( 3.431425595409362857E-17, 1.000000000000000000, 0.000000000000000000 ) ) ;
#743 = PLANE ( 'NONE',  #3838 ) ;
#744 = ORIENTED_EDGE ( 'NONE', *, *, #7522, .T. ) ;
#745 = ORIENTED_EDGE ( 'NONE', *, *, #2662, .F. ) ;
#746 = DIRECTION ( 'NONE',  ( -1.000000000000000000, 3.431425595409362857E-17, -5.130477113903259476E-17 ) ) ;
#747 = ORIENTED_EDGE ( 'NONE', *, *, #3153, .T. ) ;
#748 = FACE_OUTER_BOUND ( 'NONE', #1473, .T. ) ;
#749 = ADVANCED_FACE ( 'NONE', ( #3094 ), #691, .F. ) ;
#750 = DIRECTION ( 'NONE',  ( 5.130477113903260708E-17, 1.665334536937735304E-16, -1.000000000000000000 ) ) ;
#751 = CARTESIAN_POINT ( 'NONE',  ( -5.140909707197997669, 4.825999999999997847, -1.904999999999997806 ) ) ;
#752 = EDGE_CURVE ( 'NONE', #6771, #68, #4313, .T. ) ;
#753 = AXIS2_PLACEMENT_3D ( 'NONE', #5230, #6355, #2291 ) ;
#754 = DIRECTION ( 'NONE',  ( 3.431425595409362857E-17, 1.000000000000000000, 0.000000000000000000 ) ) ;
#755 = EDGE_CURVE ( 'NONE', #6412, #5120, #5065, .T. ) ;
#756 = VERTEX_POINT ( 'NONE', #1417 ) ;
#757 = CARTESIAN_POINT ( 'NONE',  ( 6.223000000000390664, 4.792684585299983091, -4.444999999999998508 ) ) ;
#758 = VERTEX_POINT ( 'NONE', #1866 ) ;
#759 = DIRECTION ( 'NONE',  ( 6.054179465614428618E-17, 0.7071067811865475727, -0.7071067811865474617 ) ) ;
#760 = VECTOR ( 'NONE', #831, 1000.000000000000000 ) ;
#761 = CARTESIAN_POINT ( 'NONE',  ( -5.140909726420348491, 4.826000014092338475, -4.444999999999997620 ) ) ;
#762 = DIRECTION ( 'NONE',  ( 3.431425595409362857E-17, 1.000000000000000000, 0.000000000000000000 ) ) ;
#763 = EDGE_LOOP ( 'NONE', ( #1043, #6991, #6093, #5655 ) ) ;
#764 = EDGE_CURVE ( 'NONE', #5863, #3433, #5966, .T. ) ;
#765 = FACE_OUTER_BOUND ( 'NONE', #5039, .T. ) ;
#766 = CARTESIAN_POINT ( 'NONE',  ( -6.222999999999997200, -2.794000000000002260, 1.143000000000001570 ) ) ;
#767 = CARTESIAN_POINT ( 'NONE',  ( -4.808421040999999008, 6.218579345899996724, -0.3809999999999976739 ) ) ;
#768 = CARTESIAN_POINT ( 'NONE',  ( 6.477000000000002089, -2.717800000000001770, -3.428999999999997161 ) ) ;
#769 = DIRECTION ( 'NONE',  ( 0.000000000000000000, 1.000000000000000000, 0.000000000000000000 ) ) ;
#770 = CARTESIAN_POINT ( 'NONE',  ( -5.959238082003998294, 6.445103080248997252, 3.175000000000002487 ) ) ;
#771 = ORIENTED_EDGE ( 'NONE', *, *, #4583, .F. ) ;
#772 = CARTESIAN_POINT ( 'NONE',  ( 6.477000000000002089, 0.5079999999999980087, -4.444999999999996732 ) ) ;
#773 = EDGE_CURVE ( 'NONE', #3433, #3369, #4279, .T. ) ;
#774 = ORIENTED_EDGE ( 'NONE', *, *, #1342, .F. ) ;
#775 = ORIENTED_EDGE ( 'NONE', *, *, #1565, .T. ) ;
#776 = CARTESIAN_POINT ( 'NONE',  ( -4.216399999999998371, 8.722359999999998337, -4.470399999999997931 ) ) ;
#777 = CARTESIAN_POINT ( 'NONE',  ( 6.109955650407002281, 4.159618444802997139, 3.175000000000002487 ) ) ;
#778 = SURFACE_STYLE_USAGE ( .BOTH. , #1193 ) ;
#779 = DIRECTION ( 'NONE',  ( -3.431425595409362857E-17, -1.000000000000000000, -0.000000000000000000 ) ) ;
#780 = LINE ( 'NONE', #288, #804 ) ;
#781 = EDGE_CURVE ( 'NONE', #1191, #6916, #3022, .T. ) ;
#782 = EDGE_CURVE ( 'NONE', #5043, #514, #4737, .T. ) ;
#783 = ORIENTED_EDGE ( 'NONE', *, *, #44, .F. ) ;
#784 = EDGE_LOOP ( 'NONE', ( #37, #7231, #635, #602, #737, #84, #661, #1050 ) ) ;
#785 = EDGE_CURVE ( 'NONE', #5960, #4147, #1301, .T. ) ;
#786 = EDGE_LOOP ( 'NONE', ( #2015, #7348, #3879, #7168 ) ) ;
#787 = CARTESIAN_POINT ( 'NONE',  ( -6.476999999999998536, 0.5079999999999971205, -0.3809999999999976739 ) ) ;
#788 = DIRECTION ( 'NONE',  ( 6.054179465614431083E-17, 0.7071067811865475727, -0.7071067811865474617 ) ) ;
#789 = CARTESIAN_POINT ( 'NONE',  ( -2.158999999999999364, 3.556000000000000050, -4.724399999999997490 ) ) ;
#790 = VECTOR ( 'NONE', #5147, 1000.000000000000000 ) ;
#791 = CARTESIAN_POINT ( 'NONE',  ( -5.085678860471998242, 6.287389423200497873, -2.920999999999997598 ) ) ;
#792 = ORIENTED_EDGE ( 'NONE', *, *, #2842, .F. ) ;
#793 = CARTESIAN_POINT ( 'NONE',  ( -5.085870582803919682, 4.401186195567421855, 3.175000000000002931 ) ) ;
#794 = ORIENTED_EDGE ( 'NONE', *, *, #7275, .F. ) ;
#795 = CARTESIAN_POINT ( 'NONE',  ( -6.222999999999998089, 5.895635414699997412, 0.6350000000000027844 ) ) ;
#796 = AXIS2_PLACEMENT_3D ( 'NONE', #1975, #3574, #3128 ) ;
#797 = ADVANCED_FACE ( 'NONE', ( #2522 ), #4854, .T. ) ;
#798 = CARTESIAN_POINT ( 'NONE',  ( -4.980928442999998929, 6.472079448499997056, 2.159000000000002917 ) ) ;
#799 = LINE ( 'NONE', #680, #552 ) ;
#800 = EDGE_LOOP ( 'NONE', ( #6256, #4921, #2659, #1631 ) ) ;
#801 = AXIS2_PLACEMENT_3D ( 'NONE', #5771, #6337, #3988 ) ;
#802 = PLANE ( 'NONE',  #4938 ) ;
#803 = CARTESIAN_POINT ( 'NONE',  ( 5.507748381189002451, 5.862319999999995979, 2.159000000000002917 ) ) ;
#804 = VECTOR ( 'NONE', #6679, 1000.000000000000000 ) ;
#805 = LINE ( 'NONE', #2629, #485 ) ;
#806 = VECTOR ( 'NONE', #5614, 1000.000000000000114 ) ;
#807 = AXIS2_PLACEMENT_3D ( 'NONE', #5969, #668, #7183 ) ;
#808 = CARTESIAN_POINT ( 'NONE',  ( 5.029696199582962990, 4.744466099814836468, -0.3809999999999976739 ) ) ;
#809 = DIRECTION ( 'NONE',  ( -5.130477113903260708E-17, -1.665334536937735304E-16, 1.000000000000000000 ) ) ;
#810 = ADVANCED_FACE ( 'NONE', ( #6019 ), #5905, .T. ) ;
#811 = AXIS2_PLACEMENT_3D ( 'NONE', #3883, #6773, #3810 ) ;
#812 = FACE_OUTER_BOUND ( 'NONE', #5798, .T. ) ;
#813 = ORIENTED_EDGE ( 'NONE', *, *, #1323, .F. ) ;
#814 = AXIS2_PLACEMENT_3D ( 'NONE', #5308, #4287, #6600 ) ;
#815 = DIRECTION ( 'NONE',  ( -5.130477113903260708E-17, -1.665334536937735304E-16, 1.000000000000000000 ) ) ;
#816 = ORIENTED_EDGE ( 'NONE', *, *, #6850, .F. ) ;
#817 = ORIENTED_EDGE ( 'NONE', *, *, #3023, .F. ) ;
#818 = CARTESIAN_POINT ( 'NONE',  ( -5.140909707197997669, 4.825999999999997847, -4.444999999999997620 ) ) ;
#819 = AXIS2_PLACEMENT_3D ( 'NONE', #3994, #1098, #565 ) ;
#820 = CARTESIAN_POINT ( 'NONE',  ( 5.140909707198000334, 4.825999999999996071, 4.699000000000003396 ) ) ;
#821 = VECTOR ( 'NONE', #830, 1000.000000000000000 ) ;
#822 = CARTESIAN_POINT ( 'NONE',  ( 5.371941468078001769, 5.947322718753697224, 0.6350000000000027844 ) ) ;
#823 = CARTESIAN_POINT ( 'NONE',  ( 6.223000000000001641, 5.862319999999996867, -2.920999999999997154 ) ) ;
#824 = ORIENTED_EDGE ( 'NONE', *, *, #5866, .T. ) ;
#825 = ORIENTED_EDGE ( 'NONE', *, *, #2545, .F. ) ;
#826 = ORIENTED_EDGE ( 'NONE', *, *, #651, .F. ) ;
#827 = DIRECTION ( 'NONE',  ( -0.000000000000000000, -0.000000000000000000, 1.000000000000000000 ) ) ;
#828 = CARTESIAN_POINT ( 'NONE',  ( 6.223000000000001641, 5.895635414699996524, 2.159000000000002917 ) ) ;
#829 = ADVANCED_FACE ( 'NONE', ( #2560 ), #1829, .F. ) ;
#830 = DIRECTION ( 'NONE',  ( -3.431425595409362857E-17, -1.000000000000000000, -0.000000000000000000 ) ) ;
#831 = DIRECTION ( 'NONE',  ( 1.000000000000000000, -1.371699786071155937E-16, 5.130477113903259476E-17 ) ) ;
#832 = DIRECTION ( 'NONE',  ( 5.130477113903260708E-17, 1.665334536937735304E-16, -1.000000000000000000 ) ) ;
#833 = ORIENTED_EDGE ( 'NONE', *, *, #1438, .F. ) ;
#834 = DIRECTION ( 'NONE',  ( -3.431425595409362857E-17, -1.000000000000000000, -0.000000000000000000 ) ) ;
#835 = VERTEX_POINT ( 'NONE', #3579 ) ;
#836 = EDGE_CURVE ( 'NONE', #1350, #5963, #113, .T. ) ;
#837 = DIRECTION ( 'NONE',  ( -0.5625939497761849317, -0.8267333594788778273, -2.886375383747156989E-17 ) ) ;
#838 = CARTESIAN_POINT ( 'NONE',  ( -4.216399999999999260, 8.689999999999995950, 4.524400000000001754 ) ) ;
#839 = B_SPLINE_CURVE_WITH_KNOTS ( 'NONE', 3,
 ( #625, #2376, #7468, #5729, #5159, #6443 ),
 .UNSPECIFIED., .F., .F.,
 ( 4, 1, 1, 4 ),
 ( 0.000000000000000000, 0.2624677914213000007, 0.5985043770962999998, 1.000000000000000000 ),
 .UNSPECIFIED. ) ;
#840 = DIRECTION ( 'NONE',  ( -5.130477113903260708E-17, -1.665334536937735304E-16, 1.000000000000000000 ) ) ;
#841 = B_SPLINE_SURFACE_WITH_KNOTS ( 'NONE', 3, 1, ( 
 ( #7262, #260 ),
 ( #1503, #6083 ),
 ( #4913, #1439 ),
 ( #3831, #3158 ),
 ( #5476, #3762 ),
 ( #4437, #4983 ) ),
 .UNSPECIFIED., .F., .F., .F.,
 ( 4, 1, 1, 4 ),
 ( 2, 2 ),
 ( 0.007958995328072688766, 0.3406152971556999920, 0.7665139843748000059, 0.9914409422889685075 ),
 ( 0.000000000000000000, 1.000000000000000000 ),
 .UNSPECIFIED. ) ;
#842 = CARTESIAN_POINT ( 'NONE',  ( 5.140909707198140666, 4.825999999999996071, 0.6350000000000035616 ) ) ;
#843 = ORIENTED_EDGE ( 'NONE', *, *, #7098, .F. ) ;
#844 = FACE_OUTER_BOUND ( 'NONE', #4395, .T. ) ;
#845 = CARTESIAN_POINT ( 'NONE',  ( 4.808421041000002560, 4.469740654099996213, 2.159000000000002917 ) ) ;
#846 = EDGE_CURVE ( 'NONE', #638, #3181, #7237, .T. ) ;
#847 = AXIS2_PLACEMENT_3D ( 'NONE', #1553, #3193, #4985 ) ;
#848 = DIRECTION ( 'NONE',  ( 5.130477113903260708E-17, 1.665334536937735304E-16, -1.000000000000000000 ) ) ;
#849 = DIRECTION ( 'NONE',  ( 3.431425595409362857E-17, 1.000000000000000000, 0.000000000000000000 ) ) ;
#850 = PLANE ( 'NONE',  #53 ) ;
#851 = EDGE_LOOP ( 'NONE', ( #5933, #2008, #1893, #6025 ) ) ;
#852 = CARTESIAN_POINT ( 'NONE',  ( -5.507748381188998898, 5.862319999999996867, -1.904999999999997806 ) ) ;
#853 = AXIS2_PLACEMENT_3D ( 'NONE', #4935, #1462, #6069 ) ;
#854 = B_SPLINE_CURVE_WITH_KNOTS ( 'NONE', 3,
 ( #5399, #6609, #171, #1844, #132, #95 ),
 .UNSPECIFIED., .F., .F.,
 ( 4, 1, 1, 4 ),
 ( 0.000000000000000000, 0.2287047143702000129, 0.6617565739328999941, 1.000000000000000000 ),
 .UNSPECIFIED. ) ;
#855 = VERTEX_POINT ( 'NONE', #7276 ) ;
#856 = LINE ( 'NONE', #1074, #2909 ) ;
#857 = EDGE_CURVE ( 'NONE', #1229, #5136, #4968, .T. ) ;
#858 = CARTESIAN_POINT ( 'NONE',  ( -4.808421040999999008, 6.218579345899997612, -2.920999999999997598 ) ) ;
#859 = AXIS2_PLACEMENT_3D ( 'NONE', #3621, #3136, #307 ) ;
#860 = CARTESIAN_POINT ( 'NONE',  ( -6.222999999999998089, 5.862319999999997755, 4.953000000000003844 ) ) ;
#861 = LINE ( 'NONE', #1921, #2500 ) ;
#862 = VERTEX_POINT ( 'NONE', #6670 ) ;
#863 = EDGE_CURVE ( 'NONE', #7226, #1350, #3314, .T. ) ;
#864 = EDGE_LOOP ( 'NONE', ( #3096, #6176, #3294, #3748 ) ) ;
#865 = FACE_OUTER_BOUND ( 'NONE', #1758, .T. ) ;
#866 = FACE_OUTER_BOUND ( 'NONE', #851, .T. ) ;
#867 = CARTESIAN_POINT ( 'NONE',  ( 6.223000000000001641, 4.825999999999997847, 4.953000000000002068 ) ) ;
#868 = VERTEX_POINT ( 'NONE', #4389 ) ;
#869 = CARTESIAN_POINT ( 'NONE',  ( -4.919058026673998718, 6.081215948449798070, -1.904999999999997806 ) ) ;
#870 = ORIENTED_EDGE ( 'NONE', *, *, #6671, .F. ) ;
#871 = ADVANCED_FACE ( 'NONE', ( #6777 ), #3780, .F. ) ;
#872 = CARTESIAN_POINT ( 'NONE',  ( -6.223000000000228127, 4.665481232900038577, 0.6350000000000023404 ) ) ;
#873 = CARTESIAN_POINT ( 'NONE',  ( 2.159000000000001140, 7.112000000000000988, -11.52441814999999714 ) ) ;
#874 = VECTOR ( 'NONE', #3787, 1000.000000000000000 ) ;
#875 = EDGE_CURVE ( 'NONE', #2701, #2980, #2168, .T. ) ;
#876 = LINE ( 'NONE', #5066, #4449 ) ;
#877 = EDGE_LOOP ( 'NONE', ( #3143, #6804, #2601, #3557 ) ) ;
#878 = ADVANCED_FACE ( 'NONE', ( #278 ), #6703, .F. ) ;
#879 = CARTESIAN_POINT ( 'NONE',  ( 6.477000000000002089, 6.002332419999997448, -2.920999999999997154 ) ) ;
#880 = EDGE_CURVE ( 'NONE', #4432, #6696, #2130, .T. ) ;
#881 = VERTEX_POINT ( 'NONE', #4459 ) ;
#882 = DIRECTION ( 'NONE',  ( -5.130477113903260092E-17, 1.760485048530960256E-33, 1.000000000000000000 ) ) ;
#883 = FACE_OUTER_BOUND ( 'NONE', #1607, .T. ) ;
#884 = UNCERTAINTY_MEASURE_WITH_UNIT (LENGTH_MEASURE( 1.000000000000000082E-05 ), #3252, 'distance_accuracy_value', 'NONE');
#885 = DIRECTION ( 'NONE',  ( -5.130477113903260708E-17, -1.665334536937735304E-16, 1.000000000000000000 ) ) ;
#886 = DIRECTION ( 'NONE',  ( -1.201410850312335721E-17, 0.7071067811865474617, 0.7071067811865475727 ) ) ;
#887 = CARTESIAN_POINT ( 'NONE',  ( 4.980928442999964290, 6.472079448499693299, 4.699000000000003396 ) ) ;
#888 = ORIENTED_EDGE ( 'NONE', *, *, #7275, .T. ) ;
#889 = DIRECTION ( 'NONE',  ( 5.130477113903260708E-17, 1.665334536937735304E-16, -1.000000000000000000 ) ) ;
#890 = ORIENTED_EDGE ( 'NONE', *, *, #3474, .F. ) ;
#891 = CARTESIAN_POINT ( 'NONE',  ( 6.223000000000001641, 4.232135350799997475, -2.920999999999997154 ) ) ;
#892 = CARTESIAN_POINT ( 'NONE',  ( 6.223000000000001641, 4.792684585299996414, 2.159000000000002917 ) ) ;
#893 = EDGE_CURVE ( 'NONE', #3648, #3063, #7387, .T. ) ;
#894 = CARTESIAN_POINT ( 'NONE',  ( 7.772400000000001086, 0.5079999999999971205, -0.3809999999999976739 ) ) ;
#895 = FACE_OUTER_BOUND ( 'NONE', #5467, .T. ) ;
#896 = B_SPLINE_CURVE_WITH_KNOTS ( 'NONE', 3,
 ( #5390, #2570, #4905, #4822 ),
 .UNSPECIFIED., .F., .F.,
 ( 4, 4 ),
 ( 0.000000000000000000, 1.000000000000000000 ),
 .UNSPECIFIED. ) ;
#897 = ORIENTED_EDGE ( 'NONE', *, *, #406, .T. ) ;
#898 = ORIENTED_EDGE ( 'NONE', *, *, #4688, .F. ) ;
#899 = B_SPLINE_SURFACE_WITH_KNOTS ( 'NONE', 3, 1, ( 
 ( #1147, #6286 ),
 ( #2856, #6970 ),
 ( #3430, #1225 ),
 ( #5754, #4627 ),
 ( #3467, #33 ) ),
 .UNSPECIFIED., .F., .F., .F.,
 ( 4, 1, 4 ),
 ( 2, 2 ),
 ( 0.01043166776924787931, 0.2126490142704000053, 0.5410955592671722325 ),
 ( 0.000000000000000000, 1.000000000000000000 ),
 .UNSPECIFIED. ) ;
#900 = DIRECTION ( 'NONE',  ( 0.000000000000000000, 1.000000000000000000, 0.000000000000000000 ) ) ;
#901 = CARTESIAN_POINT ( 'NONE',  ( -5.507748381188998898, 4.825999999999996959, -0.3809999999999976739 ) ) ;
#902 = B_SPLINE_CURVE_WITH_KNOTS ( 'NONE', 3,
 ( #5788, #1256, #5864, #5225, #7539 ),
 .UNSPECIFIED., .F., .F.,
 ( 4, 1, 4 ),
 ( 0.000000000000000000, 0.3810648246831000452, 1.000000000000000000 ),
 .UNSPECIFIED. ) ;
#903 = DIRECTION ( 'NONE',  ( -0.000000000000000000, -0.000000000000000000, 1.000000000000000000 ) ) ;
#904 = ORIENTED_EDGE ( 'NONE', *, *, #682, .F. ) ;
#905 = DIRECTION ( 'NONE',  ( 1.000000000000000000, 0.000000000000000000, 0.000000000000000000 ) ) ;
#906 = ORIENTED_EDGE ( 'NONE', *, *, #2868, .T. ) ;
#907 = CARTESIAN_POINT ( 'NONE',  ( 6.109955650407002281, 4.159618444802998027, -4.444999999999996732 ) ) ;
#908 = PLANE ( 'NONE',  #6515 ) ;
#909 = LINE ( 'NONE', #7377, #1532 ) ;
#910 = ORIENTED_EDGE ( 'NONE', *, *, #4134, .T. ) ;
#911 = DIRECTION ( 'NONE',  ( -1.000000000000000000, 3.431425595409362857E-17, -5.130477113903259476E-17 ) ) ;
#912 = VECTOR ( 'NONE', #1952, 999.9999999999998863 ) ;
#913 = VERTEX_POINT ( 'NONE', #7311 ) ;
#914 = CARTESIAN_POINT ( 'NONE',  ( 7.772400000000001086, -2.602085213965210642E-15, -0.8889999999999974589 ) ) ;
#915 = CARTESIAN_POINT ( 'NONE',  ( 5.679736218423001581, 4.689207125507996565, 4.699000000000003396 ) ) ;
#916 = DIRECTION ( 'NONE',  ( 5.130477113903260708E-17, 1.665334536937735304E-16, -1.000000000000000000 ) ) ;
#917 = EDGE_CURVE ( 'NONE', #423, #3099, #4495, .T. ) ;
#918 = CARTESIAN_POINT ( 'NONE',  ( -6.222999999999997200, -2.794000000000000483, -3.428999999999997605 ) ) ;
#919 = STYLED_ITEM ( 'NONE', ( #6581 ), #2172 ) ;
#920 = DIRECTION ( 'NONE',  ( 1.000000000000000000, -3.431425595409362857E-17, 5.130477113903260092E-17 ) ) ;
#921 = VERTEX_POINT ( 'NONE', #3283 ) ;
#922 = DIRECTION ( 'NONE',  ( 5.130477113903260092E-17, 1.665334536937735304E-16, -1.000000000000000000 ) ) ;
#923 = VECTOR ( 'NONE', #4512, 1000.000000000000000 ) ;
#924 = VECTOR ( 'NONE', #1053, 1000.000000000000000 ) ;
#925 = ORIENTED_EDGE ( 'NONE', *, *, #6041, .F. ) ;
#926 = DIRECTION ( 'NONE',  ( -0.8267333594788779383, 0.5625939497761849317, 5.127534768238203213E-17 ) ) ;
#927 = AXIS2_PLACEMENT_3D ( 'NONE', #6112, #903, #1551 ) ;
#928 = PLANE ( 'NONE',  #3001 ) ;
#929 = VECTOR ( 'NONE', #3506, 1000.000000000000000 ) ;
#930 = LINE ( 'NONE', #1075, #6452 ) ;
#931 = VECTOR ( 'NONE', #2814, 1000.000000000000000 ) ;
#932 = LINE ( 'NONE', #467, #2381 ) ;
#933 = ORIENTED_EDGE ( 'NONE', *, *, #7113, .F. ) ;
#934 = ORIENTED_EDGE ( 'NONE', *, *, #2193, .F. ) ;
#935 = VECTOR ( 'NONE', #4771, 1000.000000000000000 ) ;
#936 = EDGE_CURVE ( 'NONE', #6771, #756, #6277, .T. ) ;
#937 = VECTOR ( 'NONE', #5246, 1000.000000000000000 ) ;
#938 = CARTESIAN_POINT ( 'NONE',  ( -5.679736218422999805, 4.689207125507996565, 4.699000000000003396 ) ) ;
#939 = DIRECTION ( 'NONE',  ( -1.000000000000000000, 3.431425595409362857E-17, -5.130477113903259476E-17 ) ) ;
#940 = CIRCLE ( 'NONE', #6398, 1.015999999999999570 ) ;
#941 = VECTOR ( 'NONE', #1386, 1000.000000000000000 ) ;
#942 = CARTESIAN_POINT ( 'NONE',  ( -6.476999999999998536, -2.794000000000002260, 4.191000000000001613 ) ) ;
#943 = VERTEX_POINT ( 'NONE', #310 ) ;
#944 = CARTESIAN_POINT ( 'NONE',  ( -2.158999999999999364, 3.556000000000000050, -5.422899999999997611 ) ) ;
#945 = ORIENTED_EDGE ( 'NONE', *, *, #4368, .F. ) ;
#946 = LINE ( 'NONE', #6796, #7117 ) ;
#947 = ADVANCED_FACE ( 'NONE', ( #6206 ), #207, .T. ) ;
#948 = DIRECTION ( 'NONE',  ( 5.130477113903260708E-17, 1.665334536937735304E-16, -1.000000000000000000 ) ) ;
#949 = CARTESIAN_POINT ( 'NONE',  ( -5.724327148805998355, 4.081300973171996915, 2.159000000000002917 ) ) ;
#950 = ORIENTED_EDGE ( 'NONE', *, *, #535, .F. ) ;
#951 = CARTESIAN_POINT ( 'NONE',  ( -5.029696186833999327, 4.744466083986996985, 2.159000000000002917 ) ) ;
#952 = ORIENTED_EDGE ( 'NONE', *, *, #3733, .T. ) ;
#953 = CARTESIAN_POINT ( 'NONE',  ( -4.808421040999999008, 6.218579345899996724, 3.175000000000002487 ) ) ;
#954 = CARTESIAN_POINT ( 'NONE',  ( 5.140909707197978129, 4.825999999999996959, -2.920999999999997154 ) ) ;
#955 = LINE ( 'NONE', #3849, #1609 ) ;
#956 = CARTESIAN_POINT ( 'NONE',  ( -6.222999999999998089, 5.895635414699998300, -4.444999999999997620 ) ) ;
#957 = CARTESIAN_POINT ( 'NONE',  ( 6.223000000000213028, 6.022838767099995216, 3.175000000000004263 ) ) ;
#958 = ORIENTED_EDGE ( 'NONE', *, *, #4039, .F. ) ;
#959 = DIRECTION ( 'NONE',  ( -0.000000000000000000, -0.000000000000000000, 1.000000000000000000 ) ) ;
#960 = B_SPLINE_SURFACE_WITH_KNOTS ( 'NONE', 3, 1, ( 
 ( #136, #5278 ),
 ( #54, #4263 ),
 ( #1931, #2388 ),
 ( #4793, #3561 ),
 ( #6574, #5322 ),
 ( #3528, #711 ) ),
 .UNSPECIFIED., .F., .F., .F.,
 ( 4, 1, 1, 4 ),
 ( 2, 2 ),
 ( 0.007490355435017930288, 0.4025913527100000167, 0.7332758799206000599, 0.9915633411122035668 ),
 ( 0.000000000000000000, 1.000000000000000000 ),
 .UNSPECIFIED. ) ;
#961 = EDGE_LOOP ( 'NONE', ( #3664, #1823, #774, #4198, #2361, #5011, #5763, #6785 ) ) ;
#962 = VECTOR ( 'NONE', #3608, 1000.000000000000000 ) ;
#963 = EDGE_CURVE ( 'NONE', #4049, #1694, #3240, .T. ) ;
#964 = CARTESIAN_POINT ( 'NONE',  ( 4.808421041000002560, 4.469740654099997101, -2.920999999999997154 ) ) ;
#965 = VERTEX_POINT ( 'NONE', #383 ) ;
#966 = CARTESIAN_POINT ( 'NONE',  ( -4.808421040999999896, 6.218579345899995836, 4.699000000000003396 ) ) ;
#967 = AXIS2_PLACEMENT_3D ( 'NONE', #5263, #3509, #1112 ) ;
#968 = LINE ( 'NONE', #3291, #3606 ) ;
#969 = EDGE_CURVE ( 'NONE', #5651, #2319, #2713, .T. ) ;
#970 = ORIENTED_EDGE ( 'NONE', *, *, #5344, .T. ) ;
#971 = ADVANCED_FACE ( 'NONE', ( #1605 ), #1175, .T. ) ;
#972 = ORIENTED_EDGE ( 'NONE', *, *, #535, .T. ) ;
#973 = EDGE_CURVE ( 'NONE', #4430, #5912, #3615, .T. ) ;
#974 = FACE_OUTER_BOUND ( 'NONE', #3325, .T. ) ;
#975 = CARTESIAN_POINT ( 'NONE',  ( 6.477000000000002089, -2.794000000000002260, 1.651000000000002244 ) ) ;
#976 = LINE ( 'NONE', #5691, #6511 ) ;
#977 = AXIS2_PLACEMENT_3D ( 'NONE', #1818, #6917, #3569 ) ;
#978 = CARTESIAN_POINT ( 'NONE',  ( 6.223000000000001641, -2.794000000000000483, -4.952999999999997627 ) ) ;
#979 = VERTEX_POINT ( 'NONE', #3922 ) ;
#980 = CARTESIAN_POINT ( 'NONE',  ( 6.477000000000002089, -2.602085213965210642E-15, -1.396999999999996689 ) ) ;
#981 = EDGE_LOOP ( 'NONE', ( #5772, #6853, #664, #469, #5552, #5810, #4673, #2791 ) ) ;
#982 = CARTESIAN_POINT ( 'NONE',  ( 5.724327148806001908, 4.081300973171996915, -4.444999999999996732 ) ) ;
#983 = LINE ( 'NONE', #2194, #2510 ) ;
#984 = ADVANCED_FACE ( 'NONE', ( #1677 ), #5800, .T. ) ;
#985 = EDGE_CURVE ( 'NONE', #4391, #4430, #7498, .T. ) ;
#986 = CARTESIAN_POINT ( 'NONE',  ( 4.980928443000002481, 4.216240551499997657, -4.444999999999997620 ) ) ;
#987 = EDGE_LOOP ( 'NONE', ( #6036, #231, #2691, #5612 ) ) ;
#988 = DIRECTION ( 'NONE',  ( 6.054179465614431083E-17, 0.7071067811865475727, -0.7071067811865474617 ) ) ;
#989 = ORIENTED_EDGE ( 'NONE', *, *, #7158, .T. ) ;
#990 = VERTEX_POINT ( 'NONE', #6276 ) ;
#991 = DIRECTION ( 'NONE',  ( 0.5625939497761849317, 0.8267333594788778273, 2.886375383747156989E-17 ) ) ;
#992 = DIRECTION ( 'NONE',  ( -0.5625939497761849317, -0.8267333594788778273, -2.886375383747156989E-17 ) ) ;
#993 = CARTESIAN_POINT ( 'NONE',  ( -5.679736216059531273, 4.689207129279820307, -0.3809999999999977294 ) ) ;
#994 = CARTESIAN_POINT ( 'NONE',  ( 6.223000000000000753, -2.717800000000003546, 3.683000000000002050 ) ) ;
#995 = CARTESIAN_POINT ( 'NONE',  ( 5.507748381189002451, 4.825999999999996959, -1.904999999999996918 ) ) ;
#996 = ORIENTED_EDGE ( 'NONE', *, *, #6363, .F. ) ;
#997 = CARTESIAN_POINT ( 'NONE',  ( -3.962399999999998812, 8.689999999999995950, 4.470400000000003260 ) ) ;
#998 = AXIS2_PLACEMENT_3D ( 'NONE', #860, #6783, #1578 ) ;
#999 = ORIENTED_EDGE ( 'NONE', *, *, #7385, .T. ) ;
#1000 = CARTESIAN_POINT ( 'NONE',  ( -3.962399999999997924, 1.977999999999997982, -4.470399999999997931 ) ) ;
#1001 = CARTESIAN_POINT ( 'NONE',  ( -1.143000000000000016, 3.556000000000001826, -11.52441814999996161 ) ) ;
#1002 = EDGE_CURVE ( 'NONE', #6454, #1483, #3808, .T. ) ;
#1003 = CARTESIAN_POINT ( 'NONE',  ( -5.724327148805998355, 4.081300973171996915, 0.6350000000000027844 ) ) ;
#1004 = ORIENTED_EDGE ( 'NONE', *, *, #5692, .F. ) ;
#1005 = VERTEX_POINT ( 'NONE', #26 ) ;
#1006 = DIRECTION ( 'NONE',  ( 3.431425595409362857E-17, 1.000000000000000000, 0.000000000000000000 ) ) ;
#1007 = DIRECTION ( 'NONE',  ( 1.000000000000000000, -3.431425595409362857E-17, 5.130477113903260092E-17 ) ) ;
#1008 = EDGE_CURVE ( 'NONE', #2913, #703, #2779, .T. ) ;
#1009 = LINE ( 'NONE', #6858, #2255 ) ;
#1010 = EDGE_CURVE ( 'NONE', #3586, #921, #2438, .T. ) ;
#1011 = DIRECTION ( 'NONE',  ( -5.130477113903260708E-17, -1.665334536937735304E-16, 1.000000000000000000 ) ) ;
#1012 = ORIENTED_EDGE ( 'NONE', *, *, #3899, .T. ) ;
#1013 = CARTESIAN_POINT ( 'NONE',  ( -5.371700992470997527, 4.741020151570097596, -4.444999999999997620 ) ) ;
#1014 = ORIENTED_EDGE ( 'NONE', *, *, #3929, .T. ) ;
#1015 = CARTESIAN_POINT ( 'NONE',  ( 6.477000000000002089, 6.002332419999996560, 2.159000000000002917 ) ) ;
#1016 = PLANE ( 'NONE',  #4829 ) ;
#1017 = ORIENTED_EDGE ( 'NONE', *, *, #1397, .T. ) ;
#1018 = PLANE ( 'NONE',  #1638 ) ;
#1019 = VERTEX_POINT ( 'NONE', #2934 ) ;
#1020 = CARTESIAN_POINT ( 'NONE',  ( 4.980928443000001593, 4.216240551499995881, 4.699000000000003396 ) ) ;
#1021 = EDGE_CURVE ( 'NONE', #3979, #6582, #1981, .T. ) ;
#1022 = CARTESIAN_POINT ( 'NONE',  ( -3.962399999999998812, 1.977999999999994873, 4.724400000000001931 ) ) ;
#1023 = CARTESIAN_POINT ( 'NONE',  ( 6.223000000000001641, -2.794000000000000483, -4.952999999999997627 ) ) ;
#1024 = FACE_OUTER_BOUND ( 'NONE', #6519, .T. ) ;
#1025 = CARTESIAN_POINT ( 'NONE',  ( 6.223000000000001641, 5.895635414699997412, -1.904999999999996918 ) ) ;
#1026 = ORIENTED_EDGE ( 'NONE', *, *, #7333, .T. ) ;
#1027 = VECTOR ( 'NONE', #1482, 1000.000000000000000 ) ;
#1028 = DIRECTION ( 'NONE',  ( 5.130477113903260708E-17, 1.665334536937735304E-16, -1.000000000000000000 ) ) ;
#1029 = ORIENTED_EDGE ( 'NONE', *, *, #4248, .F. ) ;
#1030 = CARTESIAN_POINT ( 'NONE',  ( -6.222999999999998977, 5.895635414699996524, 4.699000000000003396 ) ) ;
#1031 = B_SPLINE_CURVE_WITH_KNOTS ( 'NONE', 3,
 ( #717, #5327, #2507, #4303, #795 ),
 .UNSPECIFIED., .F., .F.,
 ( 4, 1, 4 ),
 ( 0.000000000000000000, 0.6189351753168998993, 1.000000000000000000 ),
 .UNSPECIFIED. ) ;
#1032 = CIRCLE ( 'NONE', #1278, 1.015999999999999570 ) ;
#1033 = EDGE_CURVE ( 'NONE', #2675, #3014, #609, .T. ) ;
#1034 = CARTESIAN_POINT ( 'NONE',  ( 6.223000000000001641, 4.232135350799997475, -1.904999999999996918 ) ) ;
#1035 = DIRECTION ( 'NONE',  ( 1.000000000000000000, -3.431425595409362857E-17, 5.130477113903259476E-17 ) ) ;
#1036 = ORIENTED_EDGE ( 'NONE', *, *, #1397, .F. ) ;
#1037 = ORIENTED_EDGE ( 'NONE', *, *, #6561, .F. ) ;
#1038 = VECTOR ( 'NONE', #126, 1000.000000000000000 ) ;
#1039 = CARTESIAN_POINT ( 'NONE',  ( 2.159000000000001140, 6.731000000000000760, -11.52441814999999714 ) ) ;
#1040 = AXIS2_PLACEMENT_3D ( 'NONE', #7257, #2038, #4366 ) ;
#1041 = CARTESIAN_POINT ( 'NONE',  ( -3.962399999999997924, 8.689999999999995950, -4.470399999999997931 ) ) ;
#1042 = DIRECTION ( 'NONE',  ( 3.431425595409362857E-17, 1.000000000000000000, 0.000000000000000000 ) ) ;
#1043 = ORIENTED_EDGE ( 'NONE', *, *, #3821, .F. ) ;
#1044 = VECTOR ( 'NONE', #991, 999.9999999999998863 ) ;
#1045 = EDGE_LOOP ( 'NONE', ( #2802, #2275, #2354, #4467 ) ) ;
#1046 = FACE_OUTER_BOUND ( 'NONE', #6730, .T. ) ;
#1047 = ORIENTED_EDGE ( 'NONE', *, *, #3715, .F. ) ;
#1048 = VECTOR ( 'NONE', #6579, 1000.000000000000000 ) ;
#1049 = CARTESIAN_POINT ( 'NONE',  ( 5.140909707198001222, 5.862319999999996867, -0.3809999999999976739 ) ) ;
#1050 = ORIENTED_EDGE ( 'NONE', *, *, #636, .F. ) ;
#1051 = LINE ( 'NONE', #2803, #3043 ) ;
#1052 = EDGE_CURVE ( 'NONE', #35, #4197, #3459, .T. ) ;
#1053 = DIRECTION ( 'NONE',  ( -1.000000000000000000, 3.431425595409362857E-17, -5.130477113903259476E-17 ) ) ;
#1054 = VECTOR ( 'NONE', #4192, 999.9999999999998863 ) ;
#1055 = CARTESIAN_POINT ( 'NONE',  ( -5.371700992470997527, 4.741020151570096708, -0.3809999999999983400 ) ) ;
#1056 = AXIS2_PLACEMENT_3D ( 'NONE', #3977, #4636, #5759 ) ;
#1057 = LINE ( 'NONE', #2349, #5540 ) ;
#1058 = ORIENTED_EDGE ( 'NONE', *, *, #5117, .F. ) ;
#1059 = ADVANCED_FACE ( 'NONE', ( #3385 ), #3421, .T. ) ;
#1060 = PLANE ( 'NONE',  #1332 ) ;
#1061 = ORIENTED_EDGE ( 'NONE', *, *, #1750, .T. ) ;
#1062 = ADVANCED_FACE ( 'NONE', ( #5713 ), #4244, .T. ) ;
#1063 = ORIENTED_EDGE ( 'NONE', *, *, #3215, .F. ) ;
#1064 = CARTESIAN_POINT ( 'NONE',  ( 6.477000000000002089, 6.002332419999996560, 2.159000000000002917 ) ) ;
#1065 = FACE_OUTER_BOUND ( 'NONE', #2006, .T. ) ;
#1066 = CARTESIAN_POINT ( 'NONE',  ( 4.980928443000002481, 6.472079448499996168, 3.175000000000002487 ) ) ;
#1067 = DIRECTION ( 'NONE',  ( 0.000000000000000000, 1.000000000000000000, 0.000000000000000000 ) ) ;
#1068 = DIRECTION ( 'NONE',  ( -3.431425595409362857E-17, -1.000000000000000000, -0.000000000000000000 ) ) ;
#1069 = ADVANCED_FACE ( 'NONE', ( #6999 ), #4689, .T. ) ;
#1070 = ORIENTED_EDGE ( 'NONE', *, *, #3901, .F. ) ;
#1071 = DIRECTION ( 'NONE',  ( 0.000000000000000000, 0.000000000000000000, 1.000000000000000000 ) ) ;
#1072 = ADVANCED_FACE ( 'NONE', ( #1024 ), #3349, .T. ) ;
#1073 = DIRECTION ( 'NONE',  ( 3.431425595409362857E-17, 1.000000000000000000, 0.000000000000000000 ) ) ;
#1074 = CARTESIAN_POINT ( 'NONE',  ( -6.222999999999998089, 4.232135350799997475, 2.159000000000002917 ) ) ;
#1075 = CARTESIAN_POINT ( 'NONE',  ( 6.223000000000001641, -2.602085213965210642E-15, -1.396999999999996689 ) ) ;
#1076 = CARTESIAN_POINT ( 'NONE',  ( -2.158999999999999364, 3.556000000000001826, -12.57299999999995954 ) ) ;
#1077 = ORIENTED_EDGE ( 'NONE', *, *, #3914, .F. ) ;
#1078 = ORIENTED_EDGE ( 'NONE', *, *, #254, .F. ) ;
#1079 = CARTESIAN_POINT ( 'NONE',  ( 5.371700992471001079, 4.741020151570095820, 2.159000000000002917 ) ) ;
#1080 = VECTOR ( 'NONE', #7022, 1000.000000000000000 ) ;
#1081 = LINE ( 'NONE', #587, #2875 ) ;
#1082 = CARTESIAN_POINT ( 'NONE',  ( 5.825466848181001467, 6.796669658390996460, 2.159000000000002917 ) ) ;
#1083 = ADVANCED_FACE ( 'NONE', ( #1636 ), #1549, .T. ) ;
#1084 = FACE_OUTER_BOUND ( 'NONE', #490, .T. ) ;
#1085 = ORIENTED_EDGE ( 'NONE', *, *, #7098, .T. ) ;
#1086 = CARTESIAN_POINT ( 'NONE',  ( 5.959238082004001846, 6.445103080248996363, 2.159000000000002917 ) ) ;
#1087 = AXIS2_PLACEMENT_3D ( 'NONE', #1076, #2331, #4586 ) ;
#1088 = EDGE_LOOP ( 'NONE', ( #5203, #3452, #2763, #5282 ) ) ;
#1089 = CARTESIAN_POINT ( 'NONE',  ( -5.140909707197969247, 4.825999999999996959, 3.175000000000002487 ) ) ;
#1090 = CARTESIAN_POINT ( 'NONE',  ( -4.980928442999961625, 6.472079448499694188, 0.6350000000000027844 ) ) ;
#1091 = CARTESIAN_POINT ( 'NONE',  ( -6.476999999999998536, -2.794000000000002260, 3.683000000000002050 ) ) ;
#1092 = VECTOR ( 'NONE', #7197, 1000.000000000000000 ) ;
#1093 = DIRECTION ( 'NONE',  ( 1.201410850312336183E-17, -0.7071067811865474617, -0.7071067811865475727 ) ) ;
#1094 = EDGE_CURVE ( 'NONE', #6225, #611, #190, .T. ) ;
#1095 = VERTEX_POINT ( 'NONE', #1334 ) ;
#1096 = CARTESIAN_POINT ( 'NONE',  ( 4.808421041000002560, 6.218579345899996724, -0.3809999999999976739 ) ) ;
#1097 = EDGE_LOOP ( 'NONE', ( #3841, #6415, #4338, #3756 ) ) ;
#1098 = DIRECTION ( 'NONE',  ( 0.8267333594788779383, 0.5625939497761849317, 1.361060792845168385E-16 ) ) ;
#1099 = LINE ( 'NONE', #7532, #3892 ) ;
#1100 = LINE ( 'NONE', #3213, #3970 ) ;
#1101 = EDGE_CURVE ( 'NONE', #4577, #4211, #4764, .T. ) ;
#1102 = CARTESIAN_POINT ( 'NONE',  ( -5.029696199582889271, 4.744466099814926174, 0.6350000000000035616 ) ) ;
#1103 = CARTESIAN_POINT ( 'NONE',  ( -6.222999999999998977, 5.895635414699996524, 4.699000000000003396 ) ) ;
#1104 = EDGE_CURVE ( 'NONE', #4777, #3369, #5408, .T. ) ;
#1105 = CARTESIAN_POINT ( 'NONE',  ( -6.109955650406998728, 4.159618444802998027, -1.904999999999997806 ) ) ;
#1106 = VERTEX_POINT ( 'NONE', #3573 ) ;
#1107 = EDGE_CURVE ( 'NONE', #6342, #4723, #4579, .T. ) ;
#1108 = FACE_OUTER_BOUND ( 'NONE', #1764, .T. ) ;
#1109 = LINE ( 'NONE', #1185, #2864 ) ;
#1110 = CARTESIAN_POINT ( 'NONE',  ( 1.500158062329150141E-15, 5.344159999999996913, -0.3809999999999976739 ) ) ;
#1111 = FILL_AREA_STYLE ('',( #6318 ) ) ;
#1112 = DIRECTION ( 'NONE',  ( 1.000000000000000000, 0.000000000000000000, 0.000000000000000000 ) ) ;
#1113 = MECHANICAL_DESIGN_GEOMETRIC_PRESENTATION_REPRESENTATION (  '', ( #7195 ), #2202 ) ;
#1114 = DIRECTION ( 'NONE',  ( -0.5625939497761849317, 0.8267333594788778273, -2.886375383747156989E-17 ) ) ;
#1115 = ORIENTED_EDGE ( 'NONE', *, *, #6041, .T. ) ;
#1116 = VERTEX_POINT ( 'NONE', #6543 ) ;
#1117 = VECTOR ( 'NONE', #1676, 1000.000000000000000 ) ;
#1118 = EDGE_CURVE ( 'NONE', #213, #881, #799, .T. ) ;
#1119 = CARTESIAN_POINT ( 'NONE',  ( -6.222999999999998089, 4.665481232899997721, -1.904999999999997806 ) ) ;
#1120 = CARTESIAN_POINT ( 'NONE',  ( -5.507748377663705952, 4.826000002803728428, 4.699000000000004285 ) ) ;
#1121 = CARTESIAN_POINT ( 'NONE',  ( 6.477000000000029623, 6.364590498671153895, -2.920999999999997598 ) ) ;
#1122 = CARTESIAN_POINT ( 'NONE',  ( -6.476999999999998536, 6.364590498671996777, 3.175000000000002487 ) ) ;
#1123 = ORIENTED_EDGE ( 'NONE', *, *, #3864, .F. ) ;
#1124 = DIRECTION ( 'NONE',  ( 1.000000000000000000, -3.431425595409362857E-17, 5.130477113903259476E-17 ) ) ;
#1125 = ORIENTED_EDGE ( 'NONE', *, *, #5059, .T. ) ;
#1126 = CYLINDRICAL_SURFACE ( 'NONE', #3394, 0.2000000000000000944 ) ;
#1127 = CARTESIAN_POINT ( 'NONE',  ( -4.808421040999999008, 4.469740654099997990, -4.444999999999997620 ) ) ;
#1128 = CARTESIAN_POINT ( 'NONE',  ( -3.962399999999997036, 24.22086697599999638, -4.470399999999997931 ) ) ;
#1129 = EDGE_CURVE ( 'NONE', #6722, #6312, #3051, .T. ) ;
#1130 = ADVANCED_FACE ( 'NONE', ( #7152 ), #5894, .T. ) ;
#1131 = DIRECTION ( 'NONE',  ( 6.054179465614431083E-17, 0.7071067811865475727, -0.7071067811865474617 ) ) ;
#1132 = EDGE_LOOP ( 'NONE', ( #45, #6664, #4089, #5154 ) ) ;
#1133 = CARTESIAN_POINT ( 'NONE',  ( -5.679736218422998917, 5.999112874491997260, 2.159000000000002917 ) ) ;
#1134 = ORIENTED_EDGE ( 'NONE', *, *, #2783, .F. ) ;
#1135 = DIRECTION ( 'NONE',  ( 1.000000000000000000, 0.000000000000000000, 0.000000000000000000 ) ) ;
#1136 = ORIENTED_EDGE ( 'NONE', *, *, #5014, .T. ) ;
#1137 = CARTESIAN_POINT ( 'NONE',  ( 5.029696186834001992, 5.943853916012996841, 2.159000000000002917 ) ) ;
#1138 = DIRECTION ( 'NONE',  ( 5.130477113903260708E-17, 1.665334536937735304E-16, -1.000000000000000000 ) ) ;
#1139 = CARTESIAN_POINT ( 'NONE',  ( -4.980928442999998929, 6.472079448499997945, -4.444999999999997620 ) ) ;
#1140 = CARTESIAN_POINT ( 'NONE',  ( -5.507748381188999787, 5.862319999999997755, 4.699000000000003396 ) ) ;
#1141 = PRESENTATION_STYLE_ASSIGNMENT (( #1219 ) ) ;
#1142 = VERTEX_POINT ( 'NONE', #184 ) ;
#1143 = LINE ( 'NONE', #2851, #790 ) ;
#1144 = LINE ( 'NONE', #7542, #3000 ) ;
#1145 = DIRECTION ( 'NONE',  ( 0.000000000000000000, -1.000000000000000000, 0.000000000000000000 ) ) ;
#1146 = ADVANCED_FACE ( 'NONE', ( #5287 ), #5331, .T. ) ;
#1147 = CARTESIAN_POINT ( 'NONE',  ( -6.223000000000387111, 4.792684585299992861, -2.920999999999998042 ) ) ;
#1148 = CARTESIAN_POINT ( 'NONE',  ( -6.222999999999998089, 4.792684585299998190, -0.3809999999999976739 ) ) ;
#1149 = ORIENTED_EDGE ( 'NONE', *, *, #4026, .F. ) ;
#1150 = ORIENTED_EDGE ( 'NONE', *, *, #3901, .T. ) ;
#1151 = AXIS2_PLACEMENT_3D ( 'NONE', #421, #2784, #1071 ) ;
#1152 = LINE ( 'NONE', #4510, #1770 ) ;
#1153 = FACE_OUTER_BOUND ( 'NONE', #6913, .T. ) ;
#1154 = CARTESIAN_POINT ( 'NONE',  ( -6.222999999999998089, 4.232135350799997475, -0.3809999999999976739 ) ) ;
#1155 =( GEOMETRIC_REPRESENTATION_CONTEXT ( 3 ) GLOBAL_UNCERTAINTY_ASSIGNED_CONTEXT ( ( #4311 ) ) GLOBAL_UNIT_ASSIGNED_CONTEXT ( ( #3052, #144, #7109 ) ) REPRESENTATION_CONTEXT ( 'NONE', 'WORKASPACE' ) );
#1156 = EDGE_LOOP ( 'NONE', ( #5668, #4326, #3728, #2061 ) ) ;
#1157 = CARTESIAN_POINT ( 'NONE',  ( -5.825466848180997914, 6.796669658390997348, 3.175000000000002487 ) ) ;
#1158 = ADVANCED_FACE ( 'NONE', ( #1939 ), #6580, .T. ) ;
#1159 = ORIENTED_EDGE ( 'NONE', *, *, #2870, .T. ) ;
#1160 = DIRECTION ( 'NONE',  ( -0.000000000000000000, -0.000000000000000000, 1.000000000000000000 ) ) ;
#1161 = ORIENTED_EDGE ( 'NONE', *, *, #1129, .T. ) ;
#1162 = AXIS2_PLACEMENT_3D ( 'NONE', #4435, #6251, #6055 ) ;
#1163 = VECTOR ( 'NONE', #750, 1000.000000000000000 ) ;
#1164 = CARTESIAN_POINT ( 'NONE',  ( 5.140909707198066947, 5.862319999999995090, 0.6350000000000027844 ) ) ;
#1165 = CARTESIAN_POINT ( 'NONE',  ( -5.140909707197998557, 4.825999999999996959, 4.699000000000003396 ) ) ;
#1166 = AXIS2_PLACEMENT_3D ( 'NONE', #4993, #7303, #5626 ) ;
#1167 = CARTESIAN_POINT ( 'NONE',  ( 1.143000000000000682, 7.112000000000000988, -8.524399999720998267 ) ) ;
#1168 = AXIS2_PLACEMENT_3D ( 'NONE', #7459, #6888, #6847 ) ;
#1169 = VECTOR ( 'NONE', #4884, 1000.000000000000000 ) ;
#1170 = DIRECTION ( 'NONE',  ( 1.000000000000000000, -3.431425595409362857E-17, 5.130477113903260092E-17 ) ) ;
#1171 = VERTEX_POINT ( 'NONE', #7108 ) ;
#1172 = CARTESIAN_POINT ( 'NONE',  ( -6.222999999999997200, -2.794000000000000483, -3.936999999999997613 ) ) ;
#1173 = ORIENTED_EDGE ( 'NONE', *, *, #710, .F. ) ;
#1174 = EDGE_CURVE ( 'NONE', #1116, #6733, #5977, .T. ) ;
#1175 = TOROIDAL_SURFACE ( 'NONE', #5439, 0.7619999999999987894, 0.2539999999999998925 ) ;
#1176 = ORIENTED_EDGE ( 'NONE', *, *, #1769, .F. ) ;
#1177 = CARTESIAN_POINT ( 'NONE',  ( 6.222999999999740517, 5.895635414699995636, -2.920999999999997154 ) ) ;
#1178 = AXIS2_PLACEMENT_3D ( 'NONE', #1041, #3365, #7258 ) ;
#1179 = CARTESIAN_POINT ( 'NONE',  ( -4.016399999999999970, 1.777999999999996694, -4.470399999999997931 ) ) ;
#1180 = DIRECTION ( 'NONE',  ( -3.431425595409362857E-17, -1.000000000000000000, -0.000000000000000000 ) ) ;
#1181 = CARTESIAN_POINT ( 'NONE',  ( -5.140909714137239739, 5.862319994912670751, 4.699000000000003396 ) ) ;
#1182 = DIRECTION ( 'NONE',  ( 0.000000000000000000, 1.000000000000000000, 0.000000000000000000 ) ) ;
#1183 = EDGE_LOOP ( 'NONE', ( #2693, #4210, #5449, #7527 ) ) ;
#1184 = CARTESIAN_POINT ( 'NONE',  ( -6.476999999999997648, -2.794000000000000483, -0.8889999999999974589 ) ) ;
#1185 = CARTESIAN_POINT ( 'NONE',  ( 6.477000000000002089, -2.717800000000001770, -0.8889999999999974589 ) ) ;
#1186 = DIRECTION ( 'NONE',  ( -5.130477113903260708E-17, -1.665334536937735304E-16, 1.000000000000000000 ) ) ;
#1187 = FACE_OUTER_BOUND ( 'NONE', #6903, .T. ) ;
#1188 = EDGE_LOOP ( 'NONE', ( #7001, #4518, #6577, #1998, #1291, #3345, #2664, #6474, #2790, #2945, #934, #6673, #5503, #3918 ) ) ;
#1189 = EDGE_CURVE ( 'NONE', #6052, #5924, #4184, .T. ) ;
#1190 = EDGE_LOOP ( 'NONE', ( #2994, #6481 ) ) ;
#1191 = VERTEX_POINT ( 'NONE', #3127 ) ;
#1192 = CARTESIAN_POINT ( 'NONE',  ( 4.808421041000002560, 4.469740654099997101, -1.904999999999996918 ) ) ;
#1193 = SURFACE_SIDE_STYLE ('',( #4747 ) ) ;
#1194 = CARTESIAN_POINT ( 'NONE',  ( -6.223000000000181942, 6.022838767100043178, 4.699000000000004285 ) ) ;
#1195 = EDGE_CURVE ( 'NONE', #7457, #166, #5447, .T. ) ;
#1196 = EDGE_LOOP ( 'NONE', ( #4994, #5669, #2770, #4315 ) ) ;
#1197 = LINE ( 'NONE', #5312, #7247 ) ;
#1198 = ADVANCED_FACE ( 'NONE', ( #66 ), #3027, .F. ) ;
#1199 = VERTEX_POINT ( 'NONE', #4731 ) ;
#1200 = ORIENTED_EDGE ( 'NONE', *, *, #6098, .T. ) ;
#1201 = EDGE_CURVE ( 'NONE', #6647, #611, #323, .T. ) ;
#1202 = CARTESIAN_POINT ( 'NONE',  ( -6.476999999999998536, -2.717800000000001770, -3.936999999999997613 ) ) ;
#1203 = ORIENTED_EDGE ( 'NONE', *, *, #5753, .T. ) ;
#1204 = AXIS2_PLACEMENT_3D ( 'NONE', #1273, #3071, #628 ) ;
#1205 = PLANE ( 'NONE',  #4088 ) ;
#1206 = DIRECTION ( 'NONE',  ( -0.000000000000000000, -0.000000000000000000, 1.000000000000000000 ) ) ;
#1207 = CIRCLE ( 'NONE', #967, 1.778000000000000025 ) ;
#1208 = DIRECTION ( 'NONE',  ( -3.431425595409362857E-17, -1.000000000000000000, -0.000000000000000000 ) ) ;
#1209 = ORIENTED_EDGE ( 'NONE', *, *, #2892, .F. ) ;
#1210 = CARTESIAN_POINT ( 'NONE',  ( 3.962400000000000588, 8.889999999999995239, 4.470400000000003260 ) ) ;
#1211 = ORIENTED_EDGE ( 'NONE', *, *, #2078, .T. ) ;
#1212 = ORIENTED_EDGE ( 'NONE', *, *, #3985, .F. ) ;
#1213 = DIRECTION ( 'NONE',  ( 1.000000000000000000, 0.000000000000000000, 0.000000000000000000 ) ) ;
#1214 = VECTOR ( 'NONE', #4727, 1000.000000000000114 ) ;
#1215 = EDGE_CURVE ( 'NONE', #3324, #6288, #5649, .T. ) ;
#1216 = FACE_OUTER_BOUND ( 'NONE', #5990, .T. ) ;
#1217 = LINE ( 'NONE', #3722, #7321 ) ;
#1218 = CARTESIAN_POINT ( 'NONE',  ( 5.507748377663717498, 4.826000002803737310, 3.175000000000002487 ) ) ;
#1219 = SURFACE_STYLE_USAGE ( .BOTH. , #5145 ) ;
#1220 = ORIENTED_EDGE ( 'NONE', *, *, #7171, .T. ) ;
#1221 = DIRECTION ( 'NONE',  ( 5.130477113903260708E-17, 1.665334536937735304E-16, -1.000000000000000000 ) ) ;
#1222 = LINE ( 'NONE', #2939, #2022 ) ;
#1223 = FACE_OUTER_BOUND ( 'NONE', #4497, .T. ) ;
#1224 = FILL_AREA_STYLE ('',( #4278 ) ) ;
#1225 = CARTESIAN_POINT ( 'NONE',  ( -5.959238080889475597, 4.243216917964834245, -4.444999999999997620 ) ) ;
#1226 = CARTESIAN_POINT ( 'NONE',  ( -6.476999999999999424, 6.002332419999996560, 4.699000000000003396 ) ) ;
#1227 = ORIENTED_EDGE ( 'NONE', *, *, #5576, .F. ) ;
#1228 = ORIENTED_EDGE ( 'NONE', *, *, #4515, .T. ) ;
#1229 = VERTEX_POINT ( 'NONE', #4477 ) ;
#1230 = ORIENTED_EDGE ( 'NONE', *, *, #225, .T. ) ;
#1231 = CARTESIAN_POINT ( 'NONE',  ( 5.959238082004001846, 6.445103080248997252, -0.3809999999999976739 ) ) ;
#1232 = COLOUR_RGB ( '',0.7921568627450980005, 0.8196078431372548767, 0.9333333333333333481 ) ;
#1233 = EDGE_CURVE ( 'NONE', #4125, #4391, #1009, .T. ) ;
#1234 = DIRECTION ( 'NONE',  ( -5.130477113903260708E-17, -1.665334536937735304E-16, 1.000000000000000000 ) ) ;
#1235 = FACE_OUTER_BOUND ( 'NONE', #660, .T. ) ;
#1236 = EDGE_LOOP ( 'NONE', ( #5353, #771, #5546, #5212 ) ) ;
#1237 = CARTESIAN_POINT ( 'NONE',  ( -5.371700992470997527, 4.741020151570097596, -2.920999999999997598 ) ) ;
#1238 = VERTEX_POINT ( 'NONE', #1406 ) ;
#1239 = COLOUR_RGB ( '',0.7921568627450980005, 0.8196078431372548767, 0.9333333333333333481 ) ;
#1240 = CARTESIAN_POINT ( 'NONE',  ( 5.507748381189002451, 4.825999999999996959, 2.159000000000002917 ) ) ;
#1241 = ADVANCED_FACE ( 'NONE', ( #3330 ), #1413, .T. ) ;
#1242 = CARTESIAN_POINT ( 'NONE',  ( 5.140909707198000334, 4.825999999999996071, 4.699000000000003396 ) ) ;
#1243 = ADVANCED_FACE ( 'NONE', ( #6292 ), #1587, .T. ) ;
#1244 = DIRECTION ( 'NONE',  ( -3.431425595409362857E-17, -1.000000000000000000, -0.000000000000000000 ) ) ;
#1245 = ORIENTED_EDGE ( 'NONE', *, *, #6257, .T. ) ;
#1246 = CARTESIAN_POINT ( 'NONE',  ( 6.223000000000231680, 4.665481232899939990, -4.444999999999997620 ) ) ;
#1247 = ORIENTED_EDGE ( 'NONE', *, *, #4550, .F. ) ;
#1248 = B_SPLINE_CURVE_WITH_KNOTS ( 'NONE', 3,
 ( #6099, #3208, #2708, #2742, #6704, #1490 ),
 .UNSPECIFIED., .F., .F.,
 ( 4, 1, 1, 4 ),
 ( 0.000000000000000000, 0.4014956229037000002, 0.7375322085786999438, 1.000000000000000000 ),
 .UNSPECIFIED. ) ;
#1249 = ORIENTED_EDGE ( 'NONE', *, *, #2216, .F. ) ;
#1250 = CARTESIAN_POINT ( 'NONE',  ( -6.222999999999998089, -2.794000000000002260, 3.683000000000002050 ) ) ;
#1251 = CARTESIAN_POINT ( 'NONE',  ( 4.808421041000002560, 6.218579345899996724, -1.904999999999996918 ) ) ;
#1252 = FACE_OUTER_BOUND ( 'NONE', #3638, .T. ) ;
#1253 = CARTESIAN_POINT ( 'NONE',  ( -4.216399999999999260, 1.711959999999996374, 4.724400000000001931 ) ) ;
#1254 =( LENGTH_UNIT ( ) NAMED_UNIT ( * ) SI_UNIT ( .MILLI., .METRE. ) );
#1255 = ORIENTED_EDGE ( 'NONE', *, *, #5307, .F. ) ;
#1256 = CARTESIAN_POINT ( 'NONE',  ( 6.223000000000001641, 6.022838767099996993, -4.444999999999996732 ) ) ;
#1257 = EDGE_CURVE ( 'NONE', #990, #2445, #3867, .T. ) ;
#1258 = B_SPLINE_CURVE_WITH_KNOTS ( 'NONE', 3,
 ( #5796, #2824, #538, #5152, #4124 ),
 .UNSPECIFIED., .F., .F.,
 ( 4, 1, 4 ),
 ( 0.000000000000000000, 0.3810648246831000452, 1.000000000000000000 ),
 .UNSPECIFIED. ) ;
#1259 = CARTESIAN_POINT ( 'NONE',  ( 4.980928443000002481, 4.216240551499996769, 0.6350000000000027844 ) ) ;
#1260 =( NAMED_UNIT ( * ) PLANE_ANGLE_UNIT ( ) SI_UNIT ( $, .RADIAN. ) );
#1261 = CARTESIAN_POINT ( 'NONE',  ( 4.919058028974682806, 6.081215945592941985, -2.920999999999997598 ) ) ;
#1262 = CARTESIAN_POINT ( 'NONE',  ( 5.029696186834001992, 5.943853916012997729, -4.444999999999997620 ) ) ;
#1263 = CARTESIAN_POINT ( 'NONE',  ( -5.679736218422998917, 5.999112874491997260, 3.175000000000002487 ) ) ;
#1264 = ORIENTED_EDGE ( 'NONE', *, *, #2686, .T. ) ;
#1265 = ORIENTED_EDGE ( 'NONE', *, *, #4840, .F. ) ;
#1266 = VERTEX_POINT ( 'NONE', #3168 ) ;
#1267 = EDGE_CURVE ( 'NONE', #4425, #5028, #3401, .T. ) ;
#1268 = CARTESIAN_POINT ( 'NONE',  ( -5.679736218183045082, 5.999112874108594617, -4.444999999999997620 ) ) ;
#1269 = PLANE ( 'NONE',  #5555 ) ;
#1270 = DIRECTION ( 'NONE',  ( -5.130477113903260708E-17, -1.665334536937735304E-16, 1.000000000000000000 ) ) ;
#1271 = ORIENTED_EDGE ( 'NONE', *, *, #7202, .F. ) ;
#1272 = VECTOR ( 'NONE', #815, 1000.000000000000000 ) ;
#1273 = CARTESIAN_POINT ( 'NONE',  ( 1.239529824942864461E-15, 5.344159999999996025, 4.699000000000003396 ) ) ;
#1274 = ORIENTED_EDGE ( 'NONE', *, *, #1002, .F. ) ;
#1275 = CARTESIAN_POINT ( 'NONE',  ( 4.016400000000001747, 1.777999999999994918, 4.470399999999997931 ) ) ;
#1276 = CARTESIAN_POINT ( 'NONE',  ( -5.085678860471998242, 6.287389423200496985, 0.6350000000000027844 ) ) ;
#1277 = DIRECTION ( 'NONE',  ( -5.130477113903260708E-17, -1.665334536937735304E-16, 1.000000000000000000 ) ) ;
#1278 = AXIS2_PLACEMENT_3D ( 'NONE', #5038, #7424, #7312 ) ;
#1279 = CARTESIAN_POINT ( 'NONE',  ( 5.140909707198001222, 5.862319999999995979, 2.159000000000002917 ) ) ;
#1280 = EDGE_LOOP ( 'NONE', ( #5921, #6448, #7340, #6086 ) ) ;
#1281 = VECTOR ( 'NONE', #4832, 1000.000000000000000 ) ;
#1282 = CARTESIAN_POINT ( 'NONE',  ( 5.679736216059525056, 4.689207129279818531, -2.920999999999996710 ) ) ;
#1283 = ORIENTED_EDGE ( 'NONE', *, *, #1665, .T. ) ;
#1284 = EDGE_CURVE ( 'NONE', #91, #881, #976, .T. ) ;
#1285 = LINE ( 'NONE', #3049, #613 ) ;
#1286 = VECTOR ( 'NONE', #7437, 1000.000000000000000 ) ;
#1287 = CARTESIAN_POINT ( 'NONE',  ( 6.223000000000001641, 4.825999999999997847, 4.953000000000002068 ) ) ;
#1288 = DIRECTION ( 'NONE',  ( -5.130477113903260092E-17, 1.760485048530960256E-33, 1.000000000000000000 ) ) ;
#1289 = EDGE_CURVE ( 'NONE', #1738, #6180, #2587, .T. ) ;
#1290 = PLANE ( 'NONE',  #5534 ) ;
#1291 = ORIENTED_EDGE ( 'NONE', *, *, #5928, .T. ) ;
#1292 = EDGE_CURVE ( 'NONE', #57, #4814, #435, .T. ) ;
#1293 = FACE_OUTER_BOUND ( 'NONE', #6171, .T. ) ;
#1294 = CLOSED_SHELL ( 'NONE', ( #4917, #4608, #4431, #5229, #1668, #372 ) ) ;
#1295 = AXIS2_PLACEMENT_3D ( 'NONE', #2423, #1277, #4833 ) ;
#1296 = CARTESIAN_POINT ( 'NONE',  ( 5.724327148806001908, 4.081300973171996915, 0.6350000000000027844 ) ) ;
#1297 = CARTESIAN_POINT ( 'NONE',  ( 6.223000000000001641, 4.232135350799996587, -0.3809999999999976739 ) ) ;
#1298 = AXIS2_PLACEMENT_3D ( 'NONE', #4873, #3074, #1357 ) ;
#1299 = EDGE_CURVE ( 'NONE', #6288, #5606, #3906, .T. ) ;
#1300 = CARTESIAN_POINT ( 'NONE',  ( -4.980928442999998929, 6.472079448499997945, -4.444999999999997620 ) ) ;
#1301 = LINE ( 'NONE', #5298, #5919 ) ;
#1302 = VECTOR ( 'NONE', #4176, 1000.000000000000000 ) ;
#1303 = LINE ( 'NONE', #280, #6383 ) ;
#1304 = EDGE_LOOP ( 'NONE', ( #6135, #93, #2086, #2411 ) ) ;
#1305 = DIRECTION ( 'NONE',  ( 0.5625939497761849317, 0.8267333594788779383, 2.886375383747156989E-17 ) ) ;
#1306 = EDGE_LOOP ( 'NONE', ( #442, #5402, #4898, #1355 ) ) ;
#1307 = B_SPLINE_CURVE_WITH_KNOTS ( 'NONE', 3,
 ( #6343, #1137, #6617, #1936 ),
 .UNSPECIFIED., .F., .F.,
 ( 4, 4 ),
 ( 0.000000000000000000, 1.000000000000000000 ),
 .UNSPECIFIED. ) ;
#1308 = ORIENTED_EDGE ( 'NONE', *, *, #7198, .T. ) ;
#1309 = EDGE_LOOP ( 'NONE', ( #4899, #747 ) ) ;
#1310 = CARTESIAN_POINT ( 'NONE',  ( 5.029696186834001992, 5.943853916012996841, 0.6350000000000027844 ) ) ;
#1311 = CARTESIAN_POINT ( 'NONE',  ( -5.507748380830409296, 5.862319999715000840, -4.444999999999997620 ) ) ;
#1312 = EDGE_CURVE ( 'NONE', #6989, #1583, #1655, .T. ) ;
#1313 = ADVANCED_FACE ( 'NONE', ( #5483 ), #6608, .F. ) ;
#1314 = CARTESIAN_POINT ( 'NONE',  ( 5.825466848181001467, 6.796669658390997348, 0.6350000000000027844 ) ) ;
#1315 = CARTESIAN_POINT ( 'NONE',  ( -5.085870582802928475, 4.401186195567422743, -4.444999999999996732 ) ) ;
#1316 = ORIENTED_EDGE ( 'NONE', *, *, #5928, .F. ) ;
#1317 = ORIENTED_EDGE ( 'NONE', *, *, #1940, .T. ) ;
#1318 = FACE_OUTER_BOUND ( 'NONE', #7210, .T. ) ;
#1319 = ORIENTED_EDGE ( 'NONE', *, *, #3153, .F. ) ;
#1320 = LINE ( 'NONE', #5435, #4962 ) ;
#1321 = CARTESIAN_POINT ( 'NONE',  ( -6.222999999999998977, 4.665481232899996833, 4.699000000000003396 ) ) ;
#1322 = DIRECTION ( 'NONE',  ( 0.5625939497761849317, 0.8267333594788779383, 2.886375383747156989E-17 ) ) ;
#1323 = EDGE_CURVE ( 'NONE', #38, #1787, #2796, .T. ) ;
#1324 = CARTESIAN_POINT ( 'NONE',  ( -5.507748381188816822, 4.826000000000001400, -2.920999999999997598 ) ) ;
#1325 = VERTEX_POINT ( 'NONE', #512 ) ;
#1326 = LINE ( 'NONE', #5931, #5220 ) ;
#1327 = AXIS2_PLACEMENT_3D ( 'NONE', #3807, #6121, #911 ) ;
#1328 = ORIENTED_EDGE ( 'NONE', *, *, #3617, .T. ) ;
#1329 = B_SPLINE_SURFACE_WITH_KNOTS ( 'NONE', 3, 1, ( 
 ( #1415, #1454 ),
 ( #7345, #3812 ),
 ( #3779, #277 ),
 ( #993, #4458 ),
 ( #3744, #5559 ) ),
 .UNSPECIFIED., .F., .F., .F.,
 ( 4, 1, 4 ),
 ( 2, 2 ),
 ( 0.01043166776923795669, 0.2126490142702000263, 0.5410955592664923319 ),
 ( 0.000000000000000000, 1.000000000000000000 ),
 .UNSPECIFIED. ) ;
#1330 = CARTESIAN_POINT ( 'NONE',  ( -5.140909707197998557, 5.862319999999995979, 4.699000000000003396 ) ) ;
#1331 = CARTESIAN_POINT ( 'NONE',  ( -6.476999999999999424, 0.5079999999999963434, 4.699000000000003396 ) ) ;
#1332 = AXIS2_PLACEMENT_3D ( 'NONE', #2962, #1630, #5281 ) ;
#1333 = ADVANCED_FACE ( 'NONE', ( #2829 ), #5160, .T. ) ;
#1334 = CARTESIAN_POINT ( 'NONE',  ( 5.140909707198001222, 5.862319999999996867, -1.904999999999996918 ) ) ;
#1335 = ORIENTED_EDGE ( 'NONE', *, *, #3633, .F. ) ;
#1336 = DIRECTION ( 'NONE',  ( -5.130477113903260708E-17, -1.665334536937735304E-16, 1.000000000000000000 ) ) ;
#1337 = CARTESIAN_POINT ( 'NONE',  ( 6.477000000000001201, 6.002332419999995672, 4.699000000000003396 ) ) ;
#1338 = VECTOR ( 'NONE', #1955, 1000.000000000000000 ) ;
#1339 = ADVANCED_FACE ( 'NONE', ( #1235 ), #5459, .F. ) ;
#1340 = DIRECTION ( 'NONE',  ( 3.431425595409362241E-17, 1.000000000000000000, 1.665334536937735304E-16 ) ) ;
#1341 = CARTESIAN_POINT ( 'NONE',  ( 4.808421041000002560, 6.218579345899997612, -4.444999999999997620 ) ) ;
#1342 = EDGE_CURVE ( 'NONE', #3818, #4048, #5202, .T. ) ;
#1343 = AXIS2_PLACEMENT_3D ( 'NONE', #347, #1603, #6774 ) ;
#1344 = CARTESIAN_POINT ( 'NONE',  ( -6.222999999999998089, 5.895635414699997412, 3.175000000000002487 ) ) ;
#1345 = VERTEX_POINT ( 'NONE', #7514 ) ;
#1346 = DIRECTION ( 'NONE',  ( 0.000000000000000000, 0.000000000000000000, 1.000000000000000000 ) ) ;
#1347 = VERTEX_POINT ( 'NONE', #4135 ) ;
#1348 = ORIENTED_EDGE ( 'NONE', *, *, #5024, .F. ) ;
#1349 = DIRECTION ( 'NONE',  ( 0.000000000000000000, 0.000000000000000000, 1.000000000000000000 ) ) ;
#1350 = VERTEX_POINT ( 'NONE', #3591 ) ;
#1351 = LINE ( 'NONE', #4710, #4095 ) ;
#1352 = CARTESIAN_POINT ( 'NONE',  ( 4.919058026674002271, 6.081215948449797182, -2.920999999999997154 ) ) ;
#1353 = CARTESIAN_POINT ( 'NONE',  ( -6.222999999999998977, -2.717800000000003546, 3.683000000000002050 ) ) ;
#1354 = ORIENTED_EDGE ( 'NONE', *, *, #4552, .T. ) ;
#1355 = ORIENTED_EDGE ( 'NONE', *, *, #191, .T. ) ;
#1356 = EDGE_CURVE ( 'NONE', #6180, #7475, #3237, .T. ) ;
#1357 = DIRECTION ( 'NONE',  ( -1.000000000000000000, 0.000000000000000000, 0.000000000000000000 ) ) ;
#1358 = CARTESIAN_POINT ( 'NONE',  ( 6.223000000000001641, 4.232135350799997475, -1.904999999999996918 ) ) ;
#1359 = DIRECTION ( 'NONE',  ( 5.130477113903260708E-17, 1.665334536937735304E-16, -1.000000000000000000 ) ) ;
#1360 = VECTOR ( 'NONE', #2855, 1000.000000000000000 ) ;
#1361 = LINE ( 'NONE', #3079, #6992 ) ;
#1362 = ORIENTED_EDGE ( 'NONE', *, *, #3219, .T. ) ;
#1363 = CARTESIAN_POINT ( 'NONE',  ( -6.222999999999736964, 5.895635414700060473, -1.904999999999996696 ) ) ;
#1364 = ORIENTED_EDGE ( 'NONE', *, *, #4224, .F. ) ;
#1365 = EDGE_CURVE ( 'NONE', #2818, #4682, #5804, .T. ) ;
#1366 = DIRECTION ( 'NONE',  ( -3.431425595409362857E-17, -1.000000000000000000, -0.000000000000000000 ) ) ;
#1367 = ADVANCED_FACE ( 'NONE', ( #2952 ), #6898, .T. ) ;
#1368 = MECHANICAL_DESIGN_GEOMETRIC_PRESENTATION_REPRESENTATION (  '', ( #3795 ), #6590 ) ;
#1369 = CARTESIAN_POINT ( 'NONE',  ( 4.980928442999965178, 6.472079448499693299, -1.904999999999998250 ) ) ;
#1370 = DIRECTION ( 'NONE',  ( -3.431425595409362857E-17, -1.000000000000000000, -0.000000000000000000 ) ) ;
#1371 = CARTESIAN_POINT ( 'NONE',  ( -6.222999999999998977, 4.232135350799996587, 4.699000000000003396 ) ) ;
#1372 = ORIENTED_EDGE ( 'NONE', *, *, #3017, .T. ) ;
#1373 = DIRECTION ( 'NONE',  ( 3.431425595409362857E-17, 1.000000000000000000, 0.000000000000000000 ) ) ;
#1374 = B_SPLINE_CURVE_WITH_KNOTS ( 'NONE', 3,
 ( #5210, #557, #2385, #633, #4061 ),
 .UNSPECIFIED., .F., .F.,
 ( 4, 1, 4 ),
 ( 0.000000000000000000, 0.6189351753168998993, 1.000000000000000000 ),
 .UNSPECIFIED. ) ;
#1375 = CARTESIAN_POINT ( 'NONE',  ( -4.919058026673998718, 4.607104051550197532, 3.175000000000002487 ) ) ;
#1376 = FILL_AREA_STYLE ('',( #4190 ) ) ;
#1377 = CARTESIAN_POINT ( 'NONE',  ( -5.140909707197997669, 4.825999999999996959, 0.6350000000000027844 ) ) ;
#1378 = DIRECTION ( 'NONE',  ( 0.000000000000000000, -0.000000000000000000, 1.000000000000000000 ) ) ;
#1379 = VERTEX_POINT ( 'NONE', #43 ) ;
#1380 = LINE ( 'NONE', #3704, #1515 ) ;
#1381 = ORIENTED_EDGE ( 'NONE', *, *, #7015, .F. ) ;
#1382 = ORIENTED_EDGE ( 'NONE', *, *, #4792, .F. ) ;
#1383 = EDGE_CURVE ( 'NONE', #5028, #1692, #1197, .T. ) ;
#1384 = FACE_OUTER_BOUND ( 'NONE', #7061, .T. ) ;
#1385 = CARTESIAN_POINT ( 'NONE',  ( 5.959238080889495137, 4.243216917964849344, 0.6350000000000035616 ) ) ;
#1386 = DIRECTION ( 'NONE',  ( -5.130477113903260708E-17, -1.665334536937735304E-16, 1.000000000000000000 ) ) ;
#1387 = B_SPLINE_CURVE_WITH_KNOTS ( 'NONE', 3,
 ( #4863, #3786, #4320, #3955, #5569 ),
 .UNSPECIFIED., .F., .F.,
 ( 4, 1, 4 ),
 ( 0.000000000000000000, 0.6189351753168998993, 1.000000000000000000 ),
 .UNSPECIFIED. ) ;
#1388 = CARTESIAN_POINT ( 'NONE',  ( -6.476999999999998536, 6.002332419999997448, -2.920999999999997598 ) ) ;
#1389 = ADVANCED_FACE ( 'NONE', ( #2988 ), #2301, .T. ) ;
#1390 = B_SPLINE_SURFACE_WITH_KNOTS ( 'NONE', 3, 1, ( 
 ( #1477, #3801 ),
 ( #6156, #6116 ),
 ( #3228, #5547 ),
 ( #4411, #6726 ) ),
 .UNSPECIFIED., .F., .F., .F.,
 ( 4, 4 ),
 ( 2, 2 ),
 ( 0.7764366983749713125, 0.9920866337330077611 ),
 ( 0.000000000000000000, 1.000000000000000000 ),
 .UNSPECIFIED. ) ;
#1391 = ORIENTED_EDGE ( 'NONE', *, *, #2688, .T. ) ;
#1392 = ORIENTED_EDGE ( 'NONE', *, *, #76, .T. ) ;
#1393 = ORIENTED_EDGE ( 'NONE', *, *, #4063, .T. ) ;
#1394 = DIRECTION ( 'NONE',  ( 5.130477113903260708E-17, 1.665334536937735304E-16, -1.000000000000000000 ) ) ;
#1395 = DIRECTION ( 'NONE',  ( -3.431425595409362857E-17, -1.000000000000000000, -0.000000000000000000 ) ) ;
#1396 = LINE ( 'NONE', #2001, #5440 ) ;
#1397 = EDGE_CURVE ( 'NONE', #1694, #6690, #4170, .T. ) ;
#1398 = CIRCLE ( 'NONE', #3340, 0.2539999999999998925 ) ;
#1399 = PLANE ( 'NONE',  #2253 ) ;
#1400 = VERTEX_POINT ( 'NONE', #4637 ) ;
#1401 = CARTESIAN_POINT ( 'NONE',  ( 5.679736216059525056, 4.689207129279818531, -4.444999999999997620 ) ) ;
#1402 = VERTEX_POINT ( 'NONE', #8 ) ;
#1403 = CARTESIAN_POINT ( 'NONE',  ( -4.980928442999998929, 4.216240551499996769, 0.6350000000000027844 ) ) ;
#1404 = AXIS2_PLACEMENT_3D ( 'NONE', #5259, #67, #2848 ) ;
#1405 = FACE_OUTER_BOUND ( 'NONE', #7531, .T. ) ;
#1406 = CARTESIAN_POINT ( 'NONE',  ( -5.140909707198050071, 5.862319999999995090, -0.3809999999999976739 ) ) ;
#1407 = DIRECTION ( 'NONE',  ( 6.054179465614428618E-17, 0.7071067811865475727, -0.7071067811865474617 ) ) ;
#1408 = EDGE_LOOP ( 'NONE', ( #4118, #4112, #4282, #5528 ) ) ;
#1409 = VECTOR ( 'NONE', #2004, 1000.000000000000000 ) ;
#1410 = DIRECTION ( 'NONE',  ( 5.130477113903260708E-17, 1.665334536937735304E-16, -1.000000000000000000 ) ) ;
#1411 = EDGE_CURVE ( 'NONE', #2980, #1703, #4670, .T. ) ;
#1412 = CARTESIAN_POINT ( 'NONE',  ( -3.962399999999997924, 8.689999999999997726, -4.524399999999998201 ) ) ;
#1413 = TOROIDAL_SURFACE ( 'NONE', #2628, 0.05399999999999998551, 0.2000000000000000111 ) ;
#1414 = SURFACE_SIDE_STYLE ('',( #2018 ) ) ;
#1415 = CARTESIAN_POINT ( 'NONE',  ( -6.223000000000387111, 4.792684585299991973, -0.3809999999999977294 ) ) ;
#1416 = EDGE_CURVE ( 'NONE', #3485, #7215, #3886, .T. ) ;
#1417 = CARTESIAN_POINT ( 'NONE',  ( 3.962400000000000588, 5.862319999999996867, 4.724400000000002819 ) ) ;
#1418 = CARTESIAN_POINT ( 'NONE',  ( 5.371941468078000881, 5.947322718753696336, 4.699000000000003396 ) ) ;
#1419 = ORIENTED_EDGE ( 'NONE', *, *, #7429, .T. ) ;
#1420 = VECTOR ( 'NONE', #3182, 1000.000000000000000 ) ;
#1421 = LINE ( 'NONE', #7165, #4562 ) ;
#1422 = EDGE_LOOP ( 'NONE', ( #4869, #3548, #6321, #246 ) ) ;
#1423 = DIRECTION ( 'NONE',  ( -1.000000000000000000, 3.431425595409362857E-17, -5.130477113903259476E-17 ) ) ;
#1424 = AXIS2_PLACEMENT_3D ( 'NONE', #2774, #6306, #1673 ) ;
#1425 = CARTESIAN_POINT ( 'NONE',  ( -3.962399999999998812, 4.825999999999996959, 4.724400000000002819 ) ) ;
#1426 = CIRCLE ( 'NONE', #2517, 1.270000000000000240 ) ;
#1427 = LINE ( 'NONE', #3822, #874 ) ;
#1428 = EDGE_CURVE ( 'NONE', #3005, #1552, #5978, .T. ) ;
#1429 = DIRECTION ( 'NONE',  ( 0.000000000000000000, 1.000000000000000000, 0.000000000000000000 ) ) ;
#1430 = ORIENTED_EDGE ( 'NONE', *, *, #5110, .F. ) ;
#1431 = VERTEX_POINT ( 'NONE', #7020 ) ;
#1432 = CARTESIAN_POINT ( 'NONE',  ( -1.143000000000000016, 3.556000000000001826, -12.31899999999995998 ) ) ;
#1433 = EDGE_CURVE ( 'NONE', #38, #3677, #1805, .T. ) ;
#1434 = EDGE_CURVE ( 'NONE', #4839, #7214, #89, .T. ) ;
#1435 = CARTESIAN_POINT ( 'NONE',  ( -6.476999999999998536, -2.717800000000001770, -3.428999999999998050 ) ) ;
#1436 = EDGE_CURVE ( 'NONE', #5774, #7226, #4363, .T. ) ;
#1437 = FACE_OUTER_BOUND ( 'NONE', #2552, .T. ) ;
#1438 = EDGE_CURVE ( 'NONE', #1834, #3862, #6603, .T. ) ;
#1439 = CARTESIAN_POINT ( 'NONE',  ( 5.371700992471001079, 4.741020151570096708, -1.904999999999997362 ) ) ;
#1440 = VERTEX_POINT ( 'NONE', #1388 ) ;
#1441 = LINE ( 'NONE', #296, #2053 ) ;
#1442 = VERTEX_POINT ( 'NONE', #1996 ) ;
#1443 = CARTESIAN_POINT ( 'NONE',  ( -6.223000000000228127, 4.665481232900038577, 2.159000000000002473 ) ) ;
#1444 = DIRECTION ( 'NONE',  ( 1.201410850312336183E-17, -0.7071067811865474617, -0.7071067811865475727 ) ) ;
#1445 = B_SPLINE_SURFACE_WITH_KNOTS ( 'NONE', 3, 1, ( 
 ( #3370, #2764 ),
 ( #3522, #1730 ),
 ( #7476, #5764 ),
 ( #7441, #4056 ) ),
 .UNSPECIFIED., .F., .F., .F.,
 ( 4, 4 ),
 ( 2, 2 ),
 ( 0.7764366983754020790, 0.9920866337337073126 ),
 ( 0.000000000000000000, 1.000000000000000000 ),
 .UNSPECIFIED. ) ;
#1446 = PLANE ( 'NONE',  #1166 ) ;
#1447 = ORIENTED_EDGE ( 'NONE', *, *, #752, .F. ) ;
#1448 = CARTESIAN_POINT ( 'NONE',  ( -4.808421040999997231, 6.218579345900026922, -0.3809999999999976739 ) ) ;
#1449 = ORIENTED_EDGE ( 'NONE', *, *, #5321, .F. ) ;
#1450 = CARTESIAN_POINT ( 'NONE',  ( 5.959238082004001846, 6.445103080248997252, -2.920999999999997154 ) ) ;
#1451 = EDGE_CURVE ( 'NONE', #290, #1740, #3711, .T. ) ;
#1452 = VECTOR ( 'NONE', #5213, 1000.000000000000000 ) ;
#1453 = B_SPLINE_SURFACE_WITH_KNOTS ( 'NONE', 3, 1, ( 
 ( #2883, #6985 ),
 ( #7483, #5277 ),
 ( #5769, #667 ),
 ( #1773, #4644 ) ),
 .UNSPECIFIED., .F., .F., .F.,
 ( 4, 4 ),
 ( 2, 2 ),
 ( 0.007915563356539062623, 0.2236253938878704495 ),
 ( 0.000000000000000000, 1.000000000000000000 ),
 .UNSPECIFIED. ) ;
#1454 = CARTESIAN_POINT ( 'NONE',  ( -6.223000000000387111, 4.792684585299991973, -1.904999999999997584 ) ) ;
#1455 = DIRECTION ( 'NONE',  ( 5.130477113903260708E-17, 1.665334536937735304E-16, -1.000000000000000000 ) ) ;
#1456 = B_SPLINE_CURVE_WITH_KNOTS ( 'NONE', 3,
 ( #6775, #3887, #6205, #3313, #5634, #2815 ),
 .UNSPECIFIED., .F., .F.,
 ( 4, 1, 1, 4 ),
 ( 0.000000000000000000, 0.2287047143702000129, 0.6617565739328999941, 1.000000000000000000 ),
 .UNSPECIFIED. ) ;
#1457 = FACE_OUTER_BOUND ( 'NONE', #2241, .T. ) ;
#1458 = ORIENTED_EDGE ( 'NONE', *, *, #781, .T. ) ;
#1459 = CARTESIAN_POINT ( 'NONE',  ( -6.476999999999999424, -3.469446951953614189E-15, 4.191000000000001613 ) ) ;
#1460 = AXIS2_PLACEMENT_3D ( 'NONE', #1752, #7430, #5834 ) ;
#1461 = EDGE_LOOP ( 'NONE', ( #2378, #2420, #2502, #3931 ) ) ;
#1462 = DIRECTION ( 'NONE',  ( -0.8267333594788779383, -0.5625939497761849317, -1.361060792845168385E-16 ) ) ;
#1463 = CARTESIAN_POINT ( 'NONE',  ( -4.980928442999998929, 6.472079448499997056, 0.6350000000000027844 ) ) ;
#1464 = AXIS2_PLACEMENT_3D ( 'NONE', #4388, #3847, #1213 ) ;
#1465 = CARTESIAN_POINT ( 'NONE',  ( -4.216399999999998371, 1.711959999999998150, -4.724399999999997490 ) ) ;
#1466 = DIRECTION ( 'NONE',  ( -1.000000000000000000, 3.431425595409362857E-17, -5.130477113903259476E-17 ) ) ;
#1467 = VERTEX_POINT ( 'NONE', #1877 ) ;
#1468 = VERTEX_POINT ( 'NONE', #4940 ) ;
#1469 = ADVANCED_FACE ( 'NONE', ( #3636, #3148 ), #743, .T. ) ;
#1470 = CARTESIAN_POINT ( 'NONE',  ( -5.507748381188999787, 4.825999999999996959, 4.699000000000003396 ) ) ;
#1471 = FACE_OUTER_BOUND ( 'NONE', #2800, .T. ) ;
#1472 = CARTESIAN_POINT ( 'NONE',  ( 7.772400000000000198, -3.469446951953614189E-15, 4.191000000000001613 ) ) ;
#1473 = EDGE_LOOP ( 'NONE', ( #370, #5323, #4264, #2982 ) ) ;
#1474 = DIRECTION ( 'NONE',  ( -0.000000000000000000, -0.000000000000000000, 1.000000000000000000 ) ) ;
#1475 = VERTEX_POINT ( 'NONE', #5428 ) ;
#1476 = ADVANCED_FACE ( 'NONE', ( #4323 ), #4208, .F. ) ;
#1477 = CARTESIAN_POINT ( 'NONE',  ( 5.140909726420336057, 4.826000014092356238, 4.699000000000005173 ) ) ;
#1478 = FACE_OUTER_BOUND ( 'NONE', #327, .T. ) ;
#1479 = STYLED_ITEM ( 'NONE', ( #5684 ), #7089 ) ;
#1480 = CARTESIAN_POINT ( 'NONE',  ( -4.980928442999998040, 4.216240551499585543, 2.159000000000002917 ) ) ;
#1481 = ORIENTED_EDGE ( 'NONE', *, *, #2516, .T. ) ;
#1482 = DIRECTION ( 'NONE',  ( 3.431425595409362857E-17, 1.000000000000000000, 0.000000000000000000 ) ) ;
#1483 = VERTEX_POINT ( 'NONE', #5501 ) ;
#1484 = FACE_OUTER_BOUND ( 'NONE', #3082, .T. ) ;
#1485 = VECTOR ( 'NONE', #2323, 1000.000000000000000 ) ;
#1486 = CARTESIAN_POINT ( 'NONE',  ( 6.223000000000000753, 4.792684585299996414, 4.699000000000003396 ) ) ;
#1487 = LINE ( 'NONE', #4351, #6102 ) ;
#1488 = CARTESIAN_POINT ( 'NONE',  ( 6.223000000000001641, 4.792684585299998190, -2.920999999999997154 ) ) ;
#1489 = EDGE_CURVE ( 'NONE', #1692, #6057, #896, .T. ) ;
#1490 = CARTESIAN_POINT ( 'NONE',  ( -4.980928442999998929, 6.472079448499997945, -4.444999999999997620 ) ) ;
#1491 = ORIENTED_EDGE ( 'NONE', *, *, #2479, .T. ) ;
#1492 = CARTESIAN_POINT ( 'NONE',  ( 5.507748381188442011, 5.862319999999709097, 3.175000000000002931 ) ) ;
#1493 = ORIENTED_EDGE ( 'NONE', *, *, #5122, .F. ) ;
#1494 = CARTESIAN_POINT ( 'NONE',  ( 5.724327148806001020, 4.081300973171996915, 3.175000000000002931 ) ) ;
#1495 = LINE ( 'NONE', #3820, #3604 ) ;
#1496 = CARTESIAN_POINT ( 'NONE',  ( 6.477000000000002089, 6.002332419999997448, -0.3809999999999976739 ) ) ;
#1497 = LINE ( 'NONE', #3823, #331 ) ;
#1498 = EDGE_LOOP ( 'NONE', ( #5880, #6656, #2666, #2732, #1500, #3177, #5315, #3532, #2524, #3686, #5421, #5828, #2649, #6109 ) ) ;
#1499 = EDGE_CURVE ( 'NONE', #2946, #6267, #2605, .T. ) ;
#1500 = ORIENTED_EDGE ( 'NONE', *, *, #1653, .F. ) ;
#1501 = CARTESIAN_POINT ( 'NONE',  ( -3.962399999999998812, 8.722359999999996560, 4.724400000000001931 ) ) ;
#1502 = CARTESIAN_POINT ( 'NONE',  ( 4.808421040999975915, 6.218579345899994060, -1.904999999999998028 ) ) ;
#1503 = CARTESIAN_POINT ( 'NONE',  ( 5.085870582803922346, 4.401186195567423631, -0.3809999999999979514 ) ) ;
#1504 = ORIENTED_EDGE ( 'NONE', *, *, #7385, .F. ) ;
#1505 = FACE_OUTER_BOUND ( 'NONE', #1304, .T. ) ;
#1506 = ORIENTED_EDGE ( 'NONE', *, *, #6382, .T. ) ;
#1507 = B_SPLINE_SURFACE_WITH_KNOTS ( 'NONE', 3, 1, ( 
 ( #2220, #7 ),
 ( #4052, #6938 ),
 ( #2340, #3481 ),
 ( #546, #1654 ),
 ( #1120, #4712 ) ),
 .UNSPECIFIED., .F., .F., .F.,
 ( 4, 1, 4 ),
 ( 2, 2 ),
 ( 0.01043166776923795669, 0.2126490142702000263, 0.5410955592664923319 ),
 ( 0.000000000000000000, 1.000000000000000000 ),
 .UNSPECIFIED. ) ;
#1508 = DIRECTION ( 'NONE',  ( -1.000000000000000000, 3.431425595409362857E-17, -5.130477113903259476E-17 ) ) ;
#1509 = CARTESIAN_POINT ( 'NONE',  ( -3.962399999999998812, 8.689999999999995950, 4.724400000000001931 ) ) ;
#1510 = CARTESIAN_POINT ( 'NONE',  ( -4.808421041000485729, 6.218579345900025146, -4.444999999999997620 ) ) ;
#1511 = ADVANCED_FACE ( 'NONE', ( #895 ), #3755, .T. ) ;
#1512 = ORIENTED_EDGE ( 'NONE', *, *, #2290, .T. ) ;
#1513 = LINE ( 'NONE', #3200, #5168 ) ;
#1514 = ORIENTED_EDGE ( 'NONE', *, *, #3937, .F. ) ;
#1515 = VECTOR ( 'NONE', #4931, 1000.000000000000000 ) ;
#1516 = CARTESIAN_POINT ( 'NONE',  ( 2.159000000000001140, 7.112000000000000988, -11.52441815000000069 ) ) ;
#1517 = DIRECTION ( 'NONE',  ( -1.000000000000000000, 3.431425595409362857E-17, -5.130477113903259476E-17 ) ) ;
#1518 = EDGE_CURVE ( 'NONE', #6825, #2987, #3105, .T. ) ;
#1519 = B_SPLINE_CURVE_WITH_KNOTS ( 'NONE', 3,
 ( #2067, #6784, #2179, #1003, #4429, #2682 ),
 .UNSPECIFIED., .F., .F.,
 ( 4, 1, 1, 4 ),
 ( 0.000000000000000000, 0.3382434260671000059, 0.7712952856297999871, 1.000000000000000000 ),
 .UNSPECIFIED. ) ;
#1520 = CARTESIAN_POINT ( 'NONE',  ( 4.808421041000001672, 6.218579345899995836, 4.699000000000003396 ) ) ;
#1521 = CARTESIAN_POINT ( 'NONE',  ( 5.724327148806001908, 4.081300973171996915, -0.3809999999999976739 ) ) ;
#1522 = EDGE_CURVE ( 'NONE', #2936, #3433, #861, .T. ) ;
#1523 = AXIS2_PLACEMENT_3D ( 'NONE', #1712, #6963, #6278 ) ;
#1524 = DIRECTION ( 'NONE',  ( -3.431425595409362857E-17, -1.000000000000000000, -0.000000000000000000 ) ) ;
#1525 = ORIENTED_EDGE ( 'NONE', *, *, #5903, .T. ) ;
#1526 = EDGE_CURVE ( 'NONE', #2863, #1740, #780, .T. ) ;
#1527 = DIRECTION ( 'NONE',  ( 0.000000000000000000, 0.000000000000000000, -1.000000000000000000 ) ) ;
#1528 = AXIS2_PLACEMENT_3D ( 'NONE', #2034, #7213, #1466 ) ;
#1529 = VECTOR ( 'NONE', #5132, 1000.000000000000000 ) ;
#1530 = ORIENTED_EDGE ( 'NONE', *, *, #5898, .T. ) ;
#1531 = PLANE ( 'NONE',  #6794 ) ;
#1532 = VECTOR ( 'NONE', #2663, 1000.000000000000000 ) ;
#1533 = EDGE_CURVE ( 'NONE', #1402, #4401, #7135, .T. ) ;
#1534 = EDGE_LOOP ( 'NONE', ( #3342, #4567, #200, #4221 ) ) ;
#1535 = B_SPLINE_CURVE_WITH_KNOTS ( 'NONE', 3,
 ( #6887, #533, #4078, #2363, #5185, #4621 ),
 .UNSPECIFIED., .F., .F.,
 ( 4, 1, 1, 4 ),
 ( 0.000000000000000000, 0.3382434260671000059, 0.7712952856297999871, 1.000000000000000000 ),
 .UNSPECIFIED. ) ;
#1536 = CLOSED_SHELL ( 'NONE', ( #422, #2681, #3355, #3207, #1912, #7200, #6220, #2259, #6493, #5216, #7469, #4719, #1511, #3163, #3249, #3565, #7285, #3809, #5255, #3667 ) ) ;
#1537 = DIRECTION ( 'NONE',  ( 3.431425595409362857E-17, 1.000000000000000000, 0.000000000000000000 ) ) ;
#1538 = VECTOR ( 'NONE', #2894, 999.9999999999998863 ) ;
#1539 = ADVANCED_FACE ( 'NONE', ( #2454 ), #3270, .T. ) ;
#1540 = CARTESIAN_POINT ( 'NONE',  ( -5.140909707197998557, 5.862319999999995979, 4.699000000000003396 ) ) ;
#1541 = EDGE_LOOP ( 'NONE', ( #3025, #5343, #83, #6666 ) ) ;
#1542 = ORIENTED_EDGE ( 'NONE', *, *, #5601, .F. ) ;
#1543 = AXIS2_PLACEMENT_3D ( 'NONE', #2596, #5522, #5602 ) ;
#1544 = VECTOR ( 'NONE', #5090, 1000.000000000000000 ) ;
#1545 = EDGE_CURVE ( 'NONE', #1106, #2826, #5610, .T. ) ;
#1546 = ADVANCED_FACE ( 'NONE', ( #4398 ), #4788, .T. ) ;
#1547 = CARTESIAN_POINT ( 'NONE',  ( -6.476999999999999424, -3.469446951953614189E-15, 3.683000000000002050 ) ) ;
#1548 = CARTESIAN_POINT ( 'NONE',  ( 6.223000000000010523, 4.232135350800140472, 0.6350000000000032285 ) ) ;
#1549 = TOROIDAL_SURFACE ( 'NONE', #6386, 0.05399999999999998551, 0.2000000000000000111 ) ;
#1550 = DIRECTION ( 'NONE',  ( 3.431425595409362857E-17, 1.000000000000000000, 0.000000000000000000 ) ) ;
#1551 = DIRECTION ( 'NONE',  ( 1.000000000000000000, 0.000000000000000000, 0.000000000000000000 ) ) ;
#1552 = VERTEX_POINT ( 'NONE', #4470 ) ;
#1553 = CARTESIAN_POINT ( 'NONE',  ( -6.222999999999998089, 5.862319999999997755, 4.953000000000003844 ) ) ;
#1554 = VERTEX_POINT ( 'NONE', #6815 ) ;
#1555 = EDGE_CURVE ( 'NONE', #4960, #166, #1519, .T. ) ;
#1556 = CARTESIAN_POINT ( 'NONE',  ( -6.222999999999997200, -2.794000000000000483, -1.396999999999998021 ) ) ;
#1557 = LINE ( 'NONE', #3375, #5434 ) ;
#1558 = PLANE ( 'NONE',  #2741 ) ;
#1559 = ORIENTED_EDGE ( 'NONE', *, *, #4550, .T. ) ;
#1560 = DIRECTION ( 'NONE',  ( -0.8267333594788779383, -0.5625939497761849317, -1.361060792845168385E-16 ) ) ;
#1561 = VERTEX_POINT ( 'NONE', #5643 ) ;
#1562 = ORIENTED_EDGE ( 'NONE', *, *, #4736, .F. ) ;
#1563 = DIRECTION ( 'NONE',  ( 1.000000000000000000, 0.000000000000000000, 0.000000000000000000 ) ) ;
#1564 = CARTESIAN_POINT ( 'NONE',  ( 4.980928443000002481, 6.472079448499997056, -2.920999999999997154 ) ) ;
#1565 = EDGE_CURVE ( 'NONE', #1238, #3626, #2647, .T. ) ;
#1566 = CARTESIAN_POINT ( 'NONE',  ( 6.477000000000002089, -2.602085213965210642E-15, 1.143000000000002458 ) ) ;
#1567 = CARTESIAN_POINT ( 'NONE',  ( 6.223000000000001641, 4.825999999999997847, 4.953000000000003844 ) ) ;
#1568 = CARTESIAN_POINT ( 'NONE',  ( 5.679736218183011331, 5.999112874108535998, 3.175000000000003375 ) ) ;
#1569 = ORIENTED_EDGE ( 'NONE', *, *, #5753, .F. ) ;
#1570 = DIRECTION ( 'NONE',  ( 1.000000000000000000, 0.000000000000000000, 0.000000000000000000 ) ) ;
#1571 = B_SPLINE_SURFACE_WITH_KNOTS ( 'NONE', 3, 1, ( 
 ( #2236, #4070 ),
 ( #2320, #3416 ),
 ( #2891, #6458 ),
 ( #5890, #5218 ),
 ( #1177, #5284 ) ),
 .UNSPECIFIED., .F., .F., .F.,
 ( 4, 1, 4 ),
 ( 2, 2 ),
 ( 0.4590319158806462907, 0.7875696945517000058, 0.9898432121846474363 ),
 ( 0.000000000000000000, 1.000000000000000000 ),
 .UNSPECIFIED. ) ;
#1572 = VERTEX_POINT ( 'NONE', #1646 ) ;
#1573 = VECTOR ( 'NONE', #746, 1000.000000000000000 ) ;
#1574 = EDGE_CURVE ( 'NONE', #290, #5043, #1580, .T. ) ;
#1575 = EDGE_CURVE ( 'NONE', #3099, #6696, #932, .T. ) ;
#1576 = FACE_OUTER_BOUND ( 'NONE', #1841, .T. ) ;
#1577 = ADVANCED_FACE ( 'NONE', ( #1612 ), #6637, .T. ) ;
#1578 = DIRECTION ( 'NONE',  ( 0.000000000000000000, -0.000000000000000000, 1.000000000000000000 ) ) ;
#1579 = VECTOR ( 'NONE', #424, 1000.000000000000000 ) ;
#1580 = LINE ( 'NONE', #3323, #1768 ) ;
#1581 = B_SPLINE_CURVE_WITH_KNOTS ( 'NONE', 3,
 ( #2115, #907, #982, #5624, #2660, #4989 ),
 .UNSPECIFIED., .F., .F.,
 ( 4, 1, 1, 4 ),
 ( 0.000000000000000000, 0.2287047143702000129, 0.6617565739328999941, 1.000000000000000000 ),
 .UNSPECIFIED. ) ;
#1582 = EDGE_LOOP ( 'NONE', ( #6760, #5716, #4254, #1283 ) ) ;
#1583 = VERTEX_POINT ( 'NONE', #7355 ) ;
#1584 = PRESENTATION_LAYER_ASSIGNMENT (  '', '', ( #6314 ) ) ;
#1585 = DIRECTION ( 'NONE',  ( 1.000000000000000000, 0.000000000000000000, 0.000000000000000000 ) ) ;
#1586 = DIRECTION ( 'NONE',  ( 0.000000000000000000, 0.000000000000000000, 1.000000000000000000 ) ) ;
#1587 = CYLINDRICAL_SURFACE ( 'NONE', #4204, 1.054100000000000037 ) ;
#1588 = VECTOR ( 'NONE', #4882, 1000.000000000000000 ) ;
#1589 = ORIENTED_EDGE ( 'NONE', *, *, #2586, .T. ) ;
#1590 = CARTESIAN_POINT ( 'NONE',  ( -4.016399999999999970, 1.977999999999994873, 4.470400000000003260 ) ) ;
#1591 = ADVANCED_FACE ( 'NONE', ( #7396 ), #3971, .F. ) ;
#1592 = EDGE_LOOP ( 'NONE', ( #4173, #2991, #221, #4031, #653, #888, #5217, #6715, #1989, #2544, #5326, #5688, #1670, #295 ) ) ;
#1593 = LINE ( 'NONE', #4953, #1934 ) ;
#1594 = VERTEX_POINT ( 'NONE', #6748 ) ;
#1595 = DIRECTION ( 'NONE',  ( -3.431425595409362857E-17, -1.000000000000000000, -0.000000000000000000 ) ) ;
#1596 = LINE ( 'NONE', #3269, #6761 ) ;
#1597 = CARTESIAN_POINT ( 'NONE',  ( -5.371700992470997527, 4.741020151570096708, 0.6350000000000032285 ) ) ;
#1598 = ORIENTED_EDGE ( 'NONE', *, *, #3453, .F. ) ;
#1599 = CARTESIAN_POINT ( 'NONE',  ( 4.980928443000002481, 6.472079448499997945, -4.444999999999997620 ) ) ;
#1600 = ORIENTED_EDGE ( 'NONE', *, *, #4661, .F. ) ;
#1601 = EDGE_CURVE ( 'NONE', #3150, #5740, #2101, .T. ) ;
#1602 = CARTESIAN_POINT ( 'NONE',  ( 6.477000000000001201, -2.794000000000002260, 3.683000000000002050 ) ) ;
#1603 = DIRECTION ( 'NONE',  ( -1.201410850312335721E-17, 0.7071067811865474617, 0.7071067811865475727 ) ) ;
#1604 = DIRECTION ( 'NONE',  ( 0.000000000000000000, 0.000000000000000000, -1.000000000000000000 ) ) ;
#1605 = FACE_OUTER_BOUND ( 'NONE', #2930, .T. ) ;
#1606 = CARTESIAN_POINT ( 'NONE',  ( 5.085678860472626184, 6.287389423200526295, 3.175000000000002487 ) ) ;
#1607 = EDGE_LOOP ( 'NONE', ( #2656, #340, #4099, #98 ) ) ;
#1608 = CARTESIAN_POINT ( 'NONE',  ( -4.808421040999999008, 4.469740654099997101, 3.175000000000002487 ) ) ;
#1609 = VECTOR ( 'NONE', #6062, 1000.000000000000000 ) ;
#1610 = VERTEX_POINT ( 'NONE', #1540 ) ;
#1611 = LINE ( 'NONE', #7460, #1579 ) ;
#1612 = FACE_OUTER_BOUND ( 'NONE', #7208, .T. ) ;
#1613 = ADVANCED_FACE ( 'NONE', ( #3930 ), #2789, .T. ) ;
#1614 = ORIENTED_EDGE ( 'NONE', *, *, #4696, .T. ) ;
#1615 = ORIENTED_EDGE ( 'NONE', *, *, #2658, .T. ) ;
#1616 = DIRECTION ( 'NONE',  ( 3.431425595409226039E-17, 1.000000000000000000, 2.665968374394000077E-14 ) ) ;
#1617 = CARTESIAN_POINT ( 'NONE',  ( 5.679736218423001581, 5.999112874491996372, 4.699000000000003396 ) ) ;
#1618 = EDGE_CURVE ( 'NONE', #7433, #4021, #6179, .T. ) ;
#1619 = CARTESIAN_POINT ( 'NONE',  ( 5.371941468078001769, 5.947322718753697224, 0.6350000000000027844 ) ) ;
#1620 = DIRECTION ( 'NONE',  ( 0.000000000000000000, 0.000000000000000000, 1.000000000000000000 ) ) ;
#1621 = ORIENTED_EDGE ( 'NONE', *, *, #408, .F. ) ;
#1622 = B_SPLINE_CURVE_WITH_KNOTS ( 'NONE', 3,
 ( #1148, #7508, #5300, #4738, #1830 ),
 .UNSPECIFIED., .F., .F.,
 ( 4, 1, 4 ),
 ( 0.000000000000000000, 0.3810648246831000452, 1.000000000000000000 ),
 .UNSPECIFIED. ) ;
#1623 = DIRECTION ( 'NONE',  ( 3.431425595409362857E-17, 1.000000000000000000, 0.000000000000000000 ) ) ;
#1624 = ORIENTED_EDGE ( 'NONE', *, *, #3264, .F. ) ;
#1625 = CARTESIAN_POINT ( 'NONE',  ( -4.216399999999999260, 8.722359999999996560, 4.470400000000003260 ) ) ;
#1626 = CARTESIAN_POINT ( 'NONE',  ( -5.140909707198050071, 5.862319999999995090, -0.3809999999999976739 ) ) ;
#1627 = CARTESIAN_POINT ( 'NONE',  ( -5.085870582803918794, 4.401186195567421855, -0.3809999999999983400 ) ) ;
#1628 = CARTESIAN_POINT ( 'NONE',  ( 6.223000000000000753, 4.792684585299996414, 4.699000000000003396 ) ) ;
#1629 = ORIENTED_EDGE ( 'NONE', *, *, #6361, .F. ) ;
#1630 = DIRECTION ( 'NONE',  ( -0.8267333594788779383, 0.5625939497761849317, 5.127534768238203213E-17 ) ) ;
#1631 = ORIENTED_EDGE ( 'NONE', *, *, #5, .T. ) ;
#1632 = LINE ( 'NONE', #1064, #4592 ) ;
#1633 = DIRECTION ( 'NONE',  ( 6.054179465614431083E-17, 0.7071067811865475727, -0.7071067811865474617 ) ) ;
#1634 = CARTESIAN_POINT ( 'NONE',  ( 5.029696199582962990, 4.744466099814836468, 0.6350000000000035616 ) ) ;
#1635 = CARTESIAN_POINT ( 'NONE',  ( 4.016400000000003523, 8.889999999999997016, -4.470399999999997043 ) ) ;
#1636 = FACE_OUTER_BOUND ( 'NONE', #223, .T. ) ;
#1637 = ORIENTED_EDGE ( 'NONE', *, *, #5665, .F. ) ;
#1638 = AXIS2_PLACEMENT_3D ( 'NONE', #5515, #7305, #6732 ) ;
#1639 = LINE ( 'NONE', #5829, #304 ) ;
#1640 = B_SPLINE_CURVE_WITH_KNOTS ( 'NONE', 3,
 ( #5917, #6564, #1352, #7212 ),
 .UNSPECIFIED., .F., .F.,
 ( 4, 4 ),
 ( 0.000000000000000000, 1.000000000000000000 ),
 .UNSPECIFIED. ) ;
#1641 = CARTESIAN_POINT ( 'NONE',  ( 5.959238082004001846, 4.243216919750996574, 0.6350000000000027844 ) ) ;
#1642 = DIRECTION ( 'NONE',  ( -1.000000000000000000, 0.000000000000000000, 0.000000000000000000 ) ) ;
#1643 = EDGE_CURVE ( 'NONE', #4147, #4019, #968, .T. ) ;
#1644 =( GEOMETRIC_REPRESENTATION_CONTEXT ( 3 ) GLOBAL_UNCERTAINTY_ASSIGNED_CONTEXT ( ( #7119 ) ) GLOBAL_UNIT_ASSIGNED_CONTEXT ( ( #2360, #5748, #5786 ) ) REPRESENTATION_CONTEXT ( 'NONE', 'WORKASPACE' ) );
#1645 = DIRECTION ( 'NONE',  ( 5.130477113903260708E-17, 1.665334536937735304E-16, -1.000000000000000000 ) ) ;
#1646 = CARTESIAN_POINT ( 'NONE',  ( 6.223000000000001641, -2.794000000000002260, 1.651000000000002244 ) ) ;
#1647 = ORIENTED_EDGE ( 'NONE', *, *, #3436, .T. ) ;
#1648 = VECTOR ( 'NONE', #6835, 1000.000000000000000 ) ;
#1649 = VERTEX_POINT ( 'NONE', #7431 ) ;
#1650 = AXIS2_PLACEMENT_3D ( 'NONE', #4153, #4800, #6462 ) ;
#1651 = CARTESIAN_POINT ( 'NONE',  ( -4.808421040999999008, 4.469740654099997101, -0.3809999999999976739 ) ) ;
#1652 = AXIS2_PLACEMENT_3D ( 'NONE', #6541, #4267, #5365 ) ;
#1653 = EDGE_CURVE ( 'NONE', #6768, #4896, #1497, .T. ) ;
#1654 = CARTESIAN_POINT ( 'NONE',  ( -5.679736216059531273, 4.689207129279820307, 3.175000000000002487 ) ) ;
#1655 = LINE ( 'NONE', #6619, #2745 ) ;
#1656 = VECTOR ( 'NONE', #5720, 1000.000000000000000 ) ;
#1657 = FACE_OUTER_BOUND ( 'NONE', #2346, .T. ) ;
#1658 = EDGE_LOOP ( 'NONE', ( #6852, #3140, #3521, #6084 ) ) ;
#1659 = VECTOR ( 'NONE', #3031, 1000.000000000000000 ) ;
#1660 = CARTESIAN_POINT ( 'NONE',  ( 4.919058026674002271, 4.607104051550197532, -0.3809999999999976739 ) ) ;
#1661 = ORIENTED_EDGE ( 'NONE', *, *, #7320, .T. ) ;
#1662 = ADVANCED_FACE ( 'NONE', ( #5571 ), #358, .T. ) ;
#1663 = DIRECTION ( 'NONE',  ( -1.000000000000000000, 0.000000000000000000, 0.000000000000000000 ) ) ;
#1664 = CARTESIAN_POINT ( 'NONE',  ( -5.825466848180997914, 6.796669658390997348, -0.3809999999999977294 ) ) ;
#1665 = EDGE_CURVE ( 'NONE', #5380, #1442, #618, .T. ) ;
#1666 = VECTOR ( 'NONE', #5470, 1000.000000000000000 ) ;
#1667 = FACE_OUTER_BOUND ( 'NONE', #2217, .T. ) ;
#1668 = ADVANCED_FACE ( 'NONE', ( #1187 ), #6320, .F. ) ;
#1669 = CARTESIAN_POINT ( 'NONE',  ( -4.919058028974632180, 6.081215945592880701, -2.920999999999997598 ) ) ;
#1670 = ORIENTED_EDGE ( 'NONE', *, *, #7358, .T. ) ;
#1671 = CARTESIAN_POINT ( 'NONE',  ( -6.222999999999998089, -1.734723475976807094E-15, -3.428999999999997605 ) ) ;
#1672 = VERTEX_POINT ( 'NONE', #652 ) ;
#1673 = DIRECTION ( 'NONE',  ( 0.000000000000000000, 1.000000000000000000, 0.000000000000000000 ) ) ;
#1674 = DIRECTION ( 'NONE',  ( -1.000000000000000000, 0.000000000000000000, 0.000000000000000000 ) ) ;
#1675 = CARTESIAN_POINT ( 'NONE',  ( -6.476999999999998536, 6.002332419999996560, 3.175000000000002487 ) ) ;
#1676 = DIRECTION ( 'NONE',  ( 5.130477113903260708E-17, 1.665334536937735304E-16, -1.000000000000000000 ) ) ;
#1677 = FACE_OUTER_BOUND ( 'NONE', #1953, .T. ) ;
#1678 = CARTESIAN_POINT ( 'NONE',  ( -4.808421040999999896, 4.469740654099996213, 4.699000000000003396 ) ) ;
#1679 = VERTEX_POINT ( 'NONE', #2368 ) ;
#1680 = CARTESIAN_POINT ( 'NONE',  ( 5.507748380830438606, 5.862319999714967089, 0.6350000000000027844 ) ) ;
#1681 = EDGE_CURVE ( 'NONE', #4725, #5644, #1755, .T. ) ;
#1682 = CARTESIAN_POINT ( 'NONE',  ( 6.477000000000001201, -2.794000000000002260, 4.191000000000001613 ) ) ;
#1683 =( LENGTH_UNIT ( ) NAMED_UNIT ( * ) SI_UNIT ( .MILLI., .METRE. ) );
#1684 = DIRECTION ( 'NONE',  ( -3.431425595409362857E-17, -1.000000000000000000, -0.000000000000000000 ) ) ;
#1685 = DIRECTION ( 'NONE',  ( 6.054179465614431083E-17, 0.7071067811865475727, -0.7071067811865474617 ) ) ;
#1686 = EDGE_LOOP ( 'NONE', ( #736, #6423, #6540, #3575 ) ) ;
#1687 = ORIENTED_EDGE ( 'NONE', *, *, #3874, .F. ) ;
#1688 = DIRECTION ( 'NONE',  ( 5.130477113903260708E-17, 1.665334536937735304E-16, -1.000000000000000000 ) ) ;
#1689 = CIRCLE ( 'NONE', #3512, 0.05400000000000022837 ) ;
#1690 = CARTESIAN_POINT ( 'NONE',  ( 6.477000000000002089, 0.5079999999999971205, 0.6350000000000027844 ) ) ;
#1691 = CARTESIAN_POINT ( 'NONE',  ( -5.085678860471998242, 6.287389423200496985, -0.3809999999999976739 ) ) ;
#1692 = VERTEX_POINT ( 'NONE', #7047 ) ;
#1693 = CARTESIAN_POINT ( 'NONE',  ( -5.085678860471998242, 6.287389423200496985, 3.175000000000002487 ) ) ;
#1694 = VERTEX_POINT ( 'NONE', #4588 ) ;
#1695 = DIRECTION ( 'NONE',  ( 1.201410850312336183E-17, -0.7071067811865474617, -0.7071067811865475727 ) ) ;
#1696 = CIRCLE ( 'NONE', #1460, 0.1999999999999996503 ) ;
#1697 = VERTEX_POINT ( 'NONE', #3510 ) ;
#1698 = CARTESIAN_POINT ( 'NONE',  ( 4.216400000000001924, 1.977999999999997982, -4.470399999999997043 ) ) ;
#1699 = LINE ( 'NONE', #6298, #3590 ) ;
#1700 = DIRECTION ( 'NONE',  ( -1.000000000000000000, 1.371699786071155937E-16, -5.130477113903259476E-17 ) ) ;
#1701 = VECTOR ( 'NONE', #1517, 1000.000000000000000 ) ;
#1702 = CARTESIAN_POINT ( 'NONE',  ( 6.223000000000001641, 4.825999999999997847, 4.953000000000003844 ) ) ;
#1703 = VERTEX_POINT ( 'NONE', #3432 ) ;
#1704 = LINE ( 'NONE', #4109, #1452 ) ;
#1705 = ORIENTED_EDGE ( 'NONE', *, *, #6857, .T. ) ;
#1706 = EDGE_CURVE ( 'NONE', #979, #5920, #4086, .T. ) ;
#1707 = FACE_OUTER_BOUND ( 'NONE', #3037, .T. ) ;
#1708 = DIRECTION ( 'NONE',  ( 0.000000000000000000, 0.000000000000000000, -1.000000000000000000 ) ) ;
#1709 = DIRECTION ( 'NONE',  ( 5.130477113903260708E-17, 1.665334536937735304E-16, -1.000000000000000000 ) ) ;
#1710 = DIRECTION ( 'NONE',  ( -3.431425595409362857E-17, -1.000000000000000000, -0.000000000000000000 ) ) ;
#1711 = DIRECTION ( 'NONE',  ( -1.000000000000000000, 3.431425595409362857E-17, -5.130477113903259476E-17 ) ) ;
#1712 = CARTESIAN_POINT ( 'NONE',  ( 7.772400000000000198, -3.469446951953614189E-15, 4.191000000000001613 ) ) ;
#1713 = ORIENTED_EDGE ( 'NONE', *, *, #52, .T. ) ;
#1714 = CARTESIAN_POINT ( 'NONE',  ( 5.507748377663717498, 4.826000002803738198, -1.904999999999997362 ) ) ;
#1715 = CARTESIAN_POINT ( 'NONE',  ( 5.140909707198066947, 5.862319999999995090, -0.3809999999999981179 ) ) ;
#1716 = CARTESIAN_POINT ( 'NONE',  ( 2.159000000000000696, 7.112000000000000099, -4.724399999999997490 ) ) ;
#1717 = EDGE_CURVE ( 'NONE', #7433, #3494, #1, .T. ) ;
#1718 = SURFACE_SIDE_STYLE ('',( #616 ) ) ;
#1719 = DIRECTION ( 'NONE',  ( -1.000000000000000000, 3.431425595409362857E-17, -5.130477113903259476E-17 ) ) ;
#1720 = CARTESIAN_POINT ( 'NONE',  ( 6.223000000000001641, 4.792684585299998190, -4.444999999999996732 ) ) ;
#1721 = ORIENTED_EDGE ( 'NONE', *, *, #5875, .F. ) ;
#1722 = VERTEX_POINT ( 'NONE', #2943 ) ;
#1723 = DIRECTION ( 'NONE',  ( 5.130477113903260708E-17, 1.665334536937735304E-16, -1.000000000000000000 ) ) ;
#1724 = CARTESIAN_POINT ( 'NONE',  ( -6.222999999999998089, 0.5079999999999980087, -4.444999999999997620 ) ) ;
#1725 = CARTESIAN_POINT ( 'NONE',  ( -2.158999999999999364, 3.556000000000000938, -8.524399999720996490 ) ) ;
#1726 = EDGE_CURVE ( 'NONE', #3063, #1475, #1258, .T. ) ;
#1727 = ORIENTED_EDGE ( 'NONE', *, *, #752, .T. ) ;
#1728 = DIRECTION ( 'NONE',  ( -0.000000000000000000, -0.000000000000000000, 1.000000000000000000 ) ) ;
#1729 = ORIENTED_EDGE ( 'NONE', *, *, #5512, .F. ) ;
#1730 = CARTESIAN_POINT ( 'NONE',  ( -5.029696199582889271, 4.744466099814927063, -1.904999999999997584 ) ) ;
#1731 = ORIENTED_EDGE ( 'NONE', *, *, #1769, .T. ) ;
#1732 = DIRECTION ( 'NONE',  ( -1.000000000000000000, 3.431425595409362857E-17, -5.130477113903259476E-17 ) ) ;
#1733 = CARTESIAN_POINT ( 'NONE',  ( -5.371941468077998216, 5.947322718753698112, -0.3809999999999977294 ) ) ;
#1734 = LINE ( 'NONE', #1091, #4102 ) ;
#1735 = CARTESIAN_POINT ( 'NONE',  ( -6.222999999999998089, 4.232135350799998363, -1.904999999999997806 ) ) ;
#1736 = VERTEX_POINT ( 'NONE', #4702 ) ;
#1737 = LINE ( 'NONE', #5773, #2294 ) ;
#1738 = VERTEX_POINT ( 'NONE', #2978 ) ;
#1739 = DIRECTION ( 'NONE',  ( -1.371699786071155937E-16, -1.000000000000000000, -5.276989311053102048E-33 ) ) ;
#1740 = VERTEX_POINT ( 'NONE', #2858 ) ;
#1741 = CARTESIAN_POINT ( 'NONE',  ( 3.962400000000001477, 1.977999999999997982, -4.470399999999997043 ) ) ;
#1742 = DIRECTION ( 'NONE',  ( 5.130477113903260708E-17, 1.665334536937735304E-16, -1.000000000000000000 ) ) ;
#1743 = CARTESIAN_POINT ( 'NONE',  ( 4.216400000000001036, 4.825999999999996071, 4.470400000000003260 ) ) ;
#1744 = EDGE_CURVE ( 'NONE', #263, #157, #5299, .T. ) ;
#1745 = CARTESIAN_POINT ( 'NONE',  ( -4.980928442999998929, 4.216240551499997657, -2.920999999999997598 ) ) ;
#1746 = DIRECTION ( 'NONE',  ( -1.000000000000000000, 3.431425595409362857E-17, -5.130477113903259476E-17 ) ) ;
#1747 = ORIENTED_EDGE ( 'NONE', *, *, #3175, .T. ) ;
#1748 = CARTESIAN_POINT ( 'NONE',  ( 5.140909707198066947, 5.862319999999995090, -0.3809999999999981179 ) ) ;
#1749 = CARTESIAN_POINT ( 'NONE',  ( 5.679736218423002470, 4.689207125507997453, 0.6350000000000027844 ) ) ;
#1750 = EDGE_CURVE ( 'NONE', #18, #1350, #6433, .T. ) ;
#1751 = EDGE_CURVE ( 'NONE', #7021, #6743, #5724, .T. ) ;
#1752 = CARTESIAN_POINT ( 'NONE',  ( 4.016400000000001747, 1.977999999999994873, 4.470400000000003260 ) ) ;
#1753 = EDGE_CURVE ( 'NONE', #3232, #6724, #1622, .T. ) ;
#1754 = VECTOR ( 'NONE', #3663, 1000.000000000000000 ) ;
#1755 = LINE ( 'NONE', #6438, #6662 ) ;
#1756 = ORIENTED_EDGE ( 'NONE', *, *, #2990, .T. ) ;
#1757 = ORIENTED_EDGE ( 'NONE', *, *, #2999, .F. ) ;
#1758 = EDGE_LOOP ( 'NONE', ( #7186, #5592, #5138, #5819 ) ) ;
#1759 = AXIS2_PLACEMENT_3D ( 'NONE', #7012, #5194, #2407 ) ;
#1760 = FACE_OUTER_BOUND ( 'NONE', #877, .T. ) ;
#1761 = CARTESIAN_POINT ( 'NONE',  ( -5.507748380830430612, 5.862319999714975083, 3.175000000000003375 ) ) ;
#1762 = DIRECTION ( 'NONE',  ( 3.431425595409362857E-17, 1.000000000000000000, 0.000000000000000000 ) ) ;
#1763 = VECTOR ( 'NONE', #4485, 999.9999999999998863 ) ;
#1764 = EDGE_LOOP ( 'NONE', ( #1123, #4881, #5595, #1799, #6575, #6634, #106, #3890, #5070, #4384, #3882, #394, #6329, #2024 ) ) ;
#1765 = VERTEX_POINT ( 'NONE', #6470 ) ;
#1766 = CARTESIAN_POINT ( 'NONE',  ( -6.222999999999998089, 5.895635414699998300, -2.920999999999997598 ) ) ;
#1767 = ORIENTED_EDGE ( 'NONE', *, *, #2120, .T. ) ;
#1768 = VECTOR ( 'NONE', #7323, 1000.000000000000000 ) ;
#1769 = EDGE_CURVE ( 'NONE', #5120, #1116, #2293, .T. ) ;
#1770 = VECTOR ( 'NONE', #6976, 1000.000000000000000 ) ;
#1771 = DIRECTION ( 'NONE',  ( 1.201410850312336183E-17, -0.7071067811865474617, -0.7071067811865475727 ) ) ;
#1772 = AXIS2_PLACEMENT_3D ( 'NONE', #6900, #6328, #2222 ) ;
#1773 = CARTESIAN_POINT ( 'NONE',  ( 5.140909714137246844, 5.862319994912677856, 4.699000000000003396 ) ) ;
#1774 = VECTOR ( 'NONE', #4623, 999.9999999999998863 ) ;
#1775 = VECTOR ( 'NONE', #1444, 1000.000000000000000 ) ;
#1776 = CARTESIAN_POINT ( 'NONE',  ( 6.477000000000001201, 6.002332419999995672, 4.699000000000003396 ) ) ;
#1777 = ORIENTED_EDGE ( 'NONE', *, *, #6660, .F. ) ;
#1778 = CARTESIAN_POINT ( 'NONE',  ( 6.477000000000002089, -2.794000000000000483, -3.428999999999997161 ) ) ;
#1779 = ORIENTED_EDGE ( 'NONE', *, *, #6708, .F. ) ;
#1780 = VERTEX_POINT ( 'NONE', #4664 ) ;
#1781 = CARTESIAN_POINT ( 'NONE',  ( -2.158999999999998920, 3.556000000000001382, -11.52441814999999714 ) ) ;
#1782 = VECTOR ( 'NONE', #7221, 1000.000000000000000 ) ;
#1783 = DIRECTION ( 'NONE',  ( 0.000000000000000000, 1.000000000000000000, 0.000000000000000000 ) ) ;
#1784 = DIRECTION ( 'NONE',  ( -1.000000000000000000, 3.431425595409362857E-17, -5.130477113903259476E-17 ) ) ;
#1785 = CARTESIAN_POINT ( 'NONE',  ( 2.159000000000001140, 7.112000000000000988, -8.524399999720998267 ) ) ;
#1786 = CARTESIAN_POINT ( 'NONE',  ( -4.980928442999998929, 4.216240551499997657, -1.904999999999997806 ) ) ;
#1787 = VERTEX_POINT ( 'NONE', #6933 ) ;
#1788 = DIRECTION ( 'NONE',  ( -3.431425595409362857E-17, -1.000000000000000000, -0.000000000000000000 ) ) ;
#1789 = CARTESIAN_POINT ( 'NONE',  ( 3.937000000000001165, 7.112000000000000988, -8.524399999720998267 ) ) ;
#1790 = EDGE_CURVE ( 'NONE', #6446, #1798, #6971, .T. ) ;
#1791 = PLANE ( 'NONE',  #4386 ) ;
#1792 = DIRECTION ( 'NONE',  ( 0.000000000000000000, -0.000000000000000000, -1.000000000000000000 ) ) ;
#1793 = CARTESIAN_POINT ( 'NONE',  ( -5.507748381188998898, 4.825999999999996959, 2.159000000000002917 ) ) ;
#1794 = CARTESIAN_POINT ( 'NONE',  ( 2.159000000000000696, 6.057900000000000063, -6.121399999999997732 ) ) ;
#1795 = ORIENTED_EDGE ( 'NONE', *, *, #5480, .T. ) ;
#1796 = ORIENTED_EDGE ( 'NONE', *, *, #270, .T. ) ;
#1797 = EDGE_CURVE ( 'NONE', #6916, #4970, #7462, .T. ) ;
#1798 = VERTEX_POINT ( 'NONE', #4009 ) ;
#1799 = ORIENTED_EDGE ( 'NONE', *, *, #3492, .F. ) ;
#1800 = ADVANCED_FACE ( 'NONE', ( #2441 ), #3582, .F. ) ;
#1801 = EDGE_CURVE ( 'NONE', #5863, #5787, #1303, .T. ) ;
#1802 = B_SPLINE_CURVE_WITH_KNOTS ( 'NONE', 3,
 ( #2723, #1122, #1157, #5127, #1693, #6366 ),
 .UNSPECIFIED., .F., .F.,
 ( 4, 1, 1, 4 ),
 ( 0.000000000000000000, 0.4014956229037000002, 0.7375322085786999438, 1.000000000000000000 ),
 .UNSPECIFIED. ) ;
#1803 = CARTESIAN_POINT ( 'NONE',  ( -5.507748380830409296, 5.862319999715000840, -2.920999999999997154 ) ) ;
#1804 = LINE ( 'NONE', #5271, #6159 ) ;
#1805 = LINE ( 'NONE', #5879, #6144 ) ;
#1806 = ORIENTED_EDGE ( 'NONE', *, *, #6813, .T. ) ;
#1807 = CARTESIAN_POINT ( 'NONE',  ( 5.507748381189002451, 4.825999999999997847, -4.444999999999996732 ) ) ;
#1808 = EDGE_LOOP ( 'NONE', ( #7254, #683, #5418, #1070 ) ) ;
#1809 = CIRCLE ( 'NONE', #4251, 0.05400000000000022837 ) ;
#1810 = CARTESIAN_POINT ( 'NONE',  ( -5.825466848180997914, 6.796669658390997348, 0.6350000000000027844 ) ) ;
#1811 = CARTESIAN_POINT ( 'NONE',  ( 6.223000000000001641, -2.794000000000002260, 1.143000000000001570 ) ) ;
#1812 = EDGE_CURVE ( 'NONE', #3246, #4211, #5650, .T. ) ;
#1813 = DIRECTION ( 'NONE',  ( 5.130477113903260708E-17, 1.665334536937735304E-16, -1.000000000000000000 ) ) ;
#1814 = VERTEX_POINT ( 'NONE', #5455 ) ;
#1815 = CARTESIAN_POINT ( 'NONE',  ( 6.477000000000002089, 6.002332419999997448, -1.904999999999996918 ) ) ;
#1816 = ORIENTED_EDGE ( 'NONE', *, *, #1526, .F. ) ;
#1817 = ORIENTED_EDGE ( 'NONE', *, *, #4188, .F. ) ;
#1818 = CARTESIAN_POINT ( 'NONE',  ( 6.223000000000001641, 5.862319999999997755, 4.953000000000002068 ) ) ;
#1819 = LINE ( 'NONE', #2845, #2387 ) ;
#1820 = DIRECTION ( 'NONE',  ( 0.000000000000000000, -1.000000000000000000, 0.000000000000000000 ) ) ;
#1821 = CARTESIAN_POINT ( 'NONE',  ( -3.962399999999998812, 8.689999999999995950, 4.524400000000001754 ) ) ;
#1822 = SURFACE_STYLE_USAGE ( .BOTH. , #4801 ) ;
#1823 = ORIENTED_EDGE ( 'NONE', *, *, #2317, .F. ) ;
#1824 = DIRECTION ( 'NONE',  ( 5.130477113903260092E-17, 1.665334536937735304E-16, -1.000000000000000000 ) ) ;
#1825 = EDGE_CURVE ( 'NONE', #5846, #5606, #1913, .T. ) ;
#1826 = CARTESIAN_POINT ( 'NONE',  ( -6.222999999999998977, 0.5079999999999963434, 4.699000000000003396 ) ) ;
#1827 = CARTESIAN_POINT ( 'NONE',  ( 5.959238082004001846, 4.243216919750996574, -2.920999999999997154 ) ) ;
#1828 = CARTESIAN_POINT ( 'NONE',  ( 5.140909714137317899, 5.862319994912774668, -2.920999999999997598 ) ) ;
#1829 = PLANE ( 'NONE',  #1904 ) ;
#1830 = CARTESIAN_POINT ( 'NONE',  ( -5.507748381188792841, 4.826000000000000512, -0.3809999999999977294 ) ) ;
#1831 = ORIENTED_EDGE ( 'NONE', *, *, #1107, .F. ) ;
#1832 = ORIENTED_EDGE ( 'NONE', *, *, #6485, .T. ) ;
#1833 = VERTEX_POINT ( 'NONE', #3747 ) ;
#1834 = VERTEX_POINT ( 'NONE', #731 ) ;
#1835 = CARTESIAN_POINT ( 'NONE',  ( 5.679736218423002470, 5.999112874491997260, -0.3809999999999976739 ) ) ;
#1836 = VECTOR ( 'NONE', #3174, 1000.000000000000000 ) ;
#1837 = CARTESIAN_POINT ( 'NONE',  ( 6.223000000000001641, 4.792684585299996414, 2.159000000000002917 ) ) ;
#1838 = EDGE_CURVE ( 'NONE', #5444, #7017, #5989, .T. ) ;
#1839 = CARTESIAN_POINT ( 'NONE',  ( 6.223000000000001641, -2.717800000000001770, -2.920999999999997154 ) ) ;
#1840 = ORIENTED_EDGE ( 'NONE', *, *, #4504, .T. ) ;
#1841 = EDGE_LOOP ( 'NONE', ( #3098, #7141, #826, #5126 ) ) ;
#1842 = DIRECTION ( 'NONE',  ( -1.000000000000000000, 3.431425595409362857E-17, -5.130477113903259476E-17 ) ) ;
#1843 = VERTEX_POINT ( 'NONE', #3059 ) ;
#1844 = CARTESIAN_POINT ( 'NONE',  ( 5.371700992471000191, 4.741020151570095820, 4.699000000000003396 ) ) ;
#1845 = ADVANCED_FACE ( 'NONE', ( #5494 ), #2023, .T. ) ;
#1846 = CARTESIAN_POINT ( 'NONE',  ( -5.679736218422998917, 5.999112874491997260, -0.3809999999999976739 ) ) ;
#1847 = ADVANCED_FACE ( 'NONE', ( #4856 ), #7163, .T. ) ;
#1848 = CARTESIAN_POINT ( 'NONE',  ( -6.222999999999998089, 4.232135350799996587, 3.175000000000002487 ) ) ;
#1849 = ORIENTED_EDGE ( 'NONE', *, *, #3380, .F. ) ;
#1850 = CARTESIAN_POINT ( 'NONE',  ( 5.959238080889480926, 4.243216917964828028, -2.920999999999996710 ) ) ;
#1851 = VERTEX_POINT ( 'NONE', #7239 ) ;
#1852 = ORIENTED_EDGE ( 'NONE', *, *, #6716, .F. ) ;
#1853 = CARTESIAN_POINT ( 'NONE',  ( -6.222999999999998089, 4.792684585299997302, 3.175000000000002487 ) ) ;
#1854 = DIRECTION ( 'NONE',  ( 5.130477113903260092E-17, 1.665334536937735304E-16, -1.000000000000000000 ) ) ;
#1855 = EDGE_CURVE ( 'NONE', #3586, #1106, #152, .T. ) ;
#1856 = CARTESIAN_POINT ( 'NONE',  ( 6.477000000000002089, 0.5079999999999971205, -1.904999999999996918 ) ) ;
#1857 = B_SPLINE_SURFACE_WITH_KNOTS ( 'NONE', 3, 1, ( 
 ( #1480, #3915 ),
 ( #5591, #5551 ),
 ( #7268, #1597 ),
 ( #949, #2011 ),
 ( #6767, #4446 ),
 ( #3272, #2696 ) ),
 .UNSPECIFIED., .F., .F., .F.,
 ( 4, 1, 1, 4 ),
 ( 2, 2 ),
 ( 0.007958995328072355699, 0.3406152971556999920, 0.7665139843748000059, 0.9914409422889685075 ),
 ( 0.000000000000000000, 1.000000000000000000 ),
 .UNSPECIFIED. ) ;
#1858 = CARTESIAN_POINT ( 'NONE',  ( 7.772400000000001086, 0.5079999999999971205, 2.159000000000002917 ) ) ;
#1859 = ORIENTED_EDGE ( 'NONE', *, *, #5157, .T. ) ;
#1860 = CARTESIAN_POINT ( 'NONE',  ( -5.507748381188999787, 4.825999999999996959, 4.699000000000003396 ) ) ;
#1861 = DIRECTION ( 'NONE',  ( 5.130477113903260092E-17, 1.665334536937735304E-16, -1.000000000000000000 ) ) ;
#1862 = EDGE_CURVE ( 'NONE', #7332, #1902, #693, .T. ) ;
#1863 =( NAMED_UNIT ( * ) SI_UNIT ( $, .STERADIAN. ) SOLID_ANGLE_UNIT ( ) );
#1864 = UNCERTAINTY_MEASURE_WITH_UNIT (LENGTH_MEASURE( 1.000000000000000082E-05 ), #2100, 'distance_accuracy_value', 'NONE');
#1865 = PLANE ( 'NONE',  #2333 ) ;
#1866 = CARTESIAN_POINT ( 'NONE',  ( -3.962399999999997924, 5.862319999999997755, -4.724399999999997490 ) ) ;
#1867 = CARTESIAN_POINT ( 'NONE',  ( -5.507748381188424247, 5.862319999999709985, 3.175000000000003375 ) ) ;
#1868 = ORIENTED_EDGE ( 'NONE', *, *, #163, .F. ) ;
#1869 = FACE_OUTER_BOUND ( 'NONE', #6035, .T. ) ;
#1870 = ORIENTED_EDGE ( 'NONE', *, *, #4324, .F. ) ;
#1871 = ORIENTED_EDGE ( 'NONE', *, *, #3115, .F. ) ;
#1872 = ORIENTED_EDGE ( 'NONE', *, *, #4280, .T. ) ;
#1873 = EDGE_CURVE ( 'NONE', #1431, #6828, #3077, .T. ) ;
#1874 = CARTESIAN_POINT ( 'NONE',  ( 6.223000000000000753, 4.792684585299996414, 4.699000000000003396 ) ) ;
#1875 = CARTESIAN_POINT ( 'NONE',  ( 5.507748381189002451, 4.825999999999996959, -2.920999999999997154 ) ) ;
#1876 = CARTESIAN_POINT ( 'NONE',  ( 5.140909707198066947, 5.862319999999993314, 3.175000000000001599 ) ) ;
#1877 = CARTESIAN_POINT ( 'NONE',  ( -5.140909707198050960, 5.862319999999994202, 3.175000000000002487 ) ) ;
#1878 = VERTEX_POINT ( 'NONE', #3095 ) ;
#1879 = AXIS2_PLACEMENT_3D ( 'NONE', #3739, #4345, #1942 ) ;
#1880 = CARTESIAN_POINT ( 'NONE',  ( -5.825466848180998802, 6.796669658390996460, 3.175000000000003375 ) ) ;
#1881 = EDGE_LOOP ( 'NONE', ( #6068, #1806, #1203, #6518 ) ) ;
#1882 = LINE ( 'NONE', #6001, #3006 ) ;
#1883 = ADVANCED_FACE ( 'NONE', ( #240 ), #850, .F. ) ;
#1884 = CARTESIAN_POINT ( 'NONE',  ( 6.109955650407002281, 4.159618444802997139, -1.904999999999996918 ) ) ;
#1885 = CARTESIAN_POINT ( 'NONE',  ( -6.222999999999998089, 6.022838767099996993, -0.3809999999999976739 ) ) ;
#1886 = AXIS2_PLACEMENT_3D ( 'NONE', #7389, #4117, #4037 ) ;
#1887 = VECTOR ( 'NONE', #7250, 1000.000000000000000 ) ;
#1888 = CARTESIAN_POINT ( 'NONE',  ( -6.222999999999998089, 0.5079999999999963434, 3.175000000000002487 ) ) ;
#1889 = ORIENTED_EDGE ( 'NONE', *, *, #1118, .T. ) ;
#1890 = ADVANCED_FACE ( 'NONE', ( #4281 ), #6591, .F. ) ;
#1891 = VECTOR ( 'NONE', #2652, 1000.000000000000000 ) ;
#1892 = CARTESIAN_POINT ( 'NONE',  ( -5.371700992470998415, 4.741020151570095820, 4.699000000000003396 ) ) ;
#1893 = ORIENTED_EDGE ( 'NONE', *, *, #2777, .T. ) ;
#1894 = ADVANCED_FACE ( 'NONE', ( #812 ), #3154, .F. ) ;
#1895 = VECTOR ( 'NONE', #1244, 1000.000000000000000 ) ;
#1896 = DIRECTION ( 'NONE',  ( 1.000000000000000000, 0.000000000000000000, 0.000000000000000000 ) ) ;
#1897 = EDGE_CURVE ( 'NONE', #4471, #5444, #1032, .T. ) ;
#1898 = VECTOR ( 'NONE', #5335, 1000.000000000000000 ) ;
#1899 = CARTESIAN_POINT ( 'NONE',  ( 5.371941468078001769, 5.947322718753697224, -0.3809999999999972298 ) ) ;
#1900 = AXIS2_PLACEMENT_3D ( 'NONE', #4523, #3229, #2695 ) ;
#1901 = DIRECTION ( 'NONE',  ( 0.000000000000000000, 0.000000000000000000, -1.000000000000000000 ) ) ;
#1902 = VERTEX_POINT ( 'NONE', #1025 ) ;
#1903 = CARTESIAN_POINT ( 'NONE',  ( 2.159000000000001140, -0.08635999999994076193, -12.57299999999999685 ) ) ;
#1904 = AXIS2_PLACEMENT_3D ( 'NONE', #4894, #4160, #6469 ) ;
#1905 = VECTOR ( 'NONE', #2348, 999.9999999999998863 ) ;
#1906 = DIRECTION ( 'NONE',  ( -5.130477113903260092E-17, 1.760485048530960256E-33, 1.000000000000000000 ) ) ;
#1907 = CARTESIAN_POINT ( 'NONE',  ( -6.222999999999998089, 4.792684585299997302, 0.6350000000000027844 ) ) ;
#1908 = AXIS2_PLACEMENT_3D ( 'NONE', #2205, #5784, #572 ) ;
#1909 = LINE ( 'NONE', #3093, #6945 ) ;
#1910 = PLANE ( 'NONE',  #5197 ) ;
#1911 = STYLED_ITEM ( 'NONE', ( #392 ), #7005 ) ;
#1912 = ADVANCED_FACE ( 'NONE', ( #6170 ), #350, .F. ) ;
#1913 = LINE ( 'NONE', #4895, #6020 ) ;
#1914 = ORIENTED_EDGE ( 'NONE', *, *, #5572, .F. ) ;
#1915 = LINE ( 'NONE', #2676, #6745 ) ;
#1916 = VERTEX_POINT ( 'NONE', #2635 ) ;
#1917 = EDGE_LOOP ( 'NONE', ( #3959, #428, #4871, #6830 ) ) ;
#1918 = PLANE ( 'NONE',  #7407 ) ;
#1919 = CARTESIAN_POINT ( 'NONE',  ( -5.959238081891452765, 6.445103080431067610, -2.920999999999997598 ) ) ;
#1920 = CARTESIAN_POINT ( 'NONE',  ( -6.222999999999998977, 0.5079999999999963434, 4.699000000000003396 ) ) ;
#1921 = CARTESIAN_POINT ( 'NONE',  ( 4.808421041000002560, 6.218579345899996724, -2.920999999999997154 ) ) ;
#1922 = EDGE_LOOP ( 'NONE', ( #4488, #4565, #6229, #5385 ) ) ;
#1923 = VERTEX_POINT ( 'NONE', #6778 ) ;
#1924 = ADVANCED_FACE ( 'NONE', ( #2169 ), #6740, .F. ) ;
#1925 = CARTESIAN_POINT ( 'NONE',  ( -5.371941468077999104, 5.947322718753697224, 4.699000000000004285 ) ) ;
#1926 = EDGE_CURVE ( 'NONE', #3080, #7509, #3889, .T. ) ;
#1927 = ORIENTED_EDGE ( 'NONE', *, *, #2497, .F. ) ;
#1928 = DIRECTION ( 'NONE',  ( 3.431425595409362857E-17, 1.000000000000000000, 0.000000000000000000 ) ) ;
#1929 = CARTESIAN_POINT ( 'NONE',  ( -6.476999999999998536, 6.364590498671997665, 0.6350000000000027844 ) ) ;
#1930 = LINE ( 'NONE', #5927, #5316 ) ;
#1931 = CARTESIAN_POINT ( 'NONE',  ( -5.825466848180997914, 6.796669658390998237, -2.920999999999997598 ) ) ;
#1932 = ORIENTED_EDGE ( 'NONE', *, *, #1753, .T. ) ;
#1933 = CARTESIAN_POINT ( 'NONE',  ( -5.140909707197997669, 5.862319999999997755, -1.904999999999997584 ) ) ;
#1934 = VECTOR ( 'NONE', #4915, 1000.000000000000000 ) ;
#1935 = ORIENTED_EDGE ( 'NONE', *, *, #2470, .T. ) ;
#1936 = CARTESIAN_POINT ( 'NONE',  ( 4.808421041000002560, 6.218579345899995836, 2.159000000000002917 ) ) ;
#1937 = LINE ( 'NONE', #3770, #1048 ) ;
#1938 = VECTOR ( 'NONE', #2835, 1000.000000000000000 ) ;
#1939 = FACE_OUTER_BOUND ( 'NONE', #487, .T. ) ;
#1940 = EDGE_CURVE ( 'NONE', #6802, #1483, #2781, .T. ) ;
#1941 = ORIENTED_EDGE ( 'NONE', *, *, #74, .T. ) ;
#1942 = DIRECTION ( 'NONE',  ( -1.000000000000000000, 3.431425595409362857E-17, -5.130477113903259476E-17 ) ) ;
#1943 = CARTESIAN_POINT ( 'NONE',  ( -5.507748381188998898, 5.862319999999996867, 2.159000000000002917 ) ) ;
#1944 = VECTOR ( 'NONE', #4113, 1000.000000000000000 ) ;
#1945 = PRESENTATION_STYLE_ASSIGNMENT (( #4966 ) ) ;
#1946 = PRODUCT_DEFINITION_CONTEXT ( 'detailed design', #2448, 'design' ) ;
#1947 = CARTESIAN_POINT ( 'NONE',  ( 1.143000000000000016, 7.112000000000000988, -11.52441815000000069 ) ) ;
#1948 = DIRECTION ( 'NONE',  ( -3.431425595409362857E-17, -1.000000000000000000, -0.000000000000000000 ) ) ;
#1949 = CIRCLE ( 'NONE', #2924, 0.3810000000000011156 ) ;
#1950 = CARTESIAN_POINT ( 'NONE',  ( 7.772400000000000198, 0.5079999999999963434, 4.699000000000003396 ) ) ;
#1951 = EDGE_LOOP ( 'NONE', ( #6751, #2636, #4715, #10 ) ) ;
#1952 = DIRECTION ( 'NONE',  ( 0.5625939497761849317, 0.8267333594788778273, 2.886375383747156989E-17 ) ) ;
#1953 = EDGE_LOOP ( 'NONE', ( #7205, #1852, #3844, #2104 ) ) ;
#1954 = VERTEX_POINT ( 'NONE', #2132 ) ;
#1955 = DIRECTION ( 'NONE',  ( 0.000000000000000000, 0.000000000000000000, -1.000000000000000000 ) ) ;
#1956 = CARTESIAN_POINT ( 'NONE',  ( 5.507748381188442011, 5.862319999999709097, -0.3809999999999975628 ) ) ;
#1957 = FACE_OUTER_BOUND ( 'NONE', #3129, .T. ) ;
#1958 = CARTESIAN_POINT ( 'NONE',  ( -6.223000000000006082, 4.232135350800141360, -4.444999999999996732 ) ) ;
#1959 = VERTEX_POINT ( 'NONE', #3853 ) ;
#1960 = ORIENTED_EDGE ( 'NONE', *, *, #3186, .F. ) ;
#1961 = ORIENTED_EDGE ( 'NONE', *, *, #7054, .T. ) ;
#1962 = CARTESIAN_POINT ( 'NONE',  ( 6.223000000000001641, 0.5079999999999980087, -4.444999999999996732 ) ) ;
#1963 = CARTESIAN_POINT ( 'NONE',  ( -2.158999999999998920, 3.556000000000001826, -12.91441695749999674 ) ) ;
#1964 = CARTESIAN_POINT ( 'NONE',  ( -5.507748381188421583, 5.862319999999710873, -0.3809999999999970632 ) ) ;
#1965 = ADVANCED_FACE ( 'NONE', ( #1457 ), #6473, .F. ) ;
#1966 = CARTESIAN_POINT ( 'NONE',  ( 5.140909726420280101, 4.826000014092433510, -2.920999999999997598 ) ) ;
#1967 = AXIS2_PLACEMENT_3D ( 'NONE', #7199, #3242, #848 ) ;
#1968 = LINE ( 'NONE', #3647, #5061 ) ;
#1969 = VERTEX_POINT ( 'NONE', #995 ) ;
#1970 = DIRECTION ( 'NONE',  ( -3.431425595409362857E-17, -1.000000000000000000, -0.000000000000000000 ) ) ;
#1971 = ORIENTED_EDGE ( 'NONE', *, *, #636, .T. ) ;
#1972 = CARTESIAN_POINT ( 'NONE',  ( 2.159000000000000696, 7.112000000000000099, -4.724399999999997490 ) ) ;
#1973 = CARTESIAN_POINT ( 'NONE',  ( -5.029696199582974536, 4.744466099814811599, -4.444999999999997620 ) ) ;
#1974 = CARTESIAN_POINT ( 'NONE',  ( 5.679736216059525056, 4.689207129279827413, 3.175000000000002487 ) ) ;
#1975 = CARTESIAN_POINT ( 'NONE',  ( -3.962399999999998812, 1.977999999999996206, 4.470400000000003260 ) ) ;
#1976 = ORIENTED_EDGE ( 'NONE', *, *, #3065, .T. ) ;
#1977 = CARTESIAN_POINT ( 'NONE',  ( -6.109955650406999617, 4.159618444802997139, 4.699000000000003396 ) ) ;
#1978 = DIRECTION ( 'NONE',  ( 1.000000000000000000, -3.431425595409362857E-17, 5.130477113903259476E-17 ) ) ;
#1979 = CARTESIAN_POINT ( 'NONE',  ( 4.808421041000002560, 4.469740654099996213, 2.159000000000002917 ) ) ;
#1980 = EDGE_CURVE ( 'NONE', #6538, #5848, #5561, .T. ) ;
#1981 = B_SPLINE_CURVE_WITH_KNOTS ( 'NONE', 3,
 ( #1140, #7455, #5826, #5675, #1103 ),
 .UNSPECIFIED., .F., .F.,
 ( 4, 1, 4 ),
 ( 0.000000000000000000, 0.6189351753168998993, 1.000000000000000000 ),
 .UNSPECIFIED. ) ;
#1982 = DIRECTION ( 'NONE',  ( 0.000000000000000000, 1.000000000000000000, 0.000000000000000000 ) ) ;
#1983 = CARTESIAN_POINT ( 'NONE',  ( 5.140909707198001222, 5.862319999999996867, -4.444999999999997620 ) ) ;
#1984 = CARTESIAN_POINT ( 'NONE',  ( 6.477000000000028734, 6.364590498671152119, 3.175000000000002487 ) ) ;
#1985 = ORIENTED_EDGE ( 'NONE', *, *, #1838, .F. ) ;
#1986 = CARTESIAN_POINT ( 'NONE',  ( -5.679736218422998917, 5.999112874491998149, -1.904999999999997806 ) ) ;
#1987 = EDGE_LOOP ( 'NONE', ( #621, #6810, #127, #1316 ) ) ;
#1988 = ADVANCED_FACE ( 'NONE', ( #5112 ), #6672, .T. ) ;
#1989 = ORIENTED_EDGE ( 'NONE', *, *, #1518, .F. ) ;
#1990 = EDGE_CURVE ( 'NONE', #3692, #6722, #312, .T. ) ;
#1991 = CARTESIAN_POINT ( 'NONE',  ( -6.476999999999998536, 6.002332419999997448, -1.904999999999997806 ) ) ;
#1992 = ORIENTED_EDGE ( 'NONE', *, *, #4892, .T. ) ;
#1993 = LINE ( 'NONE', #6105, #1420 ) ;
#1994 = EDGE_CURVE ( 'NONE', #2684, #7351, #1248, .T. ) ;
#1995 = LINE ( 'NONE', #5957, #569 ) ;
#1996 = CARTESIAN_POINT ( 'NONE',  ( 6.223000000000001641, -2.602085213965210642E-15, 1.651000000000002244 ) ) ;
#1997 = ORIENTED_EDGE ( 'NONE', *, *, #2990, .F. ) ;
#1998 = ORIENTED_EDGE ( 'NONE', *, *, #7253, .F. ) ;
#1999 = EDGE_LOOP ( 'NONE', ( #4916, #6457, #1047, #4753 ) ) ;
#2000 = CARTESIAN_POINT ( 'NONE',  ( 5.085870582803002193, 4.401186195567396986, -1.904999999999996918 ) ) ;
#2001 = CARTESIAN_POINT ( 'NONE',  ( 6.223000000000001641, 4.825999999999997847, -4.952999999999998515 ) ) ;
#2002 = CARTESIAN_POINT ( 'NONE',  ( 2.159000000000001140, 7.112000000000000988, -12.91441695749999674 ) ) ;
#2003 = CIRCLE ( 'NONE', #2367, 0.1999999999999996503 ) ;
#2004 = DIRECTION ( 'NONE',  ( -5.130477113903260708E-17, -1.665334536937735304E-16, 1.000000000000000000 ) ) ;
#2005 = ADVANCED_FACE ( 'NONE', ( #6130 ), #5636, .T. ) ;
#2006 = EDGE_LOOP ( 'NONE', ( #3423, #5386, #2807, #6514 ) ) ;
#2007 = CARTESIAN_POINT ( 'NONE',  ( 6.223000000000001641, 4.792684585299997302, -0.3809999999999976739 ) ) ;
#2008 = ORIENTED_EDGE ( 'NONE', *, *, #2120, .F. ) ;
#2009 = FACE_OUTER_BOUND ( 'NONE', #7127, .T. ) ;
#2010 = LINE ( 'NONE', #3196, #4958 ) ;
#2011 = CARTESIAN_POINT ( 'NONE',  ( -5.724327148805998355, 4.081300973171996915, 0.6350000000000032285 ) ) ;
#2012 = EDGE_LOOP ( 'NONE', ( #4996, #4438, #4145, #128, #2536, #2878, #1077, #3 ) ) ;
#2013 = AXIS2_PLACEMENT_3D ( 'NONE', #294, #2613, #367 ) ;
#2014 = DIRECTION ( 'NONE',  ( 1.000000000000000000, -3.431425595409362857E-17, 5.130477113903260092E-17 ) ) ;
#2015 = ORIENTED_EDGE ( 'NONE', *, *, #5946, .T. ) ;
#2016 = CARTESIAN_POINT ( 'NONE',  ( 6.223000000000001641, 5.862319999999996867, -0.3809999999999976739 ) ) ;
#2017 = VECTOR ( 'NONE', #4271, 1000.000000000000000 ) ;
#2018 = SURFACE_STYLE_FILL_AREA ( #1376 ) ;
#2019 = AXIS2_PLACEMENT_3D ( 'NONE', #5023, #2617, #7373 ) ;
#2020 = PLANE ( 'NONE',  #5865 ) ;
#2021 = CARTESIAN_POINT ( 'NONE',  ( 6.223000000000001641, 0.5079999999999980087, -4.444999999999996732 ) ) ;
#2022 = VECTOR ( 'NONE', #4540, 1000.000000000000000 ) ;
#2023 = PLANE ( 'NONE',  #2735 ) ;
#2024 = ORIENTED_EDGE ( 'NONE', *, *, #6951, .F. ) ;
#2025 = AXIS2_PLACEMENT_3D ( 'NONE', #570, #4729, #2356 ) ;
#2026 = CARTESIAN_POINT ( 'NONE',  ( -4.980928442999998929, 6.472079448499997056, 3.175000000000002487 ) ) ;
#2027 = ADVANCED_FACE ( 'NONE', ( #7347 ), #5079, .T. ) ;
#2028 = EDGE_LOOP ( 'NONE', ( #6983, #4718, #1058, #2198 ) ) ;
#2029 = CARTESIAN_POINT ( 'NONE',  ( 3.962400000000000588, 8.889999999999995239, 4.524400000000001754 ) ) ;
#2030 = VECTOR ( 'NONE', #6739, 1000.000000000000000 ) ;
#2031 = CARTESIAN_POINT ( 'NONE',  ( 5.140909726420336057, 4.826000014092356238, 0.6350000000000035616 ) ) ;
#2032 = VECTOR ( 'NONE', #1234, 1000.000000000000000 ) ;
#2033 =( NAMED_UNIT ( * ) PLANE_ANGLE_UNIT ( ) SI_UNIT ( $, .RADIAN. ) );
#2034 = CARTESIAN_POINT ( 'NONE',  ( 1.578346533545035726E-15, 5.344159999999996913, -1.904999999999997362 ) ) ;
#2035 = EDGE_CURVE ( 'NONE', #2268, #4317, #4656, .T. ) ;
#2036 = ORIENTED_EDGE ( 'NONE', *, *, #6962, .F. ) ;
#2037 = ORIENTED_EDGE ( 'NONE', *, *, #4138, .T. ) ;
#2038 = DIRECTION ( 'NONE',  ( -1.371699786071155937E-16, -1.000000000000000000, -5.276989311053102048E-33 ) ) ;
#2039 = CARTESIAN_POINT ( 'NONE',  ( 4.919058028974505170, 6.081215945592894023, -0.3809999999999981179 ) ) ;
#2040 = LINE ( 'NONE', #3796, #320 ) ;
#2041 = ORIENTED_EDGE ( 'NONE', *, *, #147, .F. ) ;
#2042 = CARTESIAN_POINT ( 'NONE',  ( -2.158999999999999364, 3.556000000000001826, -8.524399999721003596 ) ) ;
#2043 = ORIENTED_EDGE ( 'NONE', *, *, #1299, .T. ) ;
#2044 = PLANE ( 'NONE',  #2019 ) ;
#2045 = EDGE_CURVE ( 'NONE', #1959, #4682, #266, .T. ) ;
#2046 = DIRECTION ( 'NONE',  ( -5.130477113903260092E-17, 1.760485048530960256E-33, 1.000000000000000000 ) ) ;
#2047 = FACE_OUTER_BOUND ( 'NONE', #289, .T. ) ;
#2048 = ORIENTED_EDGE ( 'NONE', *, *, #475, .T. ) ;
#2049 = DIRECTION ( 'NONE',  ( -3.431425595409362857E-17, -1.000000000000000000, -0.000000000000000000 ) ) ;
#2050 = EDGE_LOOP ( 'NONE', ( #1614, #474, #4775, #3476 ) ) ;
#2051 = PLANE ( 'NONE',  #811 ) ;
#2052 = CYLINDRICAL_SURFACE ( 'NONE', #1464, 1.015999999999999570 ) ;
#2053 = VECTOR ( 'NONE', #2615, 1000.000000000000000 ) ;
#2054 = FACE_OUTER_BOUND ( 'NONE', #5346, .T. ) ;
#2055 = CARTESIAN_POINT ( 'NONE',  ( -3.936999999999999389, 3.556000000000002270, -8.524399999721003596 ) ) ;
#2056 = EDGE_CURVE ( 'NONE', #1736, #5924, #3999, .T. ) ;
#2057 = CARTESIAN_POINT ( 'NONE',  ( -3.962399999999997924, 8.689999999999995950, -4.724399999999997490 ) ) ;
#2058 = ORIENTED_EDGE ( 'NONE', *, *, #3705, .T. ) ;
#2059 = LINE ( 'NONE', #5605, #2242 ) ;
#2060 = VECTOR ( 'NONE', #4604, 1000.000000000000000 ) ;
#2061 = ORIENTED_EDGE ( 'NONE', *, *, #2831, .T. ) ;
#2062 = PLANE ( 'NONE',  #853 ) ;
#2063 = ORIENTED_EDGE ( 'NONE', *, *, #4515, .F. ) ;
#2064 = CARTESIAN_POINT ( 'NONE',  ( -3.962399999999998812, 4.825999999999996959, 4.470400000000003260 ) ) ;
#2065 = AXIS2_PLACEMENT_3D ( 'NONE', #4625, #3541, #6928 ) ;
#2066 = SURFACE_STYLE_FILL_AREA ( #3183 ) ;
#2067 = CARTESIAN_POINT ( 'NONE',  ( -4.980928442999998929, 4.216240551499996769, 0.6350000000000027844 ) ) ;
#2068 = ORIENTED_EDGE ( 'NONE', *, *, #1129, .F. ) ;
#2069 = ORIENTED_EDGE ( 'NONE', *, *, #6432, .F. ) ;
#2070 = MANIFOLD_SOLID_BREP ( 'Combine2', #6648 ) ;
#2071 = FACE_OUTER_BOUND ( 'NONE', #1183, .T. ) ;
#2072 = ADVANCED_FACE ( 'NONE', ( #7000 ), #2325, .T. ) ;
#2073 = CARTESIAN_POINT ( 'NONE',  ( 5.371700992471001079, 4.741020151570095820, 2.159000000000003805 ) ) ;
#2074 = LINE ( 'NONE', #5055, #4947 ) ;
#2075 = ORIENTED_EDGE ( 'NONE', *, *, #4036, .F. ) ;
#2076 = DIRECTION ( 'NONE',  ( 5.130477113903260708E-17, 1.665334536937735304E-16, -1.000000000000000000 ) ) ;
#2077 = ORIENTED_EDGE ( 'NONE', *, *, #698, .F. ) ;
#2078 = EDGE_CURVE ( 'NONE', #119, #4481, #2896, .T. ) ;
#2079 = CARTESIAN_POINT ( 'NONE',  ( -5.507748377663705952, 4.826000002803728428, 0.6350000000000023404 ) ) ;
#2080 = EDGE_CURVE ( 'NONE', #2133, #4048, #3429, .T. ) ;
#2081 = CARTESIAN_POINT ( 'NONE',  ( -6.222999999999998089, 4.232135350799997475, 2.159000000000002917 ) ) ;
#2082 = ADVANCED_FACE ( 'NONE', ( #7537 ), #497, .F. ) ;
#2083 = CARTESIAN_POINT ( 'NONE',  ( -4.808421041000485729, 6.218579345900025146, -2.920999999999997154 ) ) ;
#2084 = ORIENTED_EDGE ( 'NONE', *, *, #7054, .F. ) ;
#2085 = CARTESIAN_POINT ( 'NONE',  ( -5.085870582802998641, 4.401186195567396986, 3.175000000000002487 ) ) ;
#2086 = ORIENTED_EDGE ( 'NONE', *, *, #2516, .F. ) ;
#2087 = LINE ( 'NONE', #2016, #3603 ) ;
#2088 = TOROIDAL_SURFACE ( 'NONE', #3073, 0.05399999999999998551, 0.2000000000000000111 ) ;
#2089 = PLANE ( 'NONE',  #3287 ) ;
#2090 = ADVANCED_FACE ( 'NONE', ( #6845 ), #2240, .F. ) ;
#2091 = CARTESIAN_POINT ( 'NONE',  ( -5.029696186833999327, 4.744466083986997873, -2.920999999999997598 ) ) ;
#2092 = DIRECTION ( 'NONE',  ( 3.431425595409362857E-17, 1.000000000000000000, 0.000000000000000000 ) ) ;
#2093 = DIRECTION ( 'NONE',  ( 1.000000000000000000, -3.431425595409362857E-17, 5.130477113903259476E-17 ) ) ;
#2094 = ORIENTED_EDGE ( 'NONE', *, *, #224, .F. ) ;
#2095 = EDGE_CURVE ( 'NONE', #2111, #5207, #2817, .T. ) ;
#2096 = CARTESIAN_POINT ( 'NONE',  ( 4.980928443000001593, 6.472079448499996168, 4.699000000000003396 ) ) ;
#2097 = EDGE_CURVE ( 'NONE', #5573, #3488, #5423, .T. ) ;
#2098 = VERTEX_POINT ( 'NONE', #1678 ) ;
#2099 = CARTESIAN_POINT ( 'NONE',  ( -6.222999999999998089, 4.825999999999997847, 4.953000000000002068 ) ) ;
#2100 =( LENGTH_UNIT ( ) NAMED_UNIT ( * ) SI_UNIT ( .MILLI., .METRE. ) );
#2101 = LINE ( 'NONE', #5685, #5568 ) ;
#2102 = EDGE_LOOP ( 'NONE', ( #1212, #5882, #5509, #7359 ) ) ;
#2103 = EDGE_CURVE ( 'NONE', #5594, #498, #5827, .T. ) ;
#2104 = ORIENTED_EDGE ( 'NONE', *, *, #5964, .F. ) ;
#2105 = B_SPLINE_SURFACE_WITH_KNOTS ( 'NONE', 3, 1, ( 
 ( #2083, #1510 ),
 ( #1669, #7413 ),
 ( #7446, #486 ),
 ( #5815, #4678 ) ),
 .UNSPECIFIED., .F., .F., .F.,
 ( 4, 4 ),
 ( 2, 2 ),
 ( 0.007915563363713497280, 0.2236253938936070274 ),
 ( 0.000000000000000000, 1.000000000000000000 ),
 .UNSPECIFIED. ) ;
#2106 = FACE_OUTER_BOUND ( 'NONE', #46, .T. ) ;
#2107 = B_SPLINE_CURVE_WITH_KNOTS ( 'NONE', 3,
 ( #6477, #4203, #1231, #1835, #1956 ),
 .UNSPECIFIED., .F., .F.,
 ( 4, 1, 4 ),
 ( 0.000000000000000000, 0.3810648246831000452, 1.000000000000000000 ),
 .UNSPECIFIED. ) ;
#2108 = CARTESIAN_POINT ( 'NONE',  ( -4.808421040999999896, 4.469740654099996213, 4.699000000000003396 ) ) ;
#2109 = DIRECTION ( 'NONE',  ( 0.000000000000000000, -1.000000000000000000, 0.000000000000000000 ) ) ;
#2110 = DIRECTION ( 'NONE',  ( 1.000000000000000000, -3.431425595409362857E-17, 5.130477113903259476E-17 ) ) ;
#2111 = VERTEX_POINT ( 'NONE', #7074 ) ;
#2112 = DIRECTION ( 'NONE',  ( -3.431425595409362857E-17, -1.000000000000000000, -0.000000000000000000 ) ) ;
#2113 = ORIENTED_EDGE ( 'NONE', *, *, #3372, .T. ) ;
#2114 = EDGE_CURVE ( 'NONE', #7031, #6304, #6545, .T. ) ;
#2115 = CARTESIAN_POINT ( 'NONE',  ( 6.223000000000001641, 4.232135350799998363, -4.444999999999996732 ) ) ;
#2116 = DIRECTION ( 'NONE',  ( 0.5625939497761849317, -0.8267333594788778273, 2.886375383747156989E-17 ) ) ;
#2117 =( NAMED_UNIT ( * ) SI_UNIT ( $, .STERADIAN. ) SOLID_ANGLE_UNIT ( ) );
#2118 = ORIENTED_EDGE ( 'NONE', *, *, #495, .T. ) ;
#2119 = EDGE_CURVE ( 'NONE', #1191, #5507, #2432, .T. ) ;
#2120 = EDGE_CURVE ( 'NONE', #1916, #4723, #4201, .T. ) ;
#2121 = FACE_OUTER_BOUND ( 'NONE', #1236, .T. ) ;
#2122 = B_SPLINE_CURVE_WITH_KNOTS ( 'NONE', 3,
 ( #1358, #1884, #4789, #7220, #2000, #7143 ),
 .UNSPECIFIED., .F., .F.,
 ( 4, 1, 1, 4 ),
 ( 0.000000000000000000, 0.2287047143702000129, 0.6617565739328999941, 1.000000000000000000 ),
 .UNSPECIFIED. ) ;
#2123 = ORIENTED_EDGE ( 'NONE', *, *, #147, .T. ) ;
#2124 = ADVANCED_FACE ( 'NONE', ( #5332 ), #1290, .F. ) ;
#2125 = VECTOR ( 'NONE', #3210, 1000.000000000000000 ) ;
#2126 = ORIENTED_EDGE ( 'NONE', *, *, #7202, .T. ) ;
#2127 = FACE_OUTER_BOUND ( 'NONE', #1951, .T. ) ;
#2128 = LINE ( 'NONE', #6233, #2917 ) ;
#2129 = CARTESIAN_POINT ( 'NONE',  ( 5.507748381188818598, 4.826000000000000512, 3.175000000000003375 ) ) ;
#2130 = LINE ( 'NONE', #994, #5793 ) ;
#2131 = PRESENTATION_LAYER_ASSIGNMENT (  '', '', ( #919 ) ) ;
#2132 = CARTESIAN_POINT ( 'NONE',  ( 6.223000000000000753, 4.232135350799996587, 4.699000000000003396 ) ) ;
#2133 = VERTEX_POINT ( 'NONE', #2551 ) ;
#2134 = CARTESIAN_POINT ( 'NONE',  ( 3.962400000000001477, 5.862319999999997755, -4.724399999999997490 ) ) ;
#2135 = VECTOR ( 'NONE', #6640, 1000.000000000000000 ) ;
#2136 = AXIS2_PLACEMENT_3D ( 'NONE', #2720, #1006, #3326 ) ;
#2137 = VERTEX_POINT ( 'NONE', #721 ) ;
#2138 = CARTESIAN_POINT ( 'NONE',  ( -4.808421040999999008, 6.218579345899996724, 0.6350000000000027844 ) ) ;
#2139 = VECTOR ( 'NONE', #1131, 1000.000000000000114 ) ;
#2140 = CIRCLE ( 'NONE', #7484, 0.2539999999999990044 ) ;
#2141 = EDGE_CURVE ( 'NONE', #2111, #5088, #7154, .T. ) ;
#2142 = VECTOR ( 'NONE', #5549, 1000.000000000000000 ) ;
#2143 = DIRECTION ( 'NONE',  ( -1.000000000000000000, 1.371699786071155937E-16, 7.238445109071316109E-49 ) ) ;
#2144 = EDGE_LOOP ( 'NONE', ( #4076, #4291, #5067, #5290 ) ) ;
#2145 = VERTEX_POINT ( 'NONE', #2400 ) ;
#2146 = VECTOR ( 'NONE', #3454, 1000.000000000000000 ) ;
#2147 = AXIS2_PLACEMENT_3D ( 'NONE', #2611, #1007, #5648 ) ;
#2148 = CARTESIAN_POINT ( 'NONE',  ( 6.477000000000002089, 0.5079999999999971205, 2.159000000000002917 ) ) ;
#2149 = CARTESIAN_POINT ( 'NONE',  ( -5.507748381188998898, 4.825999999999997847, -2.920999999999997598 ) ) ;
#2150 = DIRECTION ( 'NONE',  ( 3.431425595409362857E-17, 1.000000000000000000, 0.000000000000000000 ) ) ;
#2151 = ADVANCED_FACE ( 'NONE', ( #4765 ), #4185, .F. ) ;
#2152 = FACE_OUTER_BOUND ( 'NONE', #694, .T. ) ;
#2153 = ORIENTED_EDGE ( 'NONE', *, *, #2167, .F. ) ;
#2154 = CARTESIAN_POINT ( 'NONE',  ( -4.216399999999997483, 4.825999999999996959, -4.470399999999997931 ) ) ;
#2155 = ORIENTED_EDGE ( 'NONE', *, *, #5851, .T. ) ;
#2156 = CARTESIAN_POINT ( 'NONE',  ( -6.476999999999997648, -2.794000000000002260, 1.651000000000002244 ) ) ;
#2157 = CARTESIAN_POINT ( 'NONE',  ( 6.223000000000001641, 0.5079999999999971205, -1.904999999999996918 ) ) ;
#2158 = MANIFOLD_SOLID_BREP ( 'Cut-Extrude2[8]', #6521 ) ;
#2159 = CARTESIAN_POINT ( 'NONE',  ( -3.962399999999997924, 8.689999999999995950, -4.724399999999997490 ) ) ;
#2160 = ORIENTED_EDGE ( 'NONE', *, *, #6450, .T. ) ;
#2161 = LINE ( 'NONE', #3234, #7401 ) ;
#2162 = ORIENTED_EDGE ( 'NONE', *, *, #3011, .F. ) ;
#2163 = ORIENTED_EDGE ( 'NONE', *, *, #7158, .F. ) ;
#2164 = DIRECTION ( 'NONE',  ( -1.000000000000000000, 3.431425595409362857E-17, -5.130477113903259476E-17 ) ) ;
#2165 = CARTESIAN_POINT ( 'NONE',  ( 4.919058026674002271, 4.607104051550197532, -2.920999999999997154 ) ) ;
#2166 = LINE ( 'NONE', #4617, #5738 ) ;
#2167 = EDGE_CURVE ( 'NONE', #4555, #4896, #5792, .T. ) ;
#2168 = LINE ( 'NONE', #918, #77 ) ;
#2169 = FACE_OUTER_BOUND ( 'NONE', #5695, .T. ) ;
#2170 = ORIENTED_EDGE ( 'NONE', *, *, #2555, .T. ) ;
#2171 = DIRECTION ( 'NONE',  ( 3.431425595409362857E-17, 1.000000000000000000, 0.000000000000000000 ) ) ;
#2172 = MANIFOLD_SOLID_BREP ( 'Boss-Extrude2', #1294 ) ;
#2173 = CARTESIAN_POINT ( 'NONE',  ( 5.507748381188819486, 4.826000000000000512, 0.6350000000000035616 ) ) ;
#2174 = VECTOR ( 'NONE', #4724, 1000.000000000000000 ) ;
#2175 = EDGE_CURVE ( 'NONE', #2701, #3511, #409, .T. ) ;
#2176 = FACE_OUTER_BOUND ( 'NONE', #22, .T. ) ;
#2177 = FILL_AREA_STYLE_COLOUR ( '', #7501 ) ;
#2178 = PRESENTATION_LAYER_ASSIGNMENT (  '', '', ( #5471 ) ) ;
#2179 = CARTESIAN_POINT ( 'NONE',  ( -5.371700992470997527, 4.741020151570096708, 0.6350000000000027844 ) ) ;
#2180 = ORIENTED_EDGE ( 'NONE', *, *, #4950, .F. ) ;
#2181 = VERTEX_POINT ( 'NONE', #5485 ) ;
#2182 = AXIS2_PLACEMENT_3D ( 'NONE', #3995, #4571, #3533 ) ;
#2183 = LINE ( 'NONE', #4094, #4207 ) ;
#2184 = EDGE_CURVE ( 'NONE', #1400, #1345, #3233, .T. ) ;
#2185 = CARTESIAN_POINT ( 'NONE',  ( 5.371700992471001079, 4.741020151570095820, 0.6350000000000032285 ) ) ;
#2186 = CARTESIAN_POINT ( 'NONE',  ( 6.223000000000001641, 0.5079999999999971205, 2.159000000000002917 ) ) ;
#2187 = DIRECTION ( 'NONE',  ( -1.371699786071155937E-16, -1.000000000000000000, -5.276989311053102048E-33 ) ) ;
#2188 = ORIENTED_EDGE ( 'NONE', *, *, #3937, .T. ) ;
#2189 = CARTESIAN_POINT ( 'NONE',  ( -5.085870582802998641, 4.401186195567396986, -0.3809999999999976739 ) ) ;
#2190 = ORIENTED_EDGE ( 'NONE', *, *, #782, .T. ) ;
#2191 = CARTESIAN_POINT ( 'NONE',  ( 5.507748380830438606, 5.862319999714967089, -1.904999999999997362 ) ) ;
#2192 = FACE_OUTER_BOUND ( 'NONE', #7102, .T. ) ;
#2193 = EDGE_CURVE ( 'NONE', #4824, #5970, #3772, .T. ) ;
#2194 = CARTESIAN_POINT ( 'NONE',  ( 6.477000000000002089, -2.602085213965210642E-15, 1.143000000000002458 ) ) ;
#2195 = LINE ( 'NONE', #1735, #6635 ) ;
#2196 = ORIENTED_EDGE ( 'NONE', *, *, #5014, .F. ) ;
#2197 = DIRECTION ( 'NONE',  ( 0.000000000000000000, -0.000000000000000000, 1.000000000000000000 ) ) ;
#2198 = ORIENTED_EDGE ( 'NONE', *, *, #3850, .T. ) ;
#2199 = ADVANCED_FACE ( 'NONE', ( #269 ), #1857, .T. ) ;
#2200 = CARTESIAN_POINT ( 'NONE',  ( -6.476999999999998536, -2.602085213965210642E-15, 1.651000000000002244 ) ) ;
#2201 = DIRECTION ( 'NONE',  ( 0.000000000000000000, -0.000000000000000000, -1.000000000000000000 ) ) ;
#2202 =( GEOMETRIC_REPRESENTATION_CONTEXT ( 3 ) GLOBAL_UNCERTAINTY_ASSIGNED_CONTEXT ( ( #2631 ) ) GLOBAL_UNIT_ASSIGNED_CONTEXT ( ( #3466, #3928, #4542 ) ) REPRESENTATION_CONTEXT ( 'NONE', 'WORKASPACE' ) );
#2203 = CARTESIAN_POINT ( 'NONE',  ( 4.919058033047578604, 4.607104059464186108, 2.159000000000003361 ) ) ;
#2204 = FACE_OUTER_BOUND ( 'NONE', #5765, .T. ) ;
#2205 = CARTESIAN_POINT ( 'NONE',  ( 4.016400000000002635, 8.689999999999994174, 4.953000000000002956 ) ) ;
#2206 = CARTESIAN_POINT ( 'NONE',  ( 5.959238081891436778, 6.445103080431096032, 3.175000000000005151 ) ) ;
#2207 = ORIENTED_EDGE ( 'NONE', *, *, #3164, .F. ) ;
#2208 = CARTESIAN_POINT ( 'NONE',  ( 6.477000000000001201, 6.002332419999995672, 4.699000000000003396 ) ) ;
#2209 = CARTESIAN_POINT ( 'NONE',  ( -4.980928442999998929, 6.472079448499997945, -1.904999999999997806 ) ) ;
#2210 = EDGE_CURVE ( 'NONE', #3554, #36, #6090, .T. ) ;
#2211 = CARTESIAN_POINT ( 'NONE',  ( -5.507748381188998898, 5.862319999999996867, 0.6350000000000027844 ) ) ;
#2212 = CARTESIAN_POINT ( 'NONE',  ( 4.808421041000002560, 6.218579345899995836, 3.175000000000002487 ) ) ;
#2213 = CARTESIAN_POINT ( 'NONE',  ( -5.140909707197997669, 5.862319999999996867, -0.3809999999999976739 ) ) ;
#2214 = ADVANCED_FACE ( 'NONE', ( #7230, #343 ), #1558, .F. ) ;
#2215 = ORIENTED_EDGE ( 'NONE', *, *, #6646, .T. ) ;
#2216 = EDGE_CURVE ( 'NONE', #6690, #5644, #2731, .T. ) ;
#2217 = EDGE_LOOP ( 'NONE', ( #4349, #5469, #1319, #5021 ) ) ;
#2218 = EDGE_CURVE ( 'NONE', #4440, #5912, #876, .T. ) ;
#2219 = PLANE ( 'NONE',  #316 ) ;
#2220 = CARTESIAN_POINT ( 'NONE',  ( -6.223000000000387999, 4.792684585299991085, 4.699000000000004285 ) ) ;
#2221 = DIRECTION ( 'NONE',  ( 3.431425595409362857E-17, 1.000000000000000000, 0.000000000000000000 ) ) ;
#2222 = DIRECTION ( 'NONE',  ( 0.000000000000000000, -1.000000000000000000, 0.000000000000000000 ) ) ;
#2223 = ORIENTED_EDGE ( 'NONE', *, *, #1433, .T. ) ;
#2224 = CARTESIAN_POINT ( 'NONE',  ( 3.962400000000001477, 8.689999999999995950, -4.724399999999997490 ) ) ;
#2225 = ORIENTED_EDGE ( 'NONE', *, *, #6125, .F. ) ;
#2226 = FACE_OUTER_BOUND ( 'NONE', #5301, .T. ) ;
#2227 = LINE ( 'NONE', #1165, #924 ) ;
#2228 = CARTESIAN_POINT ( 'NONE',  ( -5.140909707197997669, 4.825999999999997847, -2.920999999999997598 ) ) ;
#2229 = EDGE_CURVE ( 'NONE', #6446, #4317, #909, .T. ) ;
#2230 = PLANE ( 'NONE',  #6390 ) ;
#2231 = EDGE_LOOP ( 'NONE', ( #656, #6289, #1840 ) ) ;
#2232 = FACE_OUTER_BOUND ( 'NONE', #1088, .T. ) ;
#2233 = EDGE_LOOP ( 'NONE', ( #3301, #6910, #7477, #1868 ) ) ;
#2234 = ORIENTED_EDGE ( 'NONE', *, *, #7059, .F. ) ;
#2235 = PLANE ( 'NONE',  #3974 ) ;
#2236 = CARTESIAN_POINT ( 'NONE',  ( 5.507748380830467916, 5.862319999714931562, -2.920999999999997598 ) ) ;
#2237 = CARTESIAN_POINT ( 'NONE',  ( -5.140909707198177969, 4.825999999999996959, -2.920999999999997598 ) ) ;
#2238 = CARTESIAN_POINT ( 'NONE',  ( 6.223000000000001641, 5.895635414699997412, -0.3809999999999976739 ) ) ;
#2239 = CARTESIAN_POINT ( 'NONE',  ( 5.507748381189001563, 4.825999999999996071, 4.699000000000003396 ) ) ;
#2240 = PLANE ( 'NONE',  #1523 ) ;
#2241 = EDGE_LOOP ( 'NONE', ( #6231, #817, #6464, #7288 ) ) ;
#2242 = VECTOR ( 'NONE', #1028, 1000.000000000000000 ) ;
#2243 = CARTESIAN_POINT ( 'NONE',  ( -5.085870582802999529, 4.401186195567396986, 4.699000000000003396 ) ) ;
#2244 = LINE ( 'NONE', #31, #929 ) ;
#2245 = CARTESIAN_POINT ( 'NONE',  ( 4.808421041000001672, 6.218579345899995836, 4.699000000000003396 ) ) ;
#2246 = VECTOR ( 'NONE', #5896, 1000.000000000000000 ) ;
#2247 = FILL_AREA_STYLE_COLOUR ( '', #1232 ) ;
#2248 = DIRECTION ( 'NONE',  ( -1.000000000000000000, 3.431425595409362857E-17, -5.130477113903259476E-17 ) ) ;
#2249 = B_SPLINE_CURVE_WITH_KNOTS ( 'NONE', 3,
 ( #4836, #4878, #3044, #4722, #1324 ),
 .UNSPECIFIED., .F., .F.,
 ( 4, 1, 4 ),
 ( 0.000000000000000000, 0.3810648246831000452, 1.000000000000000000 ),
 .UNSPECIFIED. ) ;
#2250 = DIRECTION ( 'NONE',  ( -3.431425595409362241E-17, -1.000000000000000000, -1.665334536937735304E-16 ) ) ;
#2251 = VECTOR ( 'NONE', #3302, 1000.000000000000000 ) ;
#2252 = VERTEX_POINT ( 'NONE', #3305 ) ;
#2253 = AXIS2_PLACEMENT_3D ( 'NONE', #978, #4478, #3298 ) ;
#2254 = ORIENTED_EDGE ( 'NONE', *, *, #6701, .T. ) ;
#2255 = VECTOR ( 'NONE', #6790, 999.9999999999998863 ) ;
#2256 = CARTESIAN_POINT ( 'NONE',  ( 6.223000000000000753, 5.895635414699996524, 4.699000000000003396 ) ) ;
#2257 = VECTOR ( 'NONE', #3734, 1000.000000000000000 ) ;
#2258 = LINE ( 'NONE', #7019, #2032 ) ;
#2259 = ADVANCED_FACE ( 'NONE', ( #3878 ), #1446, .T. ) ;
#2260 = CARTESIAN_POINT ( 'NONE',  ( 5.085678860472627072, 6.287389423200528071, -4.444999999999998508 ) ) ;
#2261 = B_SPLINE_CURVE_WITH_KNOTS ( 'NONE', 3,
 ( #463, #4500, #4357, #6967 ),
 .UNSPECIFIED., .F., .F.,
 ( 4, 4 ),
 ( 0.000000000000000000, 1.000000000000000000 ),
 .UNSPECIFIED. ) ;
#2262 = AXIS2_PLACEMENT_3D ( 'NONE', #5901, #1906, #7114 ) ;
#2263 = ORIENTED_EDGE ( 'NONE', *, *, #4008, .F. ) ;
#2264 = CARTESIAN_POINT ( 'NONE',  ( 5.085678860472001794, 6.287389423200496097, 3.175000000000002487 ) ) ;
#2265 = VERTEX_POINT ( 'NONE', #3197 ) ;
#2266 = VECTOR ( 'NONE', #7173, 1000.000000000000000 ) ;
#2267 = LINE ( 'NONE', #6370, #3877 ) ;
#2268 = VERTEX_POINT ( 'NONE', #6196 ) ;
#2269 = DIRECTION ( 'NONE',  ( 3.431425595409362857E-17, 1.000000000000000000, 0.000000000000000000 ) ) ;
#2270 = CARTESIAN_POINT ( 'NONE',  ( 7.772400000000001086, -2.717800000000001770, -1.396999999999996689 ) ) ;
#2271 = VECTOR ( 'NONE', #5106, 1000.000000000000000 ) ;
#2272 = CARTESIAN_POINT ( 'NONE',  ( 2.159000000000001140, 7.112000000000000988, -12.91441695749999674 ) ) ;
#2273 = VECTOR ( 'NONE', #249, 1000.000000000000000 ) ;
#2274 = CARTESIAN_POINT ( 'NONE',  ( -6.222999999999998089, 6.022838767099997881, -2.920999999999997598 ) ) ;
#2275 = ORIENTED_EDGE ( 'NONE', *, *, #6495, .F. ) ;
#2276 = FACE_OUTER_BOUND ( 'NONE', #7486, .T. ) ;
#2277 = VERTEX_POINT ( 'NONE', #986 ) ;
#2278 = FACE_OUTER_BOUND ( 'NONE', #3218, .T. ) ;
#2279 = ADVANCED_FACE ( 'NONE', ( #2047 ), #4413, .T. ) ;
#2280 = FACE_OUTER_BOUND ( 'NONE', #3725, .T. ) ;
#2281 = CARTESIAN_POINT ( 'NONE',  ( 5.140909707198001222, 4.825999999999997847, -1.904999999999997140 ) ) ;
#2282 = DIRECTION ( 'NONE',  ( 0.000000000000000000, -0.000000000000000000, 1.000000000000000000 ) ) ;
#2283 = CARTESIAN_POINT ( 'NONE',  ( -5.140909707197997669, 5.862319999999996867, 2.159000000000002917 ) ) ;
#2284 = CARTESIAN_POINT ( 'NONE',  ( 4.980928443000002481, 6.472079448499997056, -0.3809999999999976739 ) ) ;
#2285 = ORIENTED_EDGE ( 'NONE', *, *, #6167, .F. ) ;
#2286 = CARTESIAN_POINT ( 'NONE',  ( 3.962400000000002365, 24.22086697599999638, -4.470399999999997043 ) ) ;
#2287 = B_SPLINE_CURVE_WITH_KNOTS ( 'NONE', 3,
 ( #657, #4818, #87, #820 ),
 .UNSPECIFIED., .F., .F.,
 ( 4, 4 ),
 ( 0.000000000000000000, 1.000000000000000000 ),
 .UNSPECIFIED. ) ;
#2288 = DIRECTION ( 'NONE',  ( 5.130477113903260708E-17, 1.665334536937735304E-16, -1.000000000000000000 ) ) ;
#2289 = PLANE ( 'NONE',  #2065 ) ;
#2290 = EDGE_CURVE ( 'NONE', #7057, #5704, #6729, .T. ) ;
#2291 = DIRECTION ( 'NONE',  ( 0.000000000000000000, -0.000000000000000000, -1.000000000000000000 ) ) ;
#2292 = LINE ( 'NONE', #6849, #3646 ) ;
#2293 = LINE ( 'NONE', #5233, #6141 ) ;
#2294 = VECTOR ( 'NONE', #3413, 1000.000000000000000 ) ;
#2295 = ORIENTED_EDGE ( 'NONE', *, *, #6757, .F. ) ;
#2296 = ORIENTED_EDGE ( 'NONE', *, *, #4782, .T. ) ;
#2297 = DIRECTION ( 'NONE',  ( 0.000000000000000000, -1.000000000000000000, 0.000000000000000000 ) ) ;
#2298 = VECTOR ( 'NONE', #2269, 1000.000000000000000 ) ;
#2299 = DIRECTION ( 'NONE',  ( -1.000000000000000000, 3.431425595409362857E-17, -5.130477113903259476E-17 ) ) ;
#2300 = B_SPLINE_CURVE_WITH_KNOTS ( 'NONE', 3,
 ( #140, #4182, #6578, #1330 ),
 .UNSPECIFIED., .F., .F.,
 ( 4, 4 ),
 ( 0.000000000000000000, 1.000000000000000000 ),
 .UNSPECIFIED. ) ;
#2301 = PLANE ( 'NONE',  #2995 ) ;
#2302 = CARTESIAN_POINT ( 'NONE',  ( 6.477000000000001201, -2.717800000000003546, 4.191000000000001613 ) ) ;
#2303 = EDGE_LOOP ( 'NONE', ( #305, #214, #3434, #6100 ) ) ;
#2304 = CARTESIAN_POINT ( 'NONE',  ( -6.222999999999998977, -3.469446951953614189E-15, 3.683000000000002050 ) ) ;
#2305 = VECTOR ( 'NONE', #6297, 1000.000000000000000 ) ;
#2306 = ORIENTED_EDGE ( 'NONE', *, *, #755, .F. ) ;
#2307 = CARTESIAN_POINT ( 'NONE',  ( 6.477000000000002089, 0.5079999999999971205, -0.3809999999999976739 ) ) ;
#2308 = ADVANCED_FACE ( 'NONE', ( #2622 ), #2105, .T. ) ;
#2309 = CARTESIAN_POINT ( 'NONE',  ( -5.825466848180997914, 6.796669658390997348, -1.904999999999997806 ) ) ;
#2310 = CARTESIAN_POINT ( 'NONE',  ( -2.158999999999998920, 3.937000000000001165, -11.52441814999999714 ) ) ;
#2311 = AXIS2_PLACEMENT_3D ( 'NONE', #5902, #4660, #5190 ) ;
#2312 = CARTESIAN_POINT ( 'NONE',  ( -5.140909707197997669, 5.862319999999997755, -4.444999999999997620 ) ) ;
#2313 = ORIENTED_EDGE ( 'NONE', *, *, #4782, .F. ) ;
#2314 = ADVANCED_FACE ( 'NONE', ( #2926 ), #2806, .T. ) ;
#2315 = LINE ( 'NONE', #5137, #6426 ) ;
#2316 = ORIENTED_EDGE ( 'NONE', *, *, #74, .F. ) ;
#2317 = EDGE_CURVE ( 'NONE', #4048, #1798, #2195, .T. ) ;
#2318 = DIRECTION ( 'NONE',  ( 3.431425595409362857E-17, 1.000000000000000000, 0.000000000000000000 ) ) ;
#2319 = VERTEX_POINT ( 'NONE', #2312 ) ;
#2320 = CARTESIAN_POINT ( 'NONE',  ( 5.679736218182997121, 5.999112874108506688, -2.920999999999997598 ) ) ;
#2321 = EDGE_CURVE ( 'NONE', #7192, #7516, #4090, .T. ) ;
#2322 = CARTESIAN_POINT ( 'NONE',  ( 4.808421040999547813, 4.469740654100035293, 0.6350000000000035616 ) ) ;
#2323 = DIRECTION ( 'NONE',  ( 5.594373725583281580E-17, 0.1527322659034996977, -0.9882676029051962185 ) ) ;
#2324 = DIRECTION ( 'NONE',  ( 5.130477113903260708E-17, 1.665334536937735304E-16, -1.000000000000000000 ) ) ;
#2325 = PLANE ( 'NONE',  #7111 ) ;
#2326 = ORIENTED_EDGE ( 'NONE', *, *, #5866, .F. ) ;
#2327 = CARTESIAN_POINT ( 'NONE',  ( 5.679736216059525944, 4.689207129279828301, -0.3809999999999972853 ) ) ;
#2328 = DIRECTION ( 'NONE',  ( 3.431425595409089221E-17, 1.000000000000000000, 5.331936748788000153E-14 ) ) ;
#2329 = LINE ( 'NONE', #6316, #2792 ) ;
#2330 = FILL_AREA_STYLE ('',( #2247 ) ) ;
#2331 = DIRECTION ( 'NONE',  ( -0.000000000000000000, -0.000000000000000000, 1.000000000000000000 ) ) ;
#2332 = ADVANCED_FACE ( 'NONE', ( #6301 ), #2624, .T. ) ;
#2333 = AXIS2_PLACEMENT_3D ( 'NONE', #4191, #1340, #6588 ) ;
#2334 = EDGE_CURVE ( 'NONE', #4273, #638, #2768, .T. ) ;
#2335 = DIRECTION ( 'NONE',  ( 5.130477113903260708E-17, 1.665334536937735304E-16, -1.000000000000000000 ) ) ;
#2336 = ORIENTED_EDGE ( 'NONE', *, *, #3830, .T. ) ;
#2337 = ORIENTED_EDGE ( 'NONE', *, *, #1299, .F. ) ;
#2338 = VERTEX_POINT ( 'NONE', #4064 ) ;
#2339 = CARTESIAN_POINT ( 'NONE',  ( -5.959238082003998294, 4.243216919750997462, -1.904999999999997806 ) ) ;
#2340 = CARTESIAN_POINT ( 'NONE',  ( -5.959238080889504019, 4.243216917964876878, 4.699000000000004285 ) ) ;
#2341 = DIRECTION ( 'NONE',  ( 0.000000000000000000, 1.000000000000000000, 0.000000000000000000 ) ) ;
#2342 = ORIENTED_EDGE ( 'NONE', *, *, #1812, .F. ) ;
#2343 = DIRECTION ( 'NONE',  ( -5.130477113903260708E-17, -1.665334536937735304E-16, 1.000000000000000000 ) ) ;
#2344 = ORIENTED_EDGE ( 'NONE', *, *, #6125, .T. ) ;
#2345 = CARTESIAN_POINT ( 'NONE',  ( 5.507748381189002451, 5.862319999999995979, 2.159000000000002917 ) ) ;
#2346 = EDGE_LOOP ( 'NONE', ( #7465, #1150, #6781, #1757 ) ) ;
#2347 = CARTESIAN_POINT ( 'NONE',  ( -6.477000000000026070, 6.364590498671153895, 2.159000000000003361 ) ) ;
#2348 = DIRECTION ( 'NONE',  ( 0.5625939497761849317, 0.8267333594788778273, 2.886375383747156989E-17 ) ) ;
#2349 = CARTESIAN_POINT ( 'NONE',  ( 6.477000000000002089, 0.5079999999999971205, 2.159000000000002917 ) ) ;
#2350 = ADVANCED_FACE ( 'NONE', ( #6909 ), #4107, .F. ) ;
#2351 = ORIENTED_EDGE ( 'NONE', *, *, #7320, .F. ) ;
#2352 = CARTESIAN_POINT ( 'NONE',  ( -5.507748381188998898, 5.862319999999997755, -4.444999999999997620 ) ) ;
#2353 = ORIENTED_EDGE ( 'NONE', *, *, #3115, .T. ) ;
#2354 = ORIENTED_EDGE ( 'NONE', *, *, #6129, .F. ) ;
#2355 = LINE ( 'NONE', #568, #4140 ) ;
#2356 = DIRECTION ( 'NONE',  ( -1.000000000000000000, 0.000000000000000000, 0.000000000000000000 ) ) ;
#2357 = DIRECTION ( 'NONE',  ( -5.130477113903260708E-17, -1.665334536937735304E-16, 1.000000000000000000 ) ) ;
#2358 = EDGE_CURVE ( 'NONE', #1468, #3825, #6070, .T. ) ;
#2359 = CARTESIAN_POINT ( 'NONE',  ( 5.959238082004001846, 4.243216919750996574, -0.3809999999999976739 ) ) ;
#2360 =( LENGTH_UNIT ( ) NAMED_UNIT ( * ) SI_UNIT ( .MILLI., .METRE. ) );
#2361 = ORIENTED_EDGE ( 'NONE', *, *, #5500, .T. ) ;
#2362 = EDGE_CURVE ( 'NONE', #1199, #6050, #5429, .T. ) ;
#2363 = CARTESIAN_POINT ( 'NONE',  ( -5.724327148805998355, 4.081300973171996915, 2.159000000000002917 ) ) ;
#2364 = CARTESIAN_POINT ( 'NONE',  ( 5.029696186834001992, 5.943853916012996841, -0.3809999999999976739 ) ) ;
#2365 = PRESENTATION_STYLE_ASSIGNMENT (( #4044 ) ) ;
#2366 = CARTESIAN_POINT ( 'NONE',  ( 3.962400000000000588, 1.977999999999996206, 4.724400000000001931 ) ) ;
#2367 = AXIS2_PLACEMENT_3D ( 'NONE', #7206, #4356, #5949 ) ;
#2368 = CARTESIAN_POINT ( 'NONE',  ( -6.476999999999998536, 6.002332419999997448, 0.6350000000000027844 ) ) ;
#2369 = ORIENTED_EDGE ( 'NONE', *, *, #3645, .T. ) ;
#2370 = ORIENTED_EDGE ( 'NONE', *, *, #1643, .F. ) ;
#2371 = EDGE_LOOP ( 'NONE', ( #6895, #5502, #5645, #2344 ) ) ;
#2372 = EDGE_LOOP ( 'NONE', ( #7068, #3029, #2513, #7167 ) ) ;
#2373 = VECTOR ( 'NONE', #4929, 1000.000000000000000 ) ;
#2374 = EDGE_CURVE ( 'NONE', #2607, #2265, #599, .T. ) ;
#2375 = CARTESIAN_POINT ( 'NONE',  ( 6.223000000000389775, 4.792684585299983091, 2.159000000000004249 ) ) ;
#2376 = CARTESIAN_POINT ( 'NONE',  ( 5.085678860472001794, 6.287389423200497873, -4.444999999999997620 ) ) ;
#2377 = CARTESIAN_POINT ( 'NONE',  ( 4.980928442999965178, 6.472079448499694188, -2.920999999999997154 ) ) ;
#2378 = ORIENTED_EDGE ( 'NONE', *, *, #1518, .T. ) ;
#2379 = CARTESIAN_POINT ( 'NONE',  ( -5.085870582802998641, 4.401186195567397874, -2.920999999999997598 ) ) ;
#2380 = ORIENTED_EDGE ( 'NONE', *, *, #4503, .F. ) ;
#2381 = VECTOR ( 'NONE', #6244, 1000.000000000000000 ) ;
#2382 = VECTOR ( 'NONE', #5504, 1000.000000000000000 ) ;
#2383 = CARTESIAN_POINT ( 'NONE',  ( 2.159000000000000696, 8.382000000000001450, -4.724399999999997490 ) ) ;
#2384 = CONICAL_SURFACE ( 'NONE', #5770, 1.778000000000000025, 0.2487383677720243769 ) ;
#2385 = CARTESIAN_POINT ( 'NONE',  ( 5.959238082004001846, 4.243216919750996574, -1.904999999999996918 ) ) ;
#2386 = ADVANCED_FACE ( 'NONE', ( #4025 ), #2230, .T. ) ;
#2387 = VECTOR ( 'NONE', #2430, 1000.000000000000000 ) ;
#2388 = CARTESIAN_POINT ( 'NONE',  ( -5.825466848180997914, 6.796669658390998237, -4.444999999999998508 ) ) ;
#2389 = ORIENTED_EDGE ( 'NONE', *, *, #5085, .T. ) ;
#2390 = CARTESIAN_POINT ( 'NONE',  ( -5.507748381188999787, 5.862319999999995979, 4.699000000000003396 ) ) ;
#2391 = ORIENTED_EDGE ( 'NONE', *, *, #2545, .T. ) ;
#2392 = VECTOR ( 'NONE', #1455, 1000.000000000000000 ) ;
#2393 = ORIENTED_EDGE ( 'NONE', *, *, #7388, .T. ) ;
#2394 = PLANE ( 'NONE',  #977 ) ;
#2395 = VECTOR ( 'NONE', #3329, 999.9999999999998863 ) ;
#2396 = CARTESIAN_POINT ( 'NONE',  ( 5.029696186834001992, 4.744466083986996985, -1.904999999999996918 ) ) ;
#2397 = PLANE ( 'NONE',  #5378 ) ;
#2398 = CARTESIAN_POINT ( 'NONE',  ( 5.507748377663717498, 4.826000002803737310, 4.699000000000003396 ) ) ;
#2399 = B_SPLINE_CURVE_WITH_KNOTS ( 'NONE', 3,
 ( #7444, #632, #6334, #15, #3374 ),
 .UNSPECIFIED., .F., .F.,
 ( 4, 1, 4 ),
 ( 0.000000000000000000, 0.3810648246831000452, 1.000000000000000000 ),
 .UNSPECIFIED. ) ;
#2400 = CARTESIAN_POINT ( 'NONE',  ( 6.223000000000001641, 4.792684585299997302, -1.904999999999996918 ) ) ;
#2401 = ORIENTED_EDGE ( 'NONE', *, *, #6352, .T. ) ;
#2402 = CARTESIAN_POINT ( 'NONE',  ( 6.223000000000389775, 4.792684585299983979, -0.3809999999999973408 ) ) ;
#2403 = DIRECTION ( 'NONE',  ( 5.130477113903260708E-17, 1.665334536937735304E-16, -1.000000000000000000 ) ) ;
#2404 = CARTESIAN_POINT ( 'NONE',  ( -6.222999999999997200, -2.794000000000000483, -1.396999999999998021 ) ) ;
#2405 = EDGE_CURVE ( 'NONE', #5543, #5380, #1057, .T. ) ;
#2406 = LINE ( 'NONE', #1377, #7008 ) ;
#2407 = DIRECTION ( 'NONE',  ( 0.000000000000000000, 0.000000000000000000, -1.000000000000000000 ) ) ;
#2408 = EDGE_LOOP ( 'NONE', ( #6338, #5993, #252, #4600, #6604, #4335, #2391, #4859, #3555, #6475, #7408, #7369, #7224, #2591 ) ) ;
#2409 = VERTEX_POINT ( 'NONE', #5211 ) ;
#2410 = ADVANCED_FACE ( 'NONE', ( #3411 ), #3376, .T. ) ;
#2411 = ORIENTED_EDGE ( 'NONE', *, *, #4932, .T. ) ;
#2412 = ORIENTED_EDGE ( 'NONE', *, *, #7472, .T. ) ;
#2413 = EDGE_CURVE ( 'NONE', #5924, #4365, #5982, .T. ) ;
#2414 = CARTESIAN_POINT ( 'NONE',  ( 6.477000000000002089, -2.794000000000000483, -3.936999999999996724 ) ) ;
#2415 = DIRECTION ( 'NONE',  ( 1.000000000000000000, -3.431425595409362857E-17, 5.130477113903259476E-17 ) ) ;
#2416 = CARTESIAN_POINT ( 'NONE',  ( -6.222999999999998089, 0.5079999999999980087, -2.920999999999997598 ) ) ;
#2417 = ORIENTED_EDGE ( 'NONE', *, *, #404, .T. ) ;
#2418 = VERTEX_POINT ( 'NONE', #2838 ) ;
#2419 = CARTESIAN_POINT ( 'NONE',  ( -4.919058026673998718, 4.607104051550197532, -1.904999999999997806 ) ) ;
#2420 = ORIENTED_EDGE ( 'NONE', *, *, #7049, .F. ) ;
#2421 = CIRCLE ( 'NONE', #357, 0.2000000000000000944 ) ;
#2422 = LINE ( 'NONE', #7062, #4445 ) ;
#2423 = CARTESIAN_POINT ( 'NONE',  ( 2.159000000000000696, 7.112000000000000099, -6.121399999999997732 ) ) ;
#2424 = LINE ( 'NONE', #7064, #3475 ) ;
#2425 = VERTEX_POINT ( 'NONE', #5170 ) ;
#2426 = CARTESIAN_POINT ( 'NONE',  ( -4.016399999999999082, 8.689999999999995950, 4.470400000000003260 ) ) ;
#2427 = ORIENTED_EDGE ( 'NONE', *, *, #6857, .F. ) ;
#2428 = B_SPLINE_CURVE_WITH_KNOTS ( 'NONE', 3,
 ( #1715, #2364, #4120, #7427 ),
 .UNSPECIFIED., .F., .F.,
 ( 4, 4 ),
 ( 0.000000000000000000, 1.000000000000000000 ),
 .UNSPECIFIED. ) ;
#2429 = LINE ( 'NONE', #3651, #5538 ) ;
#2430 = DIRECTION ( 'NONE',  ( -5.130477113903260708E-17, -1.665334536937735304E-16, 1.000000000000000000 ) ) ;
#2431 = CARTESIAN_POINT ( 'NONE',  ( 6.223000000000388887, 4.792684585299983091, 3.175000000000002487 ) ) ;
#2432 = LINE ( 'NONE', #1371, #5292 ) ;
#2433 = EDGE_LOOP ( 'NONE', ( #2369, #564, #5816, #6173 ) ) ;
#2434 = EDGE_CURVE ( 'NONE', #7516, #49, #2424, .T. ) ;
#2435 = CARTESIAN_POINT ( 'NONE',  ( -6.222999999999998977, 4.232135350799996587, 4.699000000000003396 ) ) ;
#2436 = DIRECTION ( 'NONE',  ( -1.201410850312335721E-17, 0.7071067811865474617, 0.7071067811865475727 ) ) ;
#2437 = LINE ( 'NONE', #111, #6437 ) ;
#2438 = B_SPLINE_CURVE_WITH_KNOTS ( 'NONE', 3,
 ( #2847, #6923, #2359, #6311, #6347 ),
 .UNSPECIFIED., .F., .F.,
 ( 4, 1, 4 ),
 ( 0.000000000000000000, 0.6189351753168998993, 1.000000000000000000 ),
 .UNSPECIFIED. ) ;
#2439 = CARTESIAN_POINT ( 'NONE',  ( 4.919058033047578604, 4.607104059464186108, -0.3809999999999976739 ) ) ;
#2440 = FACE_OUTER_BOUND ( 'NONE', #1999, .T. ) ;
#2441 = FACE_OUTER_BOUND ( 'NONE', #386, .T. ) ;
#2442 = ORIENTED_EDGE ( 'NONE', *, *, #5024, .T. ) ;
#2443 = EDGE_CURVE ( 'NONE', #2338, #4166, #2465, .T. ) ;
#2444 = ORIENTED_EDGE ( 'NONE', *, *, #5085, .F. ) ;
#2445 = VERTEX_POINT ( 'NONE', #7145 ) ;
#2446 = ORIENTED_EDGE ( 'NONE', *, *, #517, .T. ) ;
#2447 = CARTESIAN_POINT ( 'NONE',  ( -4.808421040999999008, 6.218579345899996724, 2.159000000000002917 ) ) ;
#2448 = APPLICATION_CONTEXT ( 'automotive_design' ) ;
#2449 = CARTESIAN_POINT ( 'NONE',  ( 6.223000000000232568, 4.665481232899942654, 2.159000000000003361 ) ) ;
#2450 = CARTESIAN_POINT ( 'NONE',  ( 0.000000000000000000, 0.000000000000000000, 0.000000000000000000 ) ) ;
#2451 = PRESENTATION_LAYER_ASSIGNMENT (  '', '', ( #1479 ) ) ;
#2452 = LINE ( 'NONE', #4288, #941 ) ;
#2453 = ADVANCED_FACE ( 'NONE', ( #220 ), #3605, .T. ) ;
#2454 = FACE_OUTER_BOUND ( 'NONE', #600, .T. ) ;
#2455 = ADVANCED_FACE ( 'NONE', ( #5929 ), #960, .T. ) ;
#2456 = ORIENTED_EDGE ( 'NONE', *, *, #2529, .T. ) ;
#2457 = ORIENTED_EDGE ( 'NONE', *, *, #475, .F. ) ;
#2458 = EDGE_CURVE ( 'NONE', #3488, #5573, #429, .T. ) ;
#2459 = DIRECTION ( 'NONE',  ( 3.431425595409362857E-17, 1.000000000000000000, 0.000000000000000000 ) ) ;
#2460 = ORIENTED_EDGE ( 'NONE', *, *, #6357, .T. ) ;
#2461 = AXIS2_PLACEMENT_3D ( 'NONE', #7386, #3956, #6881 ) ;
#2462 = DIRECTION ( 'NONE',  ( 5.130477113903260092E-17, 1.665334536937735304E-16, -1.000000000000000000 ) ) ;
#2463 = DIRECTION ( 'NONE',  ( 5.130477113903260708E-17, 1.665334536937735304E-16, -1.000000000000000000 ) ) ;
#2464 = CARTESIAN_POINT ( 'NONE',  ( 4.980928443000002481, 4.216240551499586431, 2.159000000000003805 ) ) ;
#2465 = LINE ( 'NONE', #2960, #1895 ) ;
#2466 = ORIENTED_EDGE ( 'NONE', *, *, #3701, .F. ) ;
#2467 = CARTESIAN_POINT ( 'NONE',  ( -5.140909707197997669, 5.862319999999996867, 2.159000000000002917 ) ) ;
#2468 = EDGE_LOOP ( 'NONE', ( #7263, #4766, #3048, #3363 ) ) ;
#2469 = CARTESIAN_POINT ( 'NONE',  ( -5.140909707197998557, 5.862319999999995979, 4.699000000000003396 ) ) ;
#2470 = EDGE_CURVE ( 'NONE', #5740, #5128, #5401, .T. ) ;
#2471 = PLANE ( 'NONE',  #4342 ) ;
#2472 = DIRECTION ( 'NONE',  ( -1.000000000000000000, 3.431425595409362857E-17, -5.130477113903259476E-17 ) ) ;
#2473 = VERTEX_POINT ( 'NONE', #5441 ) ;
#2474 = CARTESIAN_POINT ( 'NONE',  ( -5.029696191436585195, 5.943853910299154109, -1.904999999999998028 ) ) ;
#2475 = LINE ( 'NONE', #803, #685 ) ;
#2476 = B_SPLINE_SURFACE_WITH_KNOTS ( 'NONE', 3, 1, ( 
 ( #2375, #3067 ),
 ( #2449, #2984 ),
 ( #5349, #1385 ),
 ( #39, #5388 ),
 ( #122, #4779 ) ),
 .UNSPECIFIED., .F., .F., .F.,
 ( 4, 1, 4 ),
 ( 2, 2 ),
 ( 0.01043166776922310919, 0.2126490142700000197, 0.5410955592661563784 ),
 ( 0.000000000000000000, 1.000000000000000000 ),
 .UNSPECIFIED. ) ;
#2477 = CARTESIAN_POINT ( 'NONE',  ( 3.962399999999998812, 1.977999999999994873, 4.724400000000001931 ) ) ;
#2478 = CARTESIAN_POINT ( 'NONE',  ( 7.772400000000001086, -2.717800000000001770, -3.936999999999996724 ) ) ;
#2479 = EDGE_CURVE ( 'NONE', #7500, #6154, #2249, .T. ) ;
#2480 = DIRECTION ( 'NONE',  ( -1.201410850312335721E-17, 0.7071067811865474617, 0.7071067811865475727 ) ) ;
#2481 = ORIENTED_EDGE ( 'NONE', *, *, #2374, .F. ) ;
#2482 = CARTESIAN_POINT ( 'NONE',  ( -4.216399999999999260, 1.977999999999994873, 4.470400000000001484 ) ) ;
#2483 = EDGE_LOOP ( 'NONE', ( #5006, #4862, #2063, #6210 ) ) ;
#2484 = ORIENTED_EDGE ( 'NONE', *, *, #4843, .F. ) ;
#2485 = CARTESIAN_POINT ( 'NONE',  ( -6.476999999999998536, 6.364590498671997665, -1.904999999999997806 ) ) ;
#2486 = LINE ( 'NONE', #3709, #5309 ) ;
#2487 = DIRECTION ( 'NONE',  ( 0.000000000000000000, 0.000000000000000000, 1.000000000000000000 ) ) ;
#2488 = CARTESIAN_POINT ( 'NONE',  ( 5.140909707198000334, 5.862319999999995979, 4.699000000000003396 ) ) ;
#2489 = CARTESIAN_POINT ( 'NONE',  ( -5.724327148805998355, 4.081300973171996915, -4.444999999999996732 ) ) ;
#2490 = EDGE_LOOP ( 'NONE', ( #945, #2207, #2834, #3439, #2700, #2075, #3199, #2825, #1317, #1274, #7176, #2225, #3149, #3187 ) ) ;
#2491 = ORIENTED_EDGE ( 'NONE', *, *, #1365, .T. ) ;
#2492 = CIRCLE ( 'NONE', #3102, 0.2539999999999998925 ) ;
#2493 = CARTESIAN_POINT ( 'NONE',  ( -2.158999999999998920, 3.556000000000001382, -11.52441814999999714 ) ) ;
#2494 = ORIENTED_EDGE ( 'NONE', *, *, #4063, .F. ) ;
#2495 = LINE ( 'NONE', #6039, #4225 ) ;
#2496 = FACE_OUTER_BOUND ( 'NONE', #575, .T. ) ;
#2497 = EDGE_CURVE ( 'NONE', #2651, #2929, #1968, .T. ) ;
#2498 = DIRECTION ( 'NONE',  ( 5.130477113903260708E-17, 1.665334536937735304E-16, -1.000000000000000000 ) ) ;
#2499 = VECTOR ( 'NONE', #2598, 1000.000000000000000 ) ;
#2500 = VECTOR ( 'NONE', #2533, 1000.000000000000000 ) ;
#2501 = CARTESIAN_POINT ( 'NONE',  ( -5.371941468077998216, 5.947322718753698112, -2.920999999999997598 ) ) ;
#2502 = ORIENTED_EDGE ( 'NONE', *, *, #4242, .F. ) ;
#2503 = AXIS2_PLACEMENT_3D ( 'NONE', #292, #4981, #5647 ) ;
#2504 = LINE ( 'NONE', #6491, #962 ) ;
#2505 = ORIENTED_EDGE ( 'NONE', *, *, #764, .T. ) ;
#2506 = AXIS2_PLACEMENT_3D ( 'NONE', #4609, #5247, #6988 ) ;
#2507 = CARTESIAN_POINT ( 'NONE',  ( -5.959238082003998294, 6.445103080248997252, 0.6350000000000027844 ) ) ;
#2508 = CIRCLE ( 'NONE', #6758, 0.2539999999999998925 ) ;
#2509 = CARTESIAN_POINT ( 'NONE',  ( 6.477000000000479929, 6.002332419999979685, -0.3809999999999972298 ) ) ;
#2510 = VECTOR ( 'NONE', #6193, 1000.000000000000000 ) ;
#2511 = CARTESIAN_POINT ( 'NONE',  ( 6.477000000000002089, 6.002332419999996560, 0.6350000000000027844 ) ) ;
#2512 = PRESENTATION_STYLE_ASSIGNMENT (( #4732 ) ) ;
#2513 = ORIENTED_EDGE ( 'NONE', *, *, #2470, .F. ) ;
#2514 = PLANE ( 'NONE',  #7106 ) ;
#2515 = VECTOR ( 'NONE', #6484, 999.9999999999998863 ) ;
#2516 = EDGE_CURVE ( 'NONE', #7051, #2818, #4299, .T. ) ;
#2517 = AXIS2_PLACEMENT_3D ( 'NONE', #4982, #7402, #2721 ) ;
#2518 = CARTESIAN_POINT ( 'NONE',  ( 5.371700992471001079, 4.741020151570096708, 0.6350000000000027844 ) ) ;
#2519 = CARTESIAN_POINT ( 'NONE',  ( -5.959238082003998294, 4.243216919750996574, 0.6350000000000027844 ) ) ;
#2520 = VECTOR ( 'NONE', #1711, 1000.000000000000000 ) ;
#2521 = DIRECTION ( 'NONE',  ( 3.431425595409362857E-17, 1.000000000000000000, 0.000000000000000000 ) ) ;
#2522 = FACE_OUTER_BOUND ( 'NONE', #368, .T. ) ;
#2523 = CARTESIAN_POINT ( 'NONE',  ( -3.962399999999998812, 5.862319999999995979, 4.470400000000003260 ) ) ;
#2524 = ORIENTED_EDGE ( 'NONE', *, *, #1365, .F. ) ;
#2525 = CARTESIAN_POINT ( 'NONE',  ( -5.959238082003998294, 6.445103080248997252, -1.904999999999997806 ) ) ;
#2526 = ORIENTED_EDGE ( 'NONE', *, *, #205, .F. ) ;
#2527 = ORIENTED_EDGE ( 'NONE', *, *, #1744, .F. ) ;
#2528 = DIRECTION ( 'NONE',  ( -1.000000000000000000, 3.431425595409362857E-17, -5.130477113903259476E-17 ) ) ;
#2529 = EDGE_CURVE ( 'NONE', #4197, #620, #1361, .T. ) ;
#2530 = ORIENTED_EDGE ( 'NONE', *, *, #3175, .F. ) ;
#2531 = DIRECTION ( 'NONE',  ( 5.130477113903260708E-17, 1.665334536937735304E-16, -1.000000000000000000 ) ) ;
#2532 = DIRECTION ( 'NONE',  ( -5.130477113903260708E-17, -1.665334536937735304E-16, 1.000000000000000000 ) ) ;
#2533 = DIRECTION ( 'NONE',  ( 5.130477113903260708E-17, 1.665334536937735304E-16, -1.000000000000000000 ) ) ;
#2534 = ORIENTED_EDGE ( 'NONE', *, *, #6820, .F. ) ;
#2535 = ORIENTED_EDGE ( 'NONE', *, *, #969, .T. ) ;
#2536 = ORIENTED_EDGE ( 'NONE', *, *, #5609, .T. ) ;
#2537 = CARTESIAN_POINT ( 'NONE',  ( 5.507748381189002451, 4.825999999999996959, -0.3809999999999976739 ) ) ;
#2538 = DIRECTION ( 'NONE',  ( 0.000000000000000000, -1.000000000000000000, 0.000000000000000000 ) ) ;
#2539 = LINE ( 'NONE', #751, #3612 ) ;
#2540 = DIRECTION ( 'NONE',  ( 0.2461813515431124366, 0.000000000000000000, 0.9692237833196245544 ) ) ;
#2541 = ORIENTED_EDGE ( 'NONE', *, *, #642, .T. ) ;
#2542 = CARTESIAN_POINT ( 'NONE',  ( 6.223000000000390664, 4.792684585299983091, -2.920999999999997598 ) ) ;
#2543 = CIRCLE ( 'NONE', #4624, 1.015999999999999570 ) ;
#2544 = ORIENTED_EDGE ( 'NONE', *, *, #4792, .T. ) ;
#2545 = EDGE_CURVE ( 'NONE', #1347, #1649, #4144, .T. ) ;
#2546 = CARTESIAN_POINT ( 'NONE',  ( -5.507748377663705952, 4.826000002803728428, 2.159000000000002473 ) ) ;
#2547 = DIRECTION ( 'NONE',  ( 5.130477113903260708E-17, 1.665334536937735304E-16, -1.000000000000000000 ) ) ;
#2548 = VECTOR ( 'NONE', #5640, 1000.000000000000000 ) ;
#2549 = DIRECTION ( 'NONE',  ( 5.130477113903260708E-17, 1.665334536937735304E-16, -1.000000000000000000 ) ) ;
#2550 = EDGE_CURVE ( 'NONE', #1440, #4824, #161, .T. ) ;
#2551 = CARTESIAN_POINT ( 'NONE',  ( -4.980928442999998929, 4.216240551499997657, -1.904999999999997806 ) ) ;
#2552 = EDGE_LOOP ( 'NONE', ( #317, #7216, #5999, #3972 ) ) ;
#2553 = EDGE_CURVE ( 'NONE', #6075, #4300, #7100, .T. ) ;
#2554 = DIRECTION ( 'NONE',  ( -0.8267333594788779383, -0.5625939497761849317, -1.361060792845168385E-16 ) ) ;
#2555 = EDGE_CURVE ( 'NONE', #5507, #6075, #6005, .T. ) ;
#2556 = CARTESIAN_POINT ( 'NONE',  ( -4.216399999999999260, 8.689999999999995950, 4.470400000000003260 ) ) ;
#2557 = AXIS2_PLACEMENT_3D ( 'NONE', #5034, #4418, #2201 ) ;
#2558 = DIRECTION ( 'NONE',  ( -0.000000000000000000, 1.000000000000000000, 0.000000000000000000 ) ) ;
#2559 = CARTESIAN_POINT ( 'NONE',  ( -6.476999999999998536, 0.5079999999999980087, -2.920999999999997598 ) ) ;
#2560 = FACE_OUTER_BOUND ( 'NONE', #5697, .T. ) ;
#2561 = DIRECTION ( 'NONE',  ( 6.054179465614428618E-17, 0.7071067811865475727, -0.7071067811865474617 ) ) ;
#2562 = ORIENTED_EDGE ( 'NONE', *, *, #615, .T. ) ;
#2563 = LINE ( 'NONE', #6066, #2125 ) ;
#2564 = ORIENTED_EDGE ( 'NONE', *, *, #110, .T. ) ;
#2565 = ORIENTED_EDGE ( 'NONE', *, *, #1284, .F. ) ;
#2566 = CARTESIAN_POINT ( 'NONE',  ( 6.223000000000009635, 4.232135350800139584, 3.175000000000002931 ) ) ;
#2567 = LINE ( 'NONE', #286, #325 ) ;
#2568 = EDGE_CURVE ( 'NONE', #5970, #5651, #3117, .T. ) ;
#2569 = DIRECTION ( 'NONE',  ( -5.130477113903260708E-17, -1.665334536937735304E-16, 1.000000000000000000 ) ) ;
#2570 = CARTESIAN_POINT ( 'NONE',  ( 4.919058026674002271, 4.607104051550196644, 3.175000000000002487 ) ) ;
#2571 = EDGE_LOOP ( 'NONE', ( #4733, #4240, #1779, #1037 ) ) ;
#2572 = VERTEX_POINT ( 'NONE', #6721 ) ;
#2573 = EDGE_LOOP ( 'NONE', ( #6406, #379, #1960, #3250 ) ) ;
#2574 = DIRECTION ( 'NONE',  ( -1.201410850312335721E-17, 0.7071067811865474617, 0.7071067811865475727 ) ) ;
#2575 = CARTESIAN_POINT ( 'NONE',  ( -5.140909707197998557, 4.825999999999996959, 4.699000000000003396 ) ) ;
#2576 = LINE ( 'NONE', #1435, #4593 ) ;
#2577 = CARTESIAN_POINT ( 'NONE',  ( 4.808421040999761864, 4.469740654099975785, -2.920999999999997154 ) ) ;
#2578 = AXIS2_PLACEMENT_3D ( 'NONE', #1465, #4428, #1537 ) ;
#2579 = LINE ( 'NONE', #5542, #4697 ) ;
#2580 = ORIENTED_EDGE ( 'NONE', *, *, #6352, .F. ) ;
#2581 = CARTESIAN_POINT ( 'NONE',  ( -6.109955650407425054, 4.159618444802801740, 3.175000000000002931 ) ) ;
#2582 = ORIENTED_EDGE ( 'NONE', *, *, #2609, .F. ) ;
#2583 = DIRECTION ( 'NONE',  ( -1.000000000000000000, 3.431425595409362857E-17, -5.130477113903259476E-17 ) ) ;
#2584 = VECTOR ( 'NONE', #4730, 1000.000000000000000 ) ;
#2585 = DIRECTION ( 'NONE',  ( -1.000000000000000000, 1.371699786071155937E-16, -5.130477113903259476E-17 ) ) ;
#2586 = EDGE_CURVE ( 'NONE', #437, #4555, #2579, .T. ) ;
#2587 = LINE ( 'NONE', #473, #5661 ) ;
#2588 = DIRECTION ( 'NONE',  ( 0.000000000000000000, -0.000000000000000000, 1.000000000000000000 ) ) ;
#2589 = VERTEX_POINT ( 'NONE', #2655 ) ;
#2590 = CARTESIAN_POINT ( 'NONE',  ( -6.222999999999736964, 5.895635414700060473, 2.159000000000002917 ) ) ;
#2591 = ORIENTED_EDGE ( 'NONE', *, *, #2860, .T. ) ;
#2592 = CARTESIAN_POINT ( 'NONE',  ( 2.159000000000000696, 8.166099999999998360, -6.121399999999997732 ) ) ;
#2593 =( LENGTH_UNIT ( ) NAMED_UNIT ( * ) SI_UNIT ( .MILLI., .METRE. ) );
#2594 = LINE ( 'NONE', #1566, #267 ) ;
#2595 = EDGE_CURVE ( 'NONE', #5392, #965, #4334, .T. ) ;
#2596 = CARTESIAN_POINT ( 'NONE',  ( 3.962400000000000588, 5.862319999999995979, 4.470400000000003260 ) ) ;
#2597 = EDGE_CURVE ( 'NONE', #3979, #1610, #2074, .T. ) ;
#2598 = DIRECTION ( 'NONE',  ( -1.000000000000000000, 3.431425595409362857E-17, -5.130477113903259476E-17 ) ) ;
#2599 = ORIENTED_EDGE ( 'NONE', *, *, #6965, .T. ) ;
#2600 = PLANE ( 'NONE',  #5891 ) ;
#2601 = ORIENTED_EDGE ( 'NONE', *, *, #875, .F. ) ;
#2602 = CARTESIAN_POINT ( 'NONE',  ( 4.980928443000002481, 4.216240551499586431, 4.699000000000003396 ) ) ;
#2603 = FACE_OUTER_BOUND ( 'NONE', #4951, .T. ) ;
#2604 = CARTESIAN_POINT ( 'NONE',  ( 6.477000000000002089, 0.5079999999999963434, 3.175000000000002487 ) ) ;
#2605 = LINE ( 'NONE', #4783, #4819 ) ;
#2606 = B_SPLINE_SURFACE_WITH_KNOTS ( 'NONE', 3, 1, ( 
 ( #4560, #5812 ),
 ( #7024, #4643 ),
 ( #1664, #2309 ),
 ( #1733, #7481 ),
 ( #2920, #2836 ),
 ( #5736, #4720 ) ),
 .UNSPECIFIED., .F., .F., .F.,
 ( 4, 1, 1, 4 ),
 ( 2, 2 ),
 ( 0.007490355435017930288, 0.4025913527100000167, 0.7332758799206000599, 0.9915633411122035668 ),
 ( 0.000000000000000000, 1.000000000000000000 ),
 .UNSPECIFIED. ) ;
#2607 = VERTEX_POINT ( 'NONE', #336 ) ;
#2608 = ORIENTED_EDGE ( 'NONE', *, *, #1726, .T. ) ;
#2609 = EDGE_CURVE ( 'NONE', #2098, #3026, #6048, .T. ) ;
#2610 = CARTESIAN_POINT ( 'NONE',  ( 5.085870582802932027, 4.401186195567421855, -4.444999999999996732 ) ) ;
#2611 = CARTESIAN_POINT ( 'NONE',  ( 4.216400000000001036, 1.711959999999996374, 4.724400000000001931 ) ) ;
#2612 = VECTOR ( 'NONE', #462, 1000.000000000000000 ) ;
#2613 = DIRECTION ( 'NONE',  ( 0.000000000000000000, -1.000000000000000000, 0.000000000000000000 ) ) ;
#2614 = EDGE_LOOP ( 'NONE', ( #5318, #2306, #6614, #6559, #4614, #6616, #1637, #6839, #2718, #3379, #6302, #1914, #7447, #816 ) ) ;
#2615 = DIRECTION ( 'NONE',  ( -3.431425595409362857E-17, -1.000000000000000000, -0.000000000000000000 ) ) ;
#2616 = ORIENTED_EDGE ( 'NONE', *, *, #578, .F. ) ;
#2617 = DIRECTION ( 'NONE',  ( -5.130477113903260092E-17, 1.760485048530960256E-33, 1.000000000000000000 ) ) ;
#2618 = AXIS2_PLACEMENT_3D ( 'NONE', #6884, #4075, #1182 ) ;
#2619 = ADVANCED_FACE ( 'NONE', ( #6655 ), #841, .F. ) ;
#2620 = CARTESIAN_POINT ( 'NONE',  ( 5.371941468078001769, 5.947322718753697224, -1.904999999999998250 ) ) ;
#2621 = VECTOR ( 'NONE', #1688, 1000.000000000000000 ) ;
#2622 = FACE_OUTER_BOUND ( 'NONE', #3583, .T. ) ;
#2623 = ORIENTED_EDGE ( 'NONE', *, *, #7113, .T. ) ;
#2624 = CONICAL_SURFACE ( 'NONE', #801, 1.162050000000000027, 0.1533323883983008507 ) ;
#2625 = LINE ( 'NONE', #6198, #6678 ) ;
#2626 = ORIENTED_EDGE ( 'NONE', *, *, #227, .F. ) ;
#2627 = CARTESIAN_POINT ( 'NONE',  ( 5.140909707198001222, 5.862319999999996867, -2.920999999999997154 ) ) ;
#2628 = AXIS2_PLACEMENT_3D ( 'NONE', #3297, #1042, #6756 ) ;
#2629 = CARTESIAN_POINT ( 'NONE',  ( 6.223000000000001641, -2.717800000000001770, -3.936999999999996724 ) ) ;
#2630 = VECTOR ( 'NONE', #5689, 1000.000000000000000 ) ;
#2631 = UNCERTAINTY_MEASURE_WITH_UNIT (LENGTH_MEASURE( 1.000000000000000082E-05 ), #3466, 'distance_accuracy_value', 'NONE');
#2632 = PLANE ( 'NONE',  #1967 ) ;
#2633 = CARTESIAN_POINT ( 'NONE',  ( -2.158999999999999364, 3.556000000000001826, -12.31899999999995998 ) ) ;
#2634 = AXIS2_PLACEMENT_3D ( 'NONE', #73, #1861, #2164 ) ;
#2635 = CARTESIAN_POINT ( 'NONE',  ( -4.216399999999999260, 1.977999999999994873, 4.470400000000003260 ) ) ;
#2636 = ORIENTED_EDGE ( 'NONE', *, *, #7171, .F. ) ;
#2637 = AXIS2_PLACEMENT_3D ( 'NONE', #4247, #4131, #699 ) ;
#2638 = CARTESIAN_POINT ( 'NONE',  ( 5.140909707198000334, 4.825999999999996071, 4.699000000000003396 ) ) ;
#2639 = ORIENTED_EDGE ( 'NONE', *, *, #4202, .T. ) ;
#2640 = EDGE_CURVE ( 'NONE', #6733, #5846, #7223, .T. ) ;
#2641 = CARTESIAN_POINT ( 'NONE',  ( 4.980928443000002481, 4.216240551499586431, 3.175000000000002931 ) ) ;
#2642 = CIRCLE ( 'NONE', #1424, 1.054099999999999593 ) ;
#2643 = VERTEX_POINT ( 'NONE', #867 ) ;
#2644 = CARTESIAN_POINT ( 'NONE',  ( 5.140909707198001222, 5.862319999999996867, -4.444999999999997620 ) ) ;
#2645 = VECTOR ( 'NONE', #7134, 1000.000000000000000 ) ;
#2646 = CARTESIAN_POINT ( 'NONE',  ( 6.477000000000002089, 6.364590498671996777, -0.3809999999999976739 ) ) ;
#2647 = LINE ( 'NONE', #2213, #5063 ) ;
#2648 = ADVANCED_FACE ( 'NONE', ( #7368 ), #7296, .F. ) ;
#2649 = ORIENTED_EDGE ( 'NONE', *, *, #1174, .T. ) ;
#2650 = ADVANCED_FACE ( 'NONE', ( #6150 ), #4949, .F. ) ;
#2651 = VERTEX_POINT ( 'NONE', #942 ) ;
#2652 = DIRECTION ( 'NONE',  ( 1.201410850312336183E-17, -0.7071067811865474617, -0.7071067811865475727 ) ) ;
#2653 = CARTESIAN_POINT ( 'NONE',  ( -5.507748381188792841, 4.826000000000000512, -0.3809999999999977294 ) ) ;
#2654 = EDGE_CURVE ( 'NONE', #6180, #7475, #7245, .T. ) ;
#2655 = CARTESIAN_POINT ( 'NONE',  ( -5.140909707197996781, 5.862319999999994202, -2.920999999999997598 ) ) ;
#2656 = ORIENTED_EDGE ( 'NONE', *, *, #4002, .F. ) ;
#2657 = DIRECTION ( 'NONE',  ( 0.000000000000000000, -1.000000000000000000, 0.000000000000000000 ) ) ;
#2658 = EDGE_CURVE ( 'NONE', #4970, #2929, #2040, .T. ) ;
#2659 = ORIENTED_EDGE ( 'NONE', *, *, #1522, .F. ) ;
#2660 = CARTESIAN_POINT ( 'NONE',  ( 5.085870582803002193, 4.401186195567397874, -4.444999999999997620 ) ) ;
#2661 = DIRECTION ( 'NONE',  ( -0.5625939497761849317, -0.8267333594788778273, -2.886375383747156989E-17 ) ) ;
#2662 = EDGE_CURVE ( 'NONE', #6819, #3554, #2690, .T. ) ;
#2663 = DIRECTION ( 'NONE',  ( -1.000000000000000000, 3.431425595409362857E-17, -5.130477113903259476E-17 ) ) ;
#2664 = ORIENTED_EDGE ( 'NONE', *, *, #4002, .T. ) ;
#2665 = FACE_OUTER_BOUND ( 'NONE', #1592, .T. ) ;
#2666 = ORIENTED_EDGE ( 'NONE', *, *, #6432, .T. ) ;
#2667 = FACE_OUTER_BOUND ( 'NONE', #1422, .T. ) ;
#2668 = CARTESIAN_POINT ( 'NONE',  ( -5.140909707198050071, 5.862319999999994202, 0.6350000000000021183 ) ) ;
#2669 = VECTOR ( 'NONE', #2076, 1000.000000000000000 ) ;
#2670 = B_SPLINE_SURFACE_WITH_KNOTS ( 'NONE', 3, 1, ( 
 ( #4269, #761 ),
 ( #3690, #1973 ),
 ( #3050, #265 ),
 ( #6089, #7267 ) ),
 .UNSPECIFIED., .F., .F., .F.,
 ( 4, 4 ),
 ( 2, 2 ),
 ( 0.7764366983764374730, 0.9920866337349034669 ),
 ( 0.000000000000000000, 1.000000000000000000 ),
 .UNSPECIFIED. ) ;
#2671 = CARTESIAN_POINT ( 'NONE',  ( -5.140909707198177969, 4.825999999999996959, -2.920999999999997598 ) ) ;
#2672 = ADVANCED_FACE ( 'NONE', ( #2152 ), #6507, .T. ) ;
#2673 = DIRECTION ( 'NONE',  ( -0.2461813515431163224, 3.014852041770467399E-17, 0.9692237833196236663 ) ) ;
#2674 = DIRECTION ( 'NONE',  ( 5.130477113903260708E-17, 1.665334536937735304E-16, -1.000000000000000000 ) ) ;
#2675 = VERTEX_POINT ( 'NONE', #3868 ) ;
#2676 = CARTESIAN_POINT ( 'NONE',  ( 6.223000000000000753, -3.469446951953614189E-15, 3.683000000000002050 ) ) ;
#2677 = VECTOR ( 'NONE', #2879, 1000.000000000000000 ) ;
#2678 = ORIENTED_EDGE ( 'NONE', *, *, #3800, .T. ) ;
#2679 = LINE ( 'NONE', #5118, #2548 ) ;
#2680 = MECHANICAL_DESIGN_GEOMETRIC_PRESENTATION_REPRESENTATION (  '', ( #6314 ), #6686 ) ;
#2681 = ADVANCED_FACE ( 'NONE', ( #3223 ), #1399, .T. ) ;
#2682 = CARTESIAN_POINT ( 'NONE',  ( -6.222999999999998089, 4.232135350799997475, 0.6350000000000027844 ) ) ;
#2683 = EDGE_LOOP ( 'NONE', ( #1816, #2832, #4231, #1624 ) ) ;
#2684 = VERTEX_POINT ( 'NONE', #400 ) ;
#2685 = DIRECTION ( 'NONE',  ( 0.000000000000000000, -0.000000000000000000, 1.000000000000000000 ) ) ;
#2686 = EDGE_CURVE ( 'NONE', #5920, #2874, #1802, .T. ) ;
#2687 = LINE ( 'NONE', #2760, #5679 ) ;
#2688 = EDGE_CURVE ( 'NONE', #57, #4448, #3484, .T. ) ;
#2689 = EDGE_CURVE ( 'NONE', #2863, #1171, #5806, .T. ) ;
#2690 = LINE ( 'NONE', #7329, #4576 ) ;
#2691 = ORIENTED_EDGE ( 'NONE', *, *, #3705, .F. ) ;
#2692 = CARTESIAN_POINT ( 'NONE',  ( 5.029696191436579866, 5.943853910299162990, 0.6350000000000027844 ) ) ;
#2693 = ORIENTED_EDGE ( 'NONE', *, *, #1094, .T. ) ;
#2694 = CARTESIAN_POINT ( 'NONE',  ( -5.507748381188998898, 5.862319999999996867, -1.904999999999997806 ) ) ;
#2695 = DIRECTION ( 'NONE',  ( -1.000000000000000000, 3.431425595409362857E-17, -5.130477113903259476E-17 ) ) ;
#2696 = CARTESIAN_POINT ( 'NONE',  ( -6.223000000000006082, 4.232135350800140472, 0.6350000000000032285 ) ) ;
#2697 = B_SPLINE_CURVE_WITH_KNOTS ( 'NONE', 3,
 ( #4640, #4674, #1086, #5206, #2345 ),
 .UNSPECIFIED., .F., .F.,
 ( 4, 1, 4 ),
 ( 0.000000000000000000, 0.3810648246831000452, 1.000000000000000000 ),
 .UNSPECIFIED. ) ;
#2698 = VERTEX_POINT ( 'NONE', #4638 ) ;
#2699 = CARTESIAN_POINT ( 'NONE',  ( 5.371941468078001769, 5.947322718753698112, -2.920999999999997154 ) ) ;
#2700 = ORIENTED_EDGE ( 'NONE', *, *, #5853, .T. ) ;
#2701 = VERTEX_POINT ( 'NONE', #3907 ) ;
#2702 = CARTESIAN_POINT ( 'NONE',  ( -5.029696186833999327, 5.943853916012996841, 3.175000000000002487 ) ) ;
#2703 = TOROIDAL_SURFACE ( 'NONE', #3425, 0.05399999999999998551, 0.2000000000000000111 ) ;
#2704 = ADVANCED_FACE ( 'NONE', ( #1084 ), #2914, .T. ) ;
#2705 = CARTESIAN_POINT ( 'NONE',  ( 4.808421041000002560, 4.469740654099997101, -2.920999999999997154 ) ) ;
#2706 = LINE ( 'NONE', #6168, #4519 ) ;
#2707 = CARTESIAN_POINT ( 'NONE',  ( -4.808421040999999008, 6.218579345899997612, -4.444999999999997620 ) ) ;
#2708 = CARTESIAN_POINT ( 'NONE',  ( -5.825466848180997914, 6.796669658390998237, -4.444999999999997620 ) ) ;
#2709 = ORIENTED_EDGE ( 'NONE', *, *, #1618, .T. ) ;
#2710 = DIRECTION ( 'NONE',  ( -0.000000000000000000, -0.000000000000000000, 1.000000000000000000 ) ) ;
#2711 = ORIENTED_EDGE ( 'NONE', *, *, #4175, .T. ) ;
#2712 = CARTESIAN_POINT ( 'NONE',  ( 4.808421041000002560, 4.469740654099997990, -4.444999999999997620 ) ) ;
#2713 = B_SPLINE_CURVE_WITH_KNOTS ( 'NONE', 3,
 ( #2707, #7346, #5001, #2740 ),
 .UNSPECIFIED., .F., .F.,
 ( 4, 4 ),
 ( 0.000000000000000000, 1.000000000000000000 ),
 .UNSPECIFIED. ) ;
#2714 = ADVANCED_FACE ( 'NONE', ( #591 ), #6860, .F. ) ;
#2715 = CARTESIAN_POINT ( 'NONE',  ( 6.477000000000002089, 6.002332419999996560, 0.6350000000000027844 ) ) ;
#2716 = CARTESIAN_POINT ( 'NONE',  ( 3.962400000000001477, 8.689999999999995950, -4.470399999999997043 ) ) ;
#2717 = ORIENTED_EDGE ( 'NONE', *, *, #6834, .F. ) ;
#2718 = ORIENTED_EDGE ( 'NONE', *, *, #6129, .T. ) ;
#2719 = B_SPLINE_SURFACE_WITH_KNOTS ( 'NONE', 3, 1, ( 
 ( #2602, #2641 ),
 ( #4973, #7281 ),
 ( #6710, #4286 ),
 ( #5461, #1494 ),
 ( #3066, #245 ),
 ( #5387, #2566 ) ),
 .UNSPECIFIED., .F., .F., .F.,
 ( 4, 1, 1, 4 ),
 ( 2, 2 ),
 ( 0.007958995328072688766, 0.3406152971556999920, 0.7665139843748000059, 0.9914409422889685075 ),
 ( 0.000000000000000000, 1.000000000000000000 ),
 .UNSPECIFIED. ) ;
#2720 = CARTESIAN_POINT ( 'NONE',  ( -3.962399999999997924, 4.825999999999997847, -4.470399999999997931 ) ) ;
#2721 = DIRECTION ( 'NONE',  ( 0.000000000000000000, -1.000000000000000000, 0.000000000000000000 ) ) ;
#2722 = CARTESIAN_POINT ( 'NONE',  ( 6.477000000000029623, 6.364590498671153007, 0.6350000000000032285 ) ) ;
#2723 = CARTESIAN_POINT ( 'NONE',  ( -6.476999999999998536, 6.002332419999996560, 3.175000000000002487 ) ) ;
#2724 = VERTEX_POINT ( 'NONE', #4018 ) ;
#2725 = DIRECTION ( 'NONE',  ( -5.130477113903260708E-17, -1.665334536937735304E-16, 1.000000000000000000 ) ) ;
#2726 = EDGE_LOOP ( 'NONE', ( #1012, #1992, #3881, #7066 ) ) ;
#2727 = EDGE_CURVE ( 'NONE', #5653, #1649, #7438, .T. ) ;
#2728 = CARTESIAN_POINT ( 'NONE',  ( -5.029696186833999327, 5.943853916012996841, -0.3809999999999976739 ) ) ;
#2729 = DIRECTION ( 'NONE',  ( 5.130477113903260708E-17, 1.665334536937735304E-16, -1.000000000000000000 ) ) ;
#2730 = AXIS2_PLACEMENT_3D ( 'NONE', #4848, #3170, #1373 ) ;
#2731 = LINE ( 'NONE', #4920, #5785 ) ;
#2732 = ORIENTED_EDGE ( 'NONE', *, *, #2167, .T. ) ;
#2733 = DIRECTION ( 'NONE',  ( 0.000000000000000000, -1.000000000000000000, 0.000000000000000000 ) ) ;
#2734 = ORIENTED_EDGE ( 'NONE', *, *, #5703, .F. ) ;
#2735 = AXIS2_PLACEMENT_3D ( 'NONE', #4239, #7080, #5379 ) ;
#2736 = ORIENTED_EDGE ( 'NONE', *, *, #6905, .F. ) ;
#2737 = CARTESIAN_POINT ( 'NONE',  ( 6.223000000000001641, 5.895635414699997412, -2.920999999999997154 ) ) ;
#2738 = FACE_OUTER_BOUND ( 'NONE', #3277, .T. ) ;
#2739 = DIRECTION ( 'NONE',  ( -5.130477113903260708E-17, -1.665334536937735304E-16, 1.000000000000000000 ) ) ;
#2740 = CARTESIAN_POINT ( 'NONE',  ( -5.140909707197997669, 5.862319999999997755, -4.444999999999997620 ) ) ;
#2741 = AXIS2_PLACEMENT_3D ( 'NONE', #6663, #2588, #3840 ) ;
#2742 = CARTESIAN_POINT ( 'NONE',  ( -5.371941468077998216, 5.947322718753699000, -4.444999999999997620 ) ) ;
#2743 = ORIENTED_EDGE ( 'NONE', *, *, #5406, .T. ) ;
#2744 = DIRECTION ( 'NONE',  ( 1.000000000000000000, 0.000000000000000000, 0.000000000000000000 ) ) ;
#2745 = VECTOR ( 'NONE', #3978, 1000.000000000000000 ) ;
#2746 = VECTOR ( 'NONE', #7301, 1000.000000000000000 ) ;
#2747 = CARTESIAN_POINT ( 'NONE',  ( -3.962399999999997924, 8.689999999999995950, -4.724399999999997490 ) ) ;
#2748 = SURFACE_STYLE_FILL_AREA ( #3895 ) ;
#2749 = CIRCLE ( 'NONE', #4706, 0.2000000000000000944 ) ;
#2750 = AXIS2_PLACEMENT_3D ( 'NONE', #1412, #724, #3090 ) ;
#2751 = DIRECTION ( 'NONE',  ( 5.130477113903260708E-17, 1.665334536937735304E-16, -1.000000000000000000 ) ) ;
#2752 = CIRCLE ( 'NONE', #440, 0.2539999999999998925 ) ;
#2753 = CARTESIAN_POINT ( 'NONE',  ( -2.158999999999998920, 3.556000000000001826, -12.91441695749999674 ) ) ;
#2754 = ORIENTED_EDGE ( 'NONE', *, *, #4081, .T. ) ;
#2755 = ADVANCED_FACE ( 'NONE', ( #4054 ), #9, .T. ) ;
#2756 = EDGE_LOOP ( 'NONE', ( #744, #5460, #5818, #542 ) ) ;
#2757 = CONICAL_SURFACE ( 'NONE', #5554, 1.778000000000000025, 0.2487383677720203801 ) ;
#2758 = VECTOR ( 'NONE', #3828, 1000.000000000000000 ) ;
#2759 = CARTESIAN_POINT ( 'NONE',  ( -6.222999999999998089, 5.862319999999997755, 4.953000000000003844 ) ) ;
#2760 = CARTESIAN_POINT ( 'NONE',  ( 5.140909707198001222, 5.862319999999995979, 2.159000000000002917 ) ) ;
#2761 = CARTESIAN_POINT ( 'NONE',  ( -2.158999999999998920, 3.556000000000001826, -12.91441695749999674 ) ) ;
#2762 = DIRECTION ( 'NONE',  ( 1.000000000000000000, -3.431425595409362857E-17, 5.130477113903259476E-17 ) ) ;
#2763 = ORIENTED_EDGE ( 'NONE', *, *, #3693, .F. ) ;
#2764 = CARTESIAN_POINT ( 'NONE',  ( -5.140909726420273884, 4.826000014092436174, -1.904999999999997584 ) ) ;
#2765 = ORIENTED_EDGE ( 'NONE', *, *, #917, .F. ) ;
#2766 = PLANE ( 'NONE',  #6753 ) ;
#2767 = CARTESIAN_POINT ( 'NONE',  ( 4.808421041000001672, 6.218579345899995836, 4.699000000000003396 ) ) ;
#2768 = LINE ( 'NONE', #4525, #2139 ) ;
#2769 = ADVANCED_FACE ( 'NONE', ( #6791 ), #3358, .T. ) ;
#2770 = ORIENTED_EDGE ( 'NONE', *, *, #2056, .F. ) ;
#2771 = CARTESIAN_POINT ( 'NONE',  ( 6.477000000000002089, 6.364590498671997665, -2.920999999999997154 ) ) ;
#2772 = ORIENTED_EDGE ( 'NONE', *, *, #3894, .T. ) ;
#2773 = VERTEX_POINT ( 'NONE', #4554 ) ;
#2774 = CARTESIAN_POINT ( 'NONE',  ( 2.159000000000000696, 7.112000000000000988, -8.524399999720996490 ) ) ;
#2775 = FACE_OUTER_BOUND ( 'NONE', #7510, .T. ) ;
#2776 = CARTESIAN_POINT ( 'NONE',  ( -2.158999999999999364, 3.556000000000000494, -6.121399999999997732 ) ) ;
#2777 = EDGE_CURVE ( 'NONE', #1916, #7278, #2749, .T. ) ;
#2778 = CARTESIAN_POINT ( 'NONE',  ( -5.140909726420273884, 4.826000014092436174, 0.6350000000000032285 ) ) ;
#2779 = LINE ( 'NONE', #1745, #2881 ) ;
#2780 = ADVANCED_FACE ( 'NONE', ( #1657 ), #2384, .T. ) ;
#2781 = LINE ( 'NONE', #5003, #4817 ) ;
#2782 = ORIENTED_EDGE ( 'NONE', *, *, #1323, .T. ) ;
#2783 = EDGE_CURVE ( 'NONE', #3403, #4440, #438, .T. ) ;
#2784 = DIRECTION ( 'NONE',  ( -1.000000000000000000, 3.431425595409362857E-17, -5.130477113903259476E-17 ) ) ;
#2785 = FACE_OUTER_BOUND ( 'NONE', #1408, .T. ) ;
#2786 = VECTOR ( 'NONE', #3266, 1000.000000000000000 ) ;
#2787 = CARTESIAN_POINT ( 'NONE',  ( 2.159000000000001140, 7.112000000000000988, -12.31899999999999906 ) ) ;
#2788 = AXIS2_PLACEMENT_3D ( 'NONE', #2903, #2823, #5151 ) ;
#2789 = CYLINDRICAL_SURFACE ( 'NONE', #5814, 1.015999999999999570 ) ;
#2790 = ORIENTED_EDGE ( 'NONE', *, *, #4700, .F. ) ;
#2791 = ORIENTED_EDGE ( 'NONE', *, *, #3803, .T. ) ;
#2792 = VECTOR ( 'NONE', #7006, 1000.000000000000000 ) ;
#2793 = EDGE_CURVE ( 'NONE', #5838, #1199, #7404, .T. ) ;
#2794 = LINE ( 'NONE', #5123, #6031 ) ;
#2795 = CARTESIAN_POINT ( 'NONE',  ( 5.507748381189002451, 4.825999999999996959, -1.904999999999996918 ) ) ;
#2796 = LINE ( 'NONE', #5125, #5425 ) ;
#2797 = VERTEX_POINT ( 'NONE', #476 ) ;
#2798 = ORIENTED_EDGE ( 'NONE', *, *, #1257, .T. ) ;
#2799 = CARTESIAN_POINT ( 'NONE',  ( 6.477000000000002089, 6.002332419999996560, 3.175000000000002487 ) ) ;
#2800 = EDGE_LOOP ( 'NONE', ( #1125, #7297, #1687, #1713 ) ) ;
#2801 = DIRECTION ( 'NONE',  ( 5.130477113903260708E-17, 1.665334536937735304E-16, -1.000000000000000000 ) ) ;
#2802 = ORIENTED_EDGE ( 'NONE', *, *, #1653, .T. ) ;
#2803 = CARTESIAN_POINT ( 'NONE',  ( -6.222999999999998089, -1.734723475976807094E-15, -3.936999999999997613 ) ) ;
#2804 = CARTESIAN_POINT ( 'NONE',  ( -5.029696186833999327, 4.744466083986996985, 0.6350000000000027844 ) ) ;
#2805 = PLANE ( 'NONE',  #1900 ) ;
#2806 = PLANE ( 'NONE',  #5182 ) ;
#2807 = ORIENTED_EDGE ( 'NONE', *, *, #5853, .F. ) ;
#2808 = CARTESIAN_POINT ( 'NONE',  ( 6.477000000000002089, -2.794000000000002260, 1.651000000000002244 ) ) ;
#2809 = VERTEX_POINT ( 'NONE', #5093 ) ;
#2810 = LINE ( 'NONE', #2889, #5078 ) ;
#2811 = CARTESIAN_POINT ( 'NONE',  ( -6.222999999999998089, 5.895635414699997412, -0.3809999999999976739 ) ) ;
#2812 = VECTOR ( 'NONE', #4927, 1000.000000000000000 ) ;
#2813 = ADVANCED_FACE ( 'NONE', ( #1046 ), #3980, .T. ) ;
#2814 = DIRECTION ( 'NONE',  ( -1.000000000000000000, 3.431425595409362857E-17, -5.130477113903259476E-17 ) ) ;
#2815 = CARTESIAN_POINT ( 'NONE',  ( 4.980928443000002481, 4.216240551499996769, -2.920999999999997154 ) ) ;
#2816 = DIRECTION ( 'NONE',  ( -1.371699786071155937E-16, -1.000000000000000000, -5.276989311053102048E-33 ) ) ;
#2817 = LINE ( 'NONE', #6391, #7353 ) ;
#2818 = VERTEX_POINT ( 'NONE', #2830 ) ;
#2819 = CARTESIAN_POINT ( 'NONE',  ( -6.222999999999997200, -2.794000000000000483, -0.8889999999999974589 ) ) ;
#2820 = CARTESIAN_POINT ( 'NONE',  ( 6.477000000000002089, 6.002332419999997448, -2.920999999999997154 ) ) ;
#2821 = PRESENTATION_STYLE_ASSIGNMENT (( #502 ) ) ;
#2822 = EDGE_CURVE ( 'NONE', #5848, #1019, #6800, .T. ) ;
#2823 = DIRECTION ( 'NONE',  ( -0.8267333594788779383, 0.5625939497761849317, 5.127534768238203213E-17 ) ) ;
#2824 = CARTESIAN_POINT ( 'NONE',  ( -6.222999999999998089, 4.665481232899997721, -4.444999999999997620 ) ) ;
#2825 = ORIENTED_EDGE ( 'NONE', *, *, #3526, .F. ) ;
#2826 = VERTEX_POINT ( 'NONE', #6593 ) ;
#2827 = CARTESIAN_POINT ( 'NONE',  ( 6.477000000000002089, 6.002332419999997448, -4.444999999999996732 ) ) ;
#2828 = CARTESIAN_POINT ( 'NONE',  ( -6.222999999999736964, 5.895635414700059584, 4.699000000000004285 ) ) ;
#2829 = FACE_OUTER_BOUND ( 'NONE', #4516, .T. ) ;
#2830 = CARTESIAN_POINT ( 'NONE',  ( 5.140909707198066947, 5.862319999999995090, 0.6350000000000027844 ) ) ;
#2831 = EDGE_CURVE ( 'NONE', #5104, #6989, #4196, .T. ) ;
#2832 = ORIENTED_EDGE ( 'NONE', *, *, #2689, .T. ) ;
#2833 = CARTESIAN_POINT ( 'NONE',  ( -5.140909714137239739, 5.862319994912670751, 0.6350000000000023404 ) ) ;
#2834 = ORIENTED_EDGE ( 'NONE', *, *, #6186, .F. ) ;
#2835 = DIRECTION ( 'NONE',  ( 3.431425595409362857E-17, 1.000000000000000000, 0.000000000000000000 ) ) ;
#2836 = CARTESIAN_POINT ( 'NONE',  ( -5.085678860472624407, 6.287389423200528071, -1.904999999999997806 ) ) ;
#2837 = FACE_OUTER_BOUND ( 'NONE', #4108, .T. ) ;
#2838 = CARTESIAN_POINT ( 'NONE',  ( 4.216400000000001036, 1.977999999999994873, 4.470400000000003260 ) ) ;
#2839 = ORIENTED_EDGE ( 'NONE', *, *, #4318, .T. ) ;
#2840 = DIRECTION ( 'NONE',  ( 0.5625939497761849317, 0.8267333594788779383, 2.886375383747156989E-17 ) ) ;
#2841 = ORIENTED_EDGE ( 'NONE', *, *, #5059, .F. ) ;
#2842 = EDGE_CURVE ( 'NONE', #7192, #1561, #3178, .T. ) ;
#2843 = PLANE ( 'NONE',  #3131 ) ;
#2844 = DIRECTION ( 'NONE',  ( 5.130477113903260708E-17, 1.665334536937735304E-16, -1.000000000000000000 ) ) ;
#2845 = CARTESIAN_POINT ( 'NONE',  ( 4.216400000000001036, 8.689999999999994174, 4.470400000000001484 ) ) ;
#2846 = CARTESIAN_POINT ( 'NONE',  ( 2.920999999999999819, 7.112000000000000988, -12.31899999999999906 ) ) ;
#2847 = CARTESIAN_POINT ( 'NONE',  ( 5.507748381188819486, 4.826000000000001400, -0.3809999999999972853 ) ) ;
#2848 = DIRECTION ( 'NONE',  ( -1.000000000000000000, 3.431425595409362857E-17, -5.130477113903259476E-17 ) ) ;
#2849 = ORIENTED_EDGE ( 'NONE', *, *, #4806, .T. ) ;
#2850 = CIRCLE ( 'NONE', #6854, 0.1999999999999996503 ) ;
#2851 = CARTESIAN_POINT ( 'NONE',  ( 4.216400000000001036, 4.825999999999996071, 4.470400000000003260 ) ) ;
#2852 = LINE ( 'NONE', #5189, #1774 ) ;
#2853 = DIRECTION ( 'NONE',  ( 3.431425595409362857E-17, 1.000000000000000000, 0.000000000000000000 ) ) ;
#2854 = VECTOR ( 'NONE', #4619, 1000.000000000000000 ) ;
#2855 = DIRECTION ( 'NONE',  ( 1.201410850312336183E-17, -0.7071067811865474617, -0.7071067811865475727 ) ) ;
#2856 = CARTESIAN_POINT ( 'NONE',  ( -6.223000000000229015, 4.665481232900040354, -2.920999999999997598 ) ) ;
#2857 = VECTOR ( 'NONE', #6428, 1000.000000000000000 ) ;
#2858 = CARTESIAN_POINT ( 'NONE',  ( -6.222999999999998089, -2.602085213965210642E-15, 1.651000000000002244 ) ) ;
#2859 = VECTOR ( 'NONE', #7511, 1000.000000000000000 ) ;
#2860 = EDGE_CURVE ( 'NONE', #2137, #4243, #1380, .T. ) ;
#2861 = EDGE_LOOP ( 'NONE', ( #6836, #3630, #2782, #6901 ) ) ;
#2862 = AXIS2_PLACEMENT_3D ( 'NONE', #634, #6453, #4220 ) ;
#2863 = VERTEX_POINT ( 'NONE', #3627 ) ;
#2864 = VECTOR ( 'NONE', #3963, 1000.000000000000000 ) ;
#2865 = CARTESIAN_POINT ( 'NONE',  ( 5.724327148806001908, 4.081300973171996915, 2.159000000000002917 ) ) ;
#2866 = VECTOR ( 'NONE', #484, 1000.000000000000000 ) ;
#2867 = PLANE ( 'NONE',  #1056 ) ;
#2868 = EDGE_CURVE ( 'NONE', #2643, #1594, #4858, .T. ) ;
#2869 = DIRECTION ( 'NONE',  ( 5.130477113903260708E-17, 1.665334536937735304E-16, -1.000000000000000000 ) ) ;
#2870 = EDGE_CURVE ( 'NONE', #943, #3843, #2850, .T. ) ;
#2871 = VECTOR ( 'NONE', #2673, 999.9999999999998863 ) ;
#2872 = ORIENTED_EDGE ( 'NONE', *, *, #5110, .T. ) ;
#2873 = CARTESIAN_POINT ( 'NONE',  ( -6.222999999999998089, 4.792684585299997302, 2.159000000000002917 ) ) ;
#2874 = VERTEX_POINT ( 'NONE', #2026 ) ;
#2875 = VECTOR ( 'NONE', #5690, 1000.000000000000227 ) ;
#2876 = EDGE_CURVE ( 'NONE', #157, #4166, #2003, .T. ) ;
#2877 = CARTESIAN_POINT ( 'NONE',  ( -6.222999999999998089, -2.794000000000002260, 3.683000000000002050 ) ) ;
#2878 = ORIENTED_EDGE ( 'NONE', *, *, #1706, .T. ) ;
#2879 = DIRECTION ( 'NONE',  ( 1.000000000000000000, -3.431425595409362857E-17, 5.130477113903259476E-17 ) ) ;
#2880 = CARTESIAN_POINT ( 'NONE',  ( -5.825466848180997914, 6.796669658390997348, 2.159000000000002917 ) ) ;
#2881 = VECTOR ( 'NONE', #2324, 1000.000000000000000 ) ;
#2882 = EDGE_CURVE ( 'NONE', #1400, #7516, #2563, .T. ) ;
#2883 = CARTESIAN_POINT ( 'NONE',  ( 4.808421040999974139, 6.218579345899993172, 4.699000000000002508 ) ) ;
#2884 = VECTOR ( 'NONE', #6602, 1000.000000000000000 ) ;
#2885 = CARTESIAN_POINT ( 'NONE',  ( -6.222999999999998089, 4.232135350799998363, -2.920999999999997598 ) ) ;
#2886 = ORIENTED_EDGE ( 'NONE', *, *, #6450, .F. ) ;
#2887 = CARTESIAN_POINT ( 'NONE',  ( -5.959238082003998294, 6.445103080248998140, -4.444999999999997620 ) ) ;
#2888 = EDGE_LOOP ( 'NONE', ( #1085, #6517, #4631, #4290 ) ) ;
#2889 = CARTESIAN_POINT ( 'NONE',  ( -6.222999999999998089, -2.717800000000003546, 1.143000000000002458 ) ) ;
#2890 = EDGE_LOOP ( 'NONE', ( #353, #7265, #2048, #4888 ) ) ;
#2891 = CARTESIAN_POINT ( 'NONE',  ( 5.959238081891438554, 6.445103080431094256, -2.920999999999996710 ) ) ;
#2892 = EDGE_CURVE ( 'NONE', #1379, #638, #6674, .T. ) ;
#2893 = EDGE_CURVE ( 'NONE', #4110, #5848, #242, .T. ) ;
#2894 = DIRECTION ( 'NONE',  ( -0.5625939497761849317, -0.8267333594788778273, -2.886375383747156989E-17 ) ) ;
#2895 = CARTESIAN_POINT ( 'NONE',  ( -2.158999999999999364, 2.286000000000000476, -4.724399999999997490 ) ) ;
#2896 = LINE ( 'NONE', #5715, #5899 ) ;
#2897 = ORIENTED_EDGE ( 'NONE', *, *, #5406, .F. ) ;
#2898 = CARTESIAN_POINT ( 'NONE',  ( 2.159000000000000696, 7.112000000000000988, -8.524399999720996490 ) ) ;
#2899 = CARTESIAN_POINT ( 'NONE',  ( -3.962399999999998812, 1.777999999999994918, 4.524400000000001754 ) ) ;
#2900 = SURFACE_SIDE_STYLE ('',( #2940 ) ) ;
#2901 = EDGE_CURVE ( 'NONE', #2445, #4147, #1421, .T. ) ;
#2902 = PRESENTATION_STYLE_ASSIGNMENT (( #6969 ) ) ;
#2903 = CARTESIAN_POINT ( 'NONE',  ( 4.808421041000002560, 6.218579345899996724, -2.920999999999997154 ) ) ;
#2904 = CARTESIAN_POINT ( 'NONE',  ( 5.679736218423002470, 4.689207125507998342, -4.444999999999996732 ) ) ;
#2905 = AXIS2_PLACEMENT_3D ( 'NONE', #944, #2725, #2657 ) ;
#2906 = ORIENTED_EDGE ( 'NONE', *, *, #1994, .T. ) ;
#2907 = ORIENTED_EDGE ( 'NONE', *, *, #539, .F. ) ;
#2908 = CARTESIAN_POINT ( 'NONE',  ( 7.772400000000001086, -1.734723475976807094E-15, -3.428999999999997161 ) ) ;
#2909 = VECTOR ( 'NONE', #4582, 1000.000000000000000 ) ;
#2910 = ADVANCED_FACE ( 'NONE', ( #6023 ), #2600, .T. ) ;
#2911 = CARTESIAN_POINT ( 'NONE',  ( 2.159000000000000696, 6.057900000000000951, -8.524399999720996490 ) ) ;
#2912 = DIRECTION ( 'NONE',  ( 5.130477113903260092E-17, 1.665334536937735304E-16, -1.000000000000000000 ) ) ;
#2913 = VERTEX_POINT ( 'NONE', #202 ) ;
#2914 = CYLINDRICAL_SURFACE ( 'NONE', #1772, 0.2000000000000005107 ) ;
#2915 = EDGE_LOOP ( 'NONE', ( #5404, #5886, #3151, #4213 ) ) ;
#2916 = PLANE ( 'NONE',  #5950 ) ;
#2917 = VECTOR ( 'NONE', #7384, 1000.000000000000000 ) ;
#2918 = ORIENTED_EDGE ( 'NONE', *, *, #3790, .T. ) ;
#2919 = ADVANCED_FACE ( 'NONE', ( #1869 ), #314, .T. ) ;
#2920 = CARTESIAN_POINT ( 'NONE',  ( -5.085678860472624407, 6.287389423200528071, -0.3809999999999977294 ) ) ;
#2921 = EDGE_CURVE ( 'NONE', #6472, #1916, #733, .T. ) ;
#2922 = DIRECTION ( 'NONE',  ( -3.431425595409362857E-17, -1.000000000000000000, -0.000000000000000000 ) ) ;
#2923 = EDGE_CURVE ( 'NONE', #3584, #2252, #4360, .T. ) ;
#2924 = AXIS2_PLACEMENT_3D ( 'NONE', #4842, #7187, #7227 ) ;
#2925 = B_SPLINE_CURVE_WITH_KNOTS ( 'NONE', 3,
 ( #1964, #1846, #4297, #1885, #3760 ),
 .UNSPECIFIED., .F., .F.,
 ( 4, 1, 4 ),
 ( 0.000000000000000000, 0.6189351753168998993, 1.000000000000000000 ),
 .UNSPECIFIED. ) ;
#2926 = FACE_OUTER_BOUND ( 'NONE', #5873, .T. ) ;
#2927 = ORIENTED_EDGE ( 'NONE', *, *, #3558, .T. ) ;
#2928 = LINE ( 'NONE', #2390, #2174 ) ;
#2929 = VERTEX_POINT ( 'NONE', #1459 ) ;
#2930 = EDGE_LOOP ( 'NONE', ( #5575, #6187, #2077, #2041 ) ) ;
#2931 = DIRECTION ( 'NONE',  ( 0.5625939497761849317, -0.8267333594788778273, 2.886375383747156989E-17 ) ) ;
#2932 = CARTESIAN_POINT ( 'NONE',  ( -5.507748381188998898, 4.825999999999996959, 2.159000000000002917 ) ) ;
#2933 = CARTESIAN_POINT ( 'NONE',  ( 3.962400000000001477, 8.689999999999995950, -4.724399999999997490 ) ) ;
#2934 = CARTESIAN_POINT ( 'NONE',  ( 6.477000000000002089, 6.002332419999996560, 3.175000000000002487 ) ) ;
#2935 = CARTESIAN_POINT ( 'NONE',  ( -4.808421040999999008, 4.469740654099997101, -0.3809999999999976739 ) ) ;
#2936 = VERTEX_POINT ( 'NONE', #3141 ) ;
#2937 = CARTESIAN_POINT ( 'NONE',  ( 5.959238080889495137, 4.243216917964849344, -0.3809999999999972853 ) ) ;
#2938 = ADVANCED_FACE ( 'NONE', ( #6516 ), #3783, .T. ) ;
#2939 = CARTESIAN_POINT ( 'NONE',  ( 6.477000000000002089, 6.002332419999997448, -2.920999999999997154 ) ) ;
#2940 = SURFACE_STYLE_FILL_AREA ( #4121 ) ;
#2941 = CARTESIAN_POINT ( 'NONE',  ( -5.959238082003998294, 4.243216919750996574, 2.159000000000002917 ) ) ;
#2942 = AXIS2_PLACEMENT_3D ( 'NONE', #894, #5531, #7283 ) ;
#2943 = CARTESIAN_POINT ( 'NONE',  ( 4.980928443000002481, 6.472079448499997056, 0.6350000000000027844 ) ) ;
#2944 = ORIENTED_EDGE ( 'NONE', *, *, #1533, .F. ) ;
#2945 = ORIENTED_EDGE ( 'NONE', *, *, #5903, .F. ) ;
#2946 = VERTEX_POINT ( 'NONE', #3061 ) ;
#2947 = EDGE_CURVE ( 'NONE', #4471, #1229, #5381, .T. ) ;
#2948 = VECTOR ( 'NONE', #1784, 1000.000000000000000 ) ;
#2949 = CARTESIAN_POINT ( 'NONE',  ( 5.507748381189002451, 5.862319999999996867, -2.920999999999997154 ) ) ;
#2950 = DIRECTION ( 'NONE',  ( 1.000000000000000000, 0.000000000000000000, 0.000000000000000000 ) ) ;
#2951 = CARTESIAN_POINT ( 'NONE',  ( -5.959238081891448324, 6.445103080431075604, 4.699000000000004285 ) ) ;
#2952 = FACE_OUTER_BOUND ( 'NONE', #7488, .T. ) ;
#2953 = ORIENTED_EDGE ( 'NONE', *, *, #6490, .F. ) ;
#2954 = ORIENTED_EDGE ( 'NONE', *, *, #2321, .F. ) ;
#2955 = CARTESIAN_POINT ( 'NONE',  ( -6.476999999999998536, 0.5079999999999963434, 3.175000000000002487 ) ) ;
#2956 = ORIENTED_EDGE ( 'NONE', *, *, #6407, .T. ) ;
#2957 = B_SPLINE_CURVE_WITH_KNOTS ( 'NONE', 3,
 ( #1907, #6586, #2519, #3696, #6017 ),
 .UNSPECIFIED., .F., .F.,
 ( 4, 1, 4 ),
 ( 0.000000000000000000, 0.3810648246831000452, 1.000000000000000000 ),
 .UNSPECIFIED. ) ;
#2958 = DIRECTION ( 'NONE',  ( 0.000000000000000000, -1.000000000000000000, 0.000000000000000000 ) ) ;
#2959 = DIRECTION ( 'NONE',  ( 5.130477113903260708E-17, 1.665334536937735304E-16, -1.000000000000000000 ) ) ;
#2960 = CARTESIAN_POINT ( 'NONE',  ( 4.216400000000001924, 4.825999999999997847, -4.470399999999997043 ) ) ;
#2961 = ORIENTED_EDGE ( 'NONE', *, *, #4887, .F. ) ;
#2962 = CARTESIAN_POINT ( 'NONE',  ( 4.808421041000002560, 6.218579345899996724, -0.3809999999999976739 ) ) ;
#2963 = ORIENTED_EDGE ( 'NONE', *, *, #5264, .T. ) ;
#2964 = EDGE_CURVE ( 'NONE', #6696, #6304, #1915, .T. ) ;
#2965 = VERTEX_POINT ( 'NONE', #3248 ) ;
#2966 = CARTESIAN_POINT ( 'NONE',  ( 6.223000000000000753, -2.794000000000002260, 4.191000000000001613 ) ) ;
#2967 = LINE ( 'NONE', #4114, #686 ) ;
#2968 = CARTESIAN_POINT ( 'NONE',  ( 4.808421040999761864, 4.469740654099975785, -4.444999999999995843 ) ) ;
#2969 = DIRECTION ( 'NONE',  ( -1.000000000000000000, 3.431425595409362857E-17, -5.130477113903259476E-17 ) ) ;
#2970 = EDGE_CURVE ( 'NONE', #3871, #1814, #7233, .T. ) ;
#2971 = DIRECTION ( 'NONE',  ( 0.8267333594788779383, 0.5625939497761849317, 1.361060792845168385E-16 ) ) ;
#2972 = ORIENTED_EDGE ( 'NONE', *, *, #1416, .F. ) ;
#2973 = FACE_OUTER_BOUND ( 'NONE', #2233, .T. ) ;
#2974 = FACE_OUTER_BOUND ( 'NONE', #4178, .T. ) ;
#2975 = CARTESIAN_POINT ( 'NONE',  ( 5.029696191436746844, 5.943853910299274013, -4.444999999999997620 ) ) ;
#2976 = DIRECTION ( 'NONE',  ( -0.5625939497761849317, -0.8267333594788778273, -2.886375383747156989E-17 ) ) ;
#2977 = VECTOR ( 'NONE', #1221, 1000.000000000000000 ) ;
#2978 = CARTESIAN_POINT ( 'NONE',  ( -2.158999999999999364, 4.610100000000000975, -6.121399999999997732 ) ) ;
#2979 = ORIENTED_EDGE ( 'NONE', *, *, #5201, .F. ) ;
#2980 = VERTEX_POINT ( 'NONE', #4424 ) ;
#2981 = EDGE_LOOP ( 'NONE', ( #674, #1381, #5952, #549, #3703, #2734, #647, #4285, #6924, #4776, #1036, #6942, #1149, #7164 ) ) ;
#2982 = ORIENTED_EDGE ( 'NONE', *, *, #1575, .T. ) ;
#2983 = VECTOR ( 'NONE', #6358, 1000.000000000000000 ) ;
#2984 = CARTESIAN_POINT ( 'NONE',  ( 6.223000000000232568, 4.665481232899942654, 0.6350000000000035616 ) ) ;
#2985 = PRESENTATION_STYLE_ASSIGNMENT (( #778 ) ) ;
#2986 = LINE ( 'NONE', #5311, #2266 ) ;
#2987 = VERTEX_POINT ( 'NONE', #3387 ) ;
#2988 = FACE_OUTER_BOUND ( 'NONE', #4164, .T. ) ;
#2989 = VECTOR ( 'NONE', #6488, 1000.000000000000000 ) ;
#2990 = EDGE_CURVE ( 'NONE', #3514, #3064, #7349, .T. ) ;
#2991 = ORIENTED_EDGE ( 'NONE', *, *, #5805, .T. ) ;
#2992 = ORIENTED_EDGE ( 'NONE', *, *, #1926, .T. ) ;
#2993 = CARTESIAN_POINT ( 'NONE',  ( -6.477000000000026958, 6.364590498671153007, 4.699000000000004285 ) ) ;
#2994 = ORIENTED_EDGE ( 'NONE', *, *, #4050, .T. ) ;
#2995 = AXIS2_PLACEMENT_3D ( 'NONE', #1839, #5760, #1762 ) ;
#2996 = CIRCLE ( 'NONE', #2136, 0.2539999999999998925 ) ;
#2997 = CARTESIAN_POINT ( 'NONE',  ( 6.477000000000002089, -2.602085213965210642E-15, 1.651000000000002244 ) ) ;
#2998 = CYLINDRICAL_SURFACE ( 'NONE', #335, 0.2539999999999998925 ) ;
#2999 = EDGE_CURVE ( 'NONE', #5136, #4943, #3107, .T. ) ;
#3000 = VECTOR ( 'NONE', #2328, 1000.000000000000000 ) ;
#3001 = AXIS2_PLACEMENT_3D ( 'NONE', #6880, #493, #3996 ) ;
#3002 = CARTESIAN_POINT ( 'NONE',  ( -6.476999999999998536, 6.364590498671997665, -2.920999999999997598 ) ) ;
#3003 = VERTEX_POINT ( 'NONE', #5563 ) ;
#3004 = CARTESIAN_POINT ( 'NONE',  ( -5.679736218183029983, 5.999112874108567084, -0.3809999999999971187 ) ) ;
#3005 = VERTEX_POINT ( 'NONE', #6209 ) ;
#3006 = VECTOR ( 'NONE', #1394, 1000.000000000000000 ) ;
#3007 = DIRECTION ( 'NONE',  ( 3.431425595409362857E-17, 1.000000000000000000, 0.000000000000000000 ) ) ;
#3008 = AXIS2_PLACEMENT_3D ( 'NONE', #7063, #3720, #1322 ) ;
#3009 = CARTESIAN_POINT ( 'NONE',  ( -4.808421040999999008, 6.218579345899997612, -2.920999999999997598 ) ) ;
#3010 = DIRECTION ( 'NONE',  ( 5.130477113903260708E-17, 1.665334536937735304E-16, -1.000000000000000000 ) ) ;
#3011 = EDGE_CURVE ( 'NONE', #4057, #2418, #2492, .T. ) ;
#3012 = CARTESIAN_POINT ( 'NONE',  ( 6.223000000000001641, 4.792684585299998190, -2.920999999999997154 ) ) ;
#3013 = FILL_AREA_STYLE ('',( #681 ) ) ;
#3014 = VERTEX_POINT ( 'NONE', #2638 ) ;
#3015 = CARTESIAN_POINT ( 'NONE',  ( -3.962399999999998812, 5.862319999999998643, 4.724400000000002819 ) ) ;
#3016 = LINE ( 'NONE', #3577, #1898 ) ;
#3017 = EDGE_CURVE ( 'NONE', #2724, #1692, #5114, .T. ) ;
#3018 = CARTESIAN_POINT ( 'NONE',  ( -3.174999999999998934, 3.556000000000001826, -12.31899999999995998 ) ) ;
#3019 = EDGE_CURVE ( 'NONE', #1814, #4057, #5530, .T. ) ;
#3020 = UNCERTAINTY_MEASURE_WITH_UNIT (LENGTH_MEASURE( 1.000000000000000082E-05 ), #4763, 'distance_accuracy_value', 'NONE');
#3021 = SURFACE_SIDE_STYLE ('',( #690 ) ) ;
#3022 = LINE ( 'NONE', #3660, #4347 ) ;
#3023 = EDGE_CURVE ( 'NONE', #4401, #2987, #4634, .T. ) ;
#3024 = DIRECTION ( 'NONE',  ( 1.000000000000000000, -3.431425595409362857E-17, 5.130477113903259476E-17 ) ) ;
#3025 = ORIENTED_EDGE ( 'NONE', *, *, #2358, .T. ) ;
#3026 = VERTEX_POINT ( 'NONE', #1608 ) ;
#3027 = B_SPLINE_SURFACE_WITH_KNOTS ( 'NONE', 3, 1, ( 
 ( #104, #2431 ),
 ( #4885, #6498 ),
 ( #3614, #5937 ),
 ( #7190, #1974 ),
 ( #2398, #1218 ) ),
 .UNSPECIFIED., .F., .F., .F.,
 ( 4, 1, 4 ),
 ( 2, 2 ),
 ( 0.01043166776922310919, 0.2126490142700000197, 0.5410955592661563784 ),
 ( 0.000000000000000000, 1.000000000000000000 ),
 .UNSPECIFIED. ) ;
#3028 = ORIENTED_EDGE ( 'NONE', *, *, #3315, .T. ) ;
#3029 = ORIENTED_EDGE ( 'NONE', *, *, #443, .T. ) ;
#3030 = LINE ( 'NONE', #1625, #7525 ) ;
#3031 = DIRECTION ( 'NONE',  ( 3.431425595409362857E-17, 1.000000000000000000, 0.000000000000000000 ) ) ;
#3032 = DIRECTION ( 'NONE',  ( 1.000000000000000000, 0.000000000000000000, 0.000000000000000000 ) ) ;
#3033 = DIRECTION ( 'NONE',  ( 3.431425595409362857E-17, 1.000000000000000000, 0.000000000000000000 ) ) ;
#3034 = ORIENTED_EDGE ( 'NONE', *, *, #5714, .T. ) ;
#3035 = EDGE_LOOP ( 'NONE', ( #562, #5173, #6645, #6091, #7280, #2897, #4427, #3444, #313, #3497, #6296, #5533, #5113, #4742 ) ) ;
#3036 = CARTESIAN_POINT ( 'NONE',  ( -5.085678860472625296, 6.287389423200527183, 3.175000000000003375 ) ) ;
#3037 = EDGE_LOOP ( 'NONE', ( #2037, #4087, #4479, #4557 ) ) ;
#3038 = ADVANCED_FACE ( 'NONE', ( #6172 ), #7279, .F. ) ;
#3039 = CARTESIAN_POINT ( 'NONE',  ( -4.808421040999999008, 4.469740654099997990, -1.904999999999997806 ) ) ;
#3040 = AXIS2_PLACEMENT_3D ( 'NONE', #6769, #1560, #3880 ) ;
#3041 = CARTESIAN_POINT ( 'NONE',  ( -5.371941468077999104, 5.947322718753697224, 4.699000000000003396 ) ) ;
#3042 = DIRECTION ( 'NONE',  ( -3.431425595409362857E-17, -1.000000000000000000, -0.000000000000000000 ) ) ;
#3043 = VECTOR ( 'NONE', #5131, 1000.000000000000114 ) ;
#3044 = CARTESIAN_POINT ( 'NONE',  ( -5.959238082003998294, 4.243216919750997462, -2.920999999999997598 ) ) ;
#3045 = ORIENTED_EDGE ( 'NONE', *, *, #6004, .T. ) ;
#3046 = CARTESIAN_POINT ( 'NONE',  ( -5.371700992470998415, 4.741020151570095820, 3.175000000000002931 ) ) ;
#3047 = EDGE_LOOP ( 'NONE', ( #833, #7048, #7325, #4667 ) ) ;
#3048 = ORIENTED_EDGE ( 'NONE', *, *, #875, .T. ) ;
#3049 = CARTESIAN_POINT ( 'NONE',  ( -4.808421040999999008, 4.469740654099997990, -2.920999999999997598 ) ) ;
#3050 = CARTESIAN_POINT ( 'NONE',  ( -4.919058033047593703, 4.607104059464151469, -2.920999999999997598 ) ) ;
#3051 = LINE ( 'NONE', #1856, #7478 ) ;
#3052 =( LENGTH_UNIT ( ) NAMED_UNIT ( * ) SI_UNIT ( .MILLI., .METRE. ) );
#3053 = ORIENTED_EDGE ( 'NONE', *, *, #5572, .T. ) ;
#3054 = CARTESIAN_POINT ( 'NONE',  ( -6.222999999999998089, 5.895635414699997412, 2.159000000000002917 ) ) ;
#3055 = CARTESIAN_POINT ( 'NONE',  ( -4.919058026673999606, 4.607104051550196644, 4.699000000000003396 ) ) ;
#3056 = DIRECTION ( 'NONE',  ( 3.431425595409362857E-17, 1.000000000000000000, 0.000000000000000000 ) ) ;
#3057 = CARTESIAN_POINT ( 'NONE',  ( 4.919058028974682806, 6.081215945592941985, -4.444999999999997620 ) ) ;
#3058 = DIRECTION ( 'NONE',  ( -0.000000000000000000, -0.000000000000000000, 1.000000000000000000 ) ) ;
#3059 = CARTESIAN_POINT ( 'NONE',  ( -5.140909707197998557, 4.825999999999997847, 4.699000000000003396 ) ) ;
#3060 = ORIENTED_EDGE ( 'NONE', *, *, #2218, .F. ) ;
#3061 = CARTESIAN_POINT ( 'NONE',  ( 5.140909707198273004, 5.862319999999994202, -2.920999999999997598 ) ) ;
#3062 = ORIENTED_EDGE ( 'NONE', *, *, #5416, .F. ) ;
#3063 = VERTEX_POINT ( 'NONE', #4539 ) ;
#3064 = VERTEX_POINT ( 'NONE', #6281 ) ;
#3065 = EDGE_CURVE ( 'NONE', #5043, #91, #2059, .T. ) ;
#3066 = CARTESIAN_POINT ( 'NONE',  ( 6.109955650407426830, 4.159618444802800852, 4.699000000000003396 ) ) ;
#3067 = CARTESIAN_POINT ( 'NONE',  ( 6.223000000000389775, 4.792684585299983091, 0.6350000000000044498 ) ) ;
#3068 = CARTESIAN_POINT ( 'NONE',  ( 6.223000000000001641, 5.895635414699997412, -2.920999999999997154 ) ) ;
#3069 = CARTESIAN_POINT ( 'NONE',  ( -5.371700992470997527, 4.741020151570097596, -4.444999999999996732 ) ) ;
#3070 = ORIENTED_EDGE ( 'NONE', *, *, #6911, .F. ) ;
#3071 = DIRECTION ( 'NONE',  ( 5.130477113903260092E-17, 1.665334536937735304E-16, -1.000000000000000000 ) ) ;
#3072 = ORIENTED_EDGE ( 'NONE', *, *, #6914, .T. ) ;
#3073 = AXIS2_PLACEMENT_3D ( 'NONE', #5825, #5474, #6427 ) ;
#3074 = DIRECTION ( 'NONE',  ( -3.431425595409362857E-17, -1.000000000000000000, -0.000000000000000000 ) ) ;
#3075 = DIRECTION ( 'NONE',  ( -1.201410850312335721E-17, 0.7071067811865474617, 0.7071067811865475727 ) ) ;
#3076 = CARTESIAN_POINT ( 'NONE',  ( -4.808421040999999008, 6.218579345899996724, 2.159000000000002917 ) ) ;
#3077 = B_SPLINE_CURVE_WITH_KNOTS ( 'NONE', 3,
 ( #1867, #1263, #770, #6021, #1344 ),
 .UNSPECIFIED., .F., .F.,
 ( 4, 1, 4 ),
 ( 0.000000000000000000, 0.6189351753168998993, 1.000000000000000000 ),
 .UNSPECIFIED. ) ;
#3078 = EDGE_CURVE ( 'NONE', #6225, #271, #1398, .T. ) ;
#3079 = CARTESIAN_POINT ( 'NONE',  ( 6.477000000000002089, 0.5079999999999971205, -0.3809999999999976739 ) ) ;
#3080 = VERTEX_POINT ( 'NONE', #7350 ) ;
#3081 = CARTESIAN_POINT ( 'NONE',  ( -5.724327148805999244, 4.081300973171996915, 4.699000000000003396 ) ) ;
#3082 = EDGE_LOOP ( 'NONE', ( #3531, #3752, #999, #6894, #4847, #910, #3226, #477, #6065 ) ) ;
#3083 = CARTESIAN_POINT ( 'NONE',  ( -6.223000000000387111, 4.792684585299991973, 0.6350000000000023404 ) ) ;
#3084 = CARTESIAN_POINT ( 'NONE',  ( 5.085678860472627072, 6.287389423200527183, -1.904999999999998250 ) ) ;
#3085 = DIRECTION ( 'NONE',  ( 3.431425595409362857E-17, 1.000000000000000000, 0.000000000000000000 ) ) ;
#3086 = SURFACE_STYLE_FILL_AREA ( #3737 ) ;
#3087 = ORIENTED_EDGE ( 'NONE', *, *, #6644, .T. ) ;
#3088 = CARTESIAN_POINT ( 'NONE',  ( -5.959238081891447436, 6.445103080431076492, 0.6350000000000032285 ) ) ;
#3089 = EDGE_CURVE ( 'NONE', #7013, #5248, #3353, .T. ) ;
#3090 = DIRECTION ( 'NONE',  ( 0.000000000000000000, 0.000000000000000000, 1.000000000000000000 ) ) ;
#3091 = CARTESIAN_POINT ( 'NONE',  ( 5.507748381188818598, 4.826000000000000512, 3.175000000000003375 ) ) ;
#3092 = UNCERTAINTY_MEASURE_WITH_UNIT (LENGTH_MEASURE( 1.000000000000000082E-05 ), #2593, 'distance_accuracy_value', 'NONE');
#3093 = CARTESIAN_POINT ( 'NONE',  ( 3.962399999999999700, 1.777999999999996694, -4.524399999999998201 ) ) ;
#3094 = FACE_OUTER_BOUND ( 'NONE', #5516, .T. ) ;
#3095 = CARTESIAN_POINT ( 'NONE',  ( -4.808421040999999008, 6.218579345899996724, -0.3809999999999976739 ) ) ;
#3096 = ORIENTED_EDGE ( 'NONE', *, *, #836, .F. ) ;
#3097 = CARTESIAN_POINT ( 'NONE',  ( 0.3810000000000011156, 7.112000000000000988, -8.524399999720998267 ) ) ;
#3098 = ORIENTED_EDGE ( 'NONE', *, *, #1980, .T. ) ;
#3099 = VERTEX_POINT ( 'NONE', #3817 ) ;
#3100 = CARTESIAN_POINT ( 'NONE',  ( -5.085678860471998242, 6.287389423200497873, -1.904999999999997806 ) ) ;
#3101 = CARTESIAN_POINT ( 'NONE',  ( -6.222999999999736964, 5.895635414700080013, -2.920999999999997598 ) ) ;
#3102 = AXIS2_PLACEMENT_3D ( 'NONE', #5082, #2171, #1527 ) ;
#3103 = DIRECTION ( 'NONE',  ( 5.130477113903260708E-17, 1.665334536937735304E-16, -1.000000000000000000 ) ) ;
#3104 = EDGE_CURVE ( 'NONE', #2445, #5105, #6780, .T. ) ;
#3105 = LINE ( 'NONE', #6074, #431 ) ;
#3106 = ORIENTED_EDGE ( 'NONE', *, *, #576, .T. ) ;
#3107 = CIRCLE ( 'NONE', #4071, 1.778000000000000025 ) ;
#3108 = VERTEX_POINT ( 'NONE', #5005 ) ;
#3109 = CARTESIAN_POINT ( 'NONE',  ( -2.158999999999999364, 3.556000000000001826, -12.31899999999995998 ) ) ;
#3110 = CARTESIAN_POINT ( 'NONE',  ( -5.959238082003999182, 4.243216919750996574, 4.699000000000003396 ) ) ;
#3111 = EDGE_CURVE ( 'NONE', #6538, #3080, #70, .T. ) ;
#3112 = DIRECTION ( 'NONE',  ( 0.000000000000000000, 1.000000000000000000, 0.000000000000000000 ) ) ;
#3113 = ADVANCED_FACE ( 'NONE', ( #6240 ), #6376, .T. ) ;
#3114 = AXIS2_PLACEMENT_3D ( 'NONE', #4496, #5523, #1524 ) ;
#3115 = EDGE_CURVE ( 'NONE', #4602, #835, #1639, .T. ) ;
#3116 = AXIS2_PLACEMENT_3D ( 'NONE', #5466, #1429, #250 ) ;
#3117 = LINE ( 'NONE', #4177, #2989 ) ;
#3118 = ORIENTED_EDGE ( 'NONE', *, *, #755, .T. ) ;
#3119 = VECTOR ( 'NONE', #5051, 1000.000000000000000 ) ;
#3120 = CARTESIAN_POINT ( 'NONE',  ( -6.223000000000006970, 4.232135350800140472, 4.699000000000003396 ) ) ;
#3121 = EDGE_LOOP ( 'NONE', ( #2084, #2316, #3028, #1729, #7417, #2043, #5629, #4181 ) ) ;
#3122 = AXIS2_PLACEMENT_3D ( 'NONE', #6950, #5135, #1208 ) ;
#3123 = CARTESIAN_POINT ( 'NONE',  ( 3.962400000000001477, 4.825999999999997847, -4.724399999999997490 ) ) ;
#3124 = FACE_OUTER_BOUND ( 'NONE', #1196, .T. ) ;
#3125 = VECTOR ( 'NONE', #2547, 1000.000000000000000 ) ;
#3126 = ADVANCED_FACE ( 'NONE', ( #2973 ), #612, .T. ) ;
#3127 = CARTESIAN_POINT ( 'NONE',  ( -6.222999999999998977, 4.232135350799996587, 4.699000000000003396 ) ) ;
#3128 = DIRECTION ( 'NONE',  ( 0.000000000000000000, 0.000000000000000000, -1.000000000000000000 ) ) ;
#3129 = EDGE_LOOP ( 'NONE', ( #3973, #2068, #4180, #3288 ) ) ;
#3130 = CARTESIAN_POINT ( 'NONE',  ( -6.222999999999998089, 4.792684585299998190, -0.3809999999999976739 ) ) ;
#3131 = AXIS2_PLACEMENT_3D ( 'NONE', #3952, #3599, #6955 ) ;
#3132 = VECTOR ( 'NONE', #1206, 1000.000000000000000 ) ;
#3133 = ADVANCED_FACE ( 'NONE', ( #3462 ), #7336, .F. ) ;
#3134 = CARTESIAN_POINT ( 'NONE',  ( 3.962400000000001477, 1.777999999999996694, -4.524399999999998201 ) ) ;
#3135 = ADVANCED_FACE ( 'NONE', ( #6465 ), #707, .F. ) ;
#3136 = DIRECTION ( 'NONE',  ( 1.000000000000000000, -3.431425595409362857E-17, 5.130477113903260092E-17 ) ) ;
#3137 = DIRECTION ( 'NONE',  ( 0.000000000000000000, -1.000000000000000000, 0.000000000000000000 ) ) ;
#3138 = CARTESIAN_POINT ( 'NONE',  ( -1.143000000000000016, 3.556000000000001826, -8.524399999720948529 ) ) ;
#3139 = B_SPLINE_CURVE_WITH_KNOTS ( 'NONE', 3,
 ( #3920, #915, #415, #3312, #1486 ),
 .UNSPECIFIED., .F., .F.,
 ( 4, 1, 4 ),
 ( 0.000000000000000000, 0.6189351753168998993, 1.000000000000000000 ),
 .UNSPECIFIED. ) ;
#3140 = ORIENTED_EDGE ( 'NONE', *, *, #5371, .T. ) ;
#3141 = CARTESIAN_POINT ( 'NONE',  ( 4.808421041000002560, 6.218579345899996724, -2.920999999999997154 ) ) ;
#3142 = ORIENTED_EDGE ( 'NONE', *, *, #7217, .F. ) ;
#3143 = ORIENTED_EDGE ( 'NONE', *, *, #5590, .T. ) ;
#3144 = CARTESIAN_POINT ( 'NONE',  ( -6.222999999999998977, 5.895635414699996524, 4.699000000000003396 ) ) ;
#3145 = VERTEX_POINT ( 'NONE', #1184 ) ;
#3146 = CARTESIAN_POINT ( 'NONE',  ( 5.507748381189002451, 5.862319999999997755, -4.444999999999997620 ) ) ;
#3147 = CARTESIAN_POINT ( 'NONE',  ( 2.159000000000000696, 7.112000000000000099, -5.422899999999996723 ) ) ;
#3148 = FACE_OUTER_BOUND ( 'NONE', #3496, .T. ) ;
#3149 = ORIENTED_EDGE ( 'NONE', *, *, #5149, .F. ) ;
#3150 = VERTEX_POINT ( 'NONE', #1748 ) ;
#3151 = ORIENTED_EDGE ( 'NONE', *, *, #2097, .F. ) ;
#3152 = CARTESIAN_POINT ( 'NONE',  ( -4.980928442999998929, 4.216240551499997657, -4.444999999999997620 ) ) ;
#3153 = EDGE_CURVE ( 'NONE', #3003, #6743, #6981, .T. ) ;
#3154 = B_SPLINE_SURFACE_WITH_KNOTS ( 'NONE', 3, 1, ( 
 ( #3702, #7204 ),
 ( #7123, #1984 ),
 ( #4354, #4314 ),
 ( #1418, #6064 ),
 ( #5340, #1606 ),
 ( #887, #6238 ) ),
 .UNSPECIFIED., .F., .F., .F.,
 ( 4, 1, 1, 4 ),
 ( 2, 2 ),
 ( 0.007490355435017930288, 0.4025913527100000167, 0.7332758799206000599, 0.9915633411122035668 ),
 ( 0.000000000000000000, 1.000000000000000000 ),
 .UNSPECIFIED. ) ;
#3155 = LINE ( 'NONE', #5472, #4704 ) ;
#3156 = CARTESIAN_POINT ( 'NONE',  ( -6.222999999999998089, 4.792684585299998190, -0.3809999999999976739 ) ) ;
#3157 = CARTESIAN_POINT ( 'NONE',  ( 6.477000000000001201, 0.5079999999999963434, 4.699000000000003396 ) ) ;
#3158 = CARTESIAN_POINT ( 'NONE',  ( 5.724327148806001908, 4.081300973171996915, -1.904999999999997362 ) ) ;
#3159 = EDGE_LOOP ( 'NONE', ( #2711, #1245, #153, #1976 ) ) ;
#3160 = LINE ( 'NONE', #262, #719 ) ;
#3161 = CIRCLE ( 'NONE', #6300, 1.778000000000000025 ) ;
#3162 = ORIENTED_EDGE ( 'NONE', *, *, #1356, .T. ) ;
#3163 = ADVANCED_FACE ( 'NONE', ( #1108 ), #4119, .F. ) ;
#3164 = EDGE_CURVE ( 'NONE', #5556, #7457, #1535, .T. ) ;
#3165 = FACE_OUTER_BOUND ( 'NONE', #1917, .T. ) ;
#3166 = EDGE_CURVE ( 'NONE', #6050, #2418, #1143, .T. ) ;
#3167 = CARTESIAN_POINT ( 'NONE',  ( 5.507748381189002451, 4.825999999999996959, 2.159000000000002917 ) ) ;
#3168 = CARTESIAN_POINT ( 'NONE',  ( -6.476999999999998536, -2.602085213965210642E-15, -0.8889999999999974589 ) ) ;
#3169 = ORIENTED_EDGE ( 'NONE', *, *, #6596, .T. ) ;
#3170 = DIRECTION ( 'NONE',  ( -1.000000000000000000, 3.431425595409362857E-17, -5.130477113903259476E-17 ) ) ;
#3171 = CARTESIAN_POINT ( 'NONE',  ( 4.808421041000002560, 6.218579345899995836, 2.159000000000002917 ) ) ;
#3172 = CIRCLE ( 'NONE', #7046, 1.270000000000000240 ) ;
#3173 = CARTESIAN_POINT ( 'NONE',  ( -3.962399999999998812, 1.777999999999994918, 4.470400000000003260 ) ) ;
#3174 = DIRECTION ( 'NONE',  ( 5.130477113903260708E-17, 1.665334536937735304E-16, -1.000000000000000000 ) ) ;
#3175 = EDGE_CURVE ( 'NONE', #5963, #5787, #902, .T. ) ;
#3176 = DIRECTION ( 'NONE',  ( -0.000000000000000000, -0.000000000000000000, 1.000000000000000000 ) ) ;
#3177 = ORIENTED_EDGE ( 'NONE', *, *, #27, .T. ) ;
#3178 = LINE ( 'NONE', #3097, #1754 ) ;
#3179 = VERTEX_POINT ( 'NONE', #7002 ) ;
#3180 = CARTESIAN_POINT ( 'NONE',  ( 6.223000000000001641, -1.734723475976807094E-15, -3.936999999999996724 ) ) ;
#3181 = VERTEX_POINT ( 'NONE', #499 ) ;
#3182 = DIRECTION ( 'NONE',  ( -1.000000000000000000, 3.431425595409362857E-17, -5.130477113903259476E-17 ) ) ;
#3183 = FILL_AREA_STYLE ('',( #2177 ) ) ;
#3184 = DIRECTION ( 'NONE',  ( -3.431425595409362857E-17, -1.000000000000000000, -0.000000000000000000 ) ) ;
#3185 = EDGE_LOOP ( 'NONE', ( #4374, #6483, #1063, #90 ) ) ;
#3186 = EDGE_CURVE ( 'NONE', #1833, #3472, #6431, .T. ) ;
#3187 = ORIENTED_EDGE ( 'NONE', *, *, #2689, .F. ) ;
#3188 = VECTOR ( 'NONE', #2521, 1000.000000000000000 ) ;
#3189 = LINE ( 'NONE', #3261, #1891 ) ;
#3190 = DIRECTION ( 'NONE',  ( -3.431425595409362857E-17, -1.000000000000000000, -0.000000000000000000 ) ) ;
#3191 = CARTESIAN_POINT ( 'NONE',  ( -2.158999999999998920, 3.175000000000002043, -12.91441695749999674 ) ) ;
#3192 = ORIENTED_EDGE ( 'NONE', *, *, #275, .T. ) ;
#3193 = DIRECTION ( 'NONE',  ( 0.000000000000000000, 1.000000000000000000, 0.000000000000000000 ) ) ;
#3194 = VERTEX_POINT ( 'NONE', #2819 ) ;
#3195 = FACE_OUTER_BOUND ( 'NONE', #4786, .T. ) ;
#3196 = CARTESIAN_POINT ( 'NONE',  ( -6.476999999999999424, 0.5079999999999963434, 4.699000000000003396 ) ) ;
#3197 = CARTESIAN_POINT ( 'NONE',  ( -6.222999999999998089, 4.232135350799998363, -4.444999999999997620 ) ) ;
#3198 = EDGE_CURVE ( 'NONE', #1833, #1191, #5452, .T. ) ;
#3199 = ORIENTED_EDGE ( 'NONE', *, *, #7463, .F. ) ;
#3200 = CARTESIAN_POINT ( 'NONE',  ( -6.476999999999999424, -2.717800000000003546, 3.683000000000002050 ) ) ;
#3201 = ORIENTED_EDGE ( 'NONE', *, *, #1094, .F. ) ;
#3202 = PLANE ( 'NONE',  #329 ) ;
#3203 = PLANE ( 'NONE',  #859 ) ;
#3204 = ADVANCED_FACE ( 'NONE', ( #3619 ), #802, .T. ) ;
#3205 = CARTESIAN_POINT ( 'NONE',  ( 6.223000000000001641, -2.794000000000000483, -4.952999999999997627 ) ) ;
#3206 = DIRECTION ( 'NONE',  ( -1.000000000000000000, 3.431425595409362857E-17, -5.130477113903259476E-17 ) ) ;
#3207 = ADVANCED_FACE ( 'NONE', ( #844 ), #3694, .F. ) ;
#3208 = CARTESIAN_POINT ( 'NONE',  ( -6.476999999999998536, 6.364590498671998553, -4.444999999999997620 ) ) ;
#3209 = ORIENTED_EDGE ( 'NONE', *, *, #4242, .T. ) ;
#3210 = DIRECTION ( 'NONE',  ( -0.000000000000000000, -0.000000000000000000, 1.000000000000000000 ) ) ;
#3211 = ORIENTED_EDGE ( 'NONE', *, *, #5657, .F. ) ;
#3212 = LINE ( 'NONE', #6676, #5589 ) ;
#3213 = CARTESIAN_POINT ( 'NONE',  ( -6.222999999999997200, -2.794000000000000483, -3.936999999999997613 ) ) ;
#3214 = CARTESIAN_POINT ( 'NONE',  ( 3.962400000000001477, 5.862319999999998643, -4.724399999999996602 ) ) ;
#3215 = EDGE_CURVE ( 'NONE', #3005, #2809, #4767, .T. ) ;
#3216 = DIRECTION ( 'NONE',  ( -1.000000000000000000, 3.431425595409362857E-17, -5.130477113903259476E-17 ) ) ;
#3217 = EDGE_LOOP ( 'NONE', ( #6340, #3317, #3201, #6120 ) ) ;
#3218 = EDGE_LOOP ( 'NONE', ( #7058, #401, #6899, #4906 ) ) ;
#3219 = EDGE_CURVE ( 'NONE', #7382, #7124, #4922, .T. ) ;
#3220 = CARTESIAN_POINT ( 'NONE',  ( 5.371700992471001079, 4.741020151570096708, -4.444999999999996732 ) ) ;
#3221 = CARTESIAN_POINT ( 'NONE',  ( 5.140909714137247732, 5.862319994912677856, -1.904999999999998028 ) ) ;
#3222 = AXIS2_PLACEMENT_3D ( 'NONE', #1903, #2197, #5553 ) ;
#3223 = FACE_OUTER_BOUND ( 'NONE', #1881, .T. ) ;
#3224 = ORIENTED_EDGE ( 'NONE', *, *, #2892, .T. ) ;
#3225 = CARTESIAN_POINT ( 'NONE',  ( -3.962399999999998812, 5.862319999999995979, 4.724400000000001931 ) ) ;
#3226 = ORIENTED_EDGE ( 'NONE', *, *, #5437, .T. ) ;
#3227 = ADVANCED_FACE ( 'NONE', ( #6622 ), #2514, .F. ) ;
#3228 = CARTESIAN_POINT ( 'NONE',  ( 4.919058033047577716, 4.607104059464186108, 4.699000000000004285 ) ) ;
#3229 = DIRECTION ( 'NONE',  ( 5.130477113903260092E-17, 1.665334536937735304E-16, -1.000000000000000000 ) ) ;
#3230 = AXIS2_PLACEMENT_3D ( 'NONE', #4433, #364, #4945 ) ;
#3231 = DIRECTION ( 'NONE',  ( -1.000000000000000000, 3.431425595409362857E-17, -5.130477113903259476E-17 ) ) ;
#3232 = VERTEX_POINT ( 'NONE', #3130 ) ;
#3233 = CIRCLE ( 'NONE', #58, 1.015999999999999570 ) ;
#3234 = CARTESIAN_POINT ( 'NONE',  ( -6.222999999999998089, -2.717800000000001770, -1.396999999999997577 ) ) ;
#3235 = ORIENTED_EDGE ( 'NONE', *, *, #5895, .T. ) ;
#3236 = LINE ( 'NONE', #380, #4828 ) ;
#3237 = CIRCLE ( 'NONE', #6869, 1.054099999999999593 ) ;
#3238 = CARTESIAN_POINT ( 'NONE',  ( -6.222999999999998089, 0.5079999999999971205, -1.904999999999997806 ) ) ;
#3239 = AXIS2_PLACEMENT_3D ( 'NONE', #3534, #1783, #4033 ) ;
#3240 = B_SPLINE_CURVE_WITH_KNOTS ( 'NONE', 3,
 ( #6808, #5560, #1521, #4928, #349, #417 ),
 .UNSPECIFIED., .F., .F.,
 ( 4, 1, 1, 4 ),
 ( 0.000000000000000000, 0.2287047143702000129, 0.6617565739328999941, 1.000000000000000000 ),
 .UNSPECIFIED. ) ;
#3241 = ADVANCED_FACE ( 'NONE', ( #4233 ), #4274, .T. ) ;
#3242 = DIRECTION ( 'NONE',  ( 1.000000000000000000, -3.431425595409362857E-17, 5.130477113903260092E-17 ) ) ;
#3243 = DIRECTION ( 'NONE',  ( -0.000000000000000000, -0.000000000000000000, 1.000000000000000000 ) ) ;
#3244 = AXIS2_PLACEMENT_3D ( 'NONE', #3776, #7307, #4997 ) ;
#3245 = DIRECTION ( 'NONE',  ( 5.130477113903260708E-17, 1.665334536937735304E-16, -1.000000000000000000 ) ) ;
#3246 = VERTEX_POINT ( 'NONE', #3015 ) ;
#3247 = VECTOR ( 'NONE', #3560, 1000.000000000000000 ) ;
#3248 = CARTESIAN_POINT ( 'NONE',  ( -4.980928442999998929, 4.216240551499996769, -0.3809999999999976739 ) ) ;
#3249 = ADVANCED_FACE ( 'NONE', ( #1293 ), #7219, .T. ) ;
#3250 = ORIENTED_EDGE ( 'NONE', *, *, #3198, .T. ) ;
#3251 = ADVANCED_FACE ( 'NONE', ( #4308 ), #5900, .T. ) ;
#3252 =( LENGTH_UNIT ( ) NAMED_UNIT ( * ) SI_UNIT ( .MILLI., .METRE. ) );
#3253 = AXIS2_PLACEMENT_3D ( 'NONE', #6915, #6341, #1135 ) ;
#3254 = ORIENTED_EDGE ( 'NONE', *, *, #5022, .F. ) ;
#3255 = PLANE ( 'NONE',  #7256 ) ;
#3256 = VECTOR ( 'NONE', #5608, 1000.000000000000000 ) ;
#3257 = ADVANCED_FACE ( 'NONE', ( #765 ), #5398, .T. ) ;
#3258 = CARTESIAN_POINT ( 'NONE',  ( -4.919058033047591039, 4.607104059464243839, 4.699000000000003396 ) ) ;
#3259 = ORIENTED_EDGE ( 'NONE', *, *, #3372, .F. ) ;
#3260 = ORIENTED_EDGE ( 'NONE', *, *, #3078, .T. ) ;
#3261 = CARTESIAN_POINT ( 'NONE',  ( -6.222999999999998089, 0.5079999999999971205, -0.3809999999999976739 ) ) ;
#3262 = CARTESIAN_POINT ( 'NONE',  ( -4.016399999999999970, 8.889999999999995239, 4.470400000000003260 ) ) ;
#3263 = CARTESIAN_POINT ( 'NONE',  ( -2.158999999999999364, 3.556000000000000938, -8.524399999720996490 ) ) ;
#3264 = EDGE_CURVE ( 'NONE', #1740, #514, #5334, .T. ) ;
#3265 = ORIENTED_EDGE ( 'NONE', *, *, #4583, .T. ) ;
#3266 = DIRECTION ( 'NONE',  ( 5.130477113903260708E-17, 1.665334536937735304E-16, -1.000000000000000000 ) ) ;
#3267 = VERTEX_POINT ( 'NONE', #1860 ) ;
#3268 = CARTESIAN_POINT ( 'NONE',  ( -5.507748381188999787, 4.825999999999996959, 4.699000000000003396 ) ) ;
#3269 = CARTESIAN_POINT ( 'NONE',  ( -4.980928442999998929, 6.472079448499997056, 0.6350000000000027844 ) ) ;
#3270 = B_SPLINE_SURFACE_WITH_KNOTS ( 'NONE', 3, 1, ( 
 ( #4867, #7092 ),
 ( #6527, #1315 ),
 ( #5958, #3069 ),
 ( #164, #2489 ),
 ( #4252, #7174 ),
 ( #6565, #1958 ) ),
 .UNSPECIFIED., .F., .F., .F.,
 ( 4, 1, 1, 4 ),
 ( 2, 2 ),
 ( 0.007958995328084188248, 0.3406152971556999920, 0.7665139843748000059, 0.9914409422889685075 ),
 ( 0.000000000000000000, 1.000000000000000000 ),
 .UNSPECIFIED. ) ;
#3271 = CIRCLE ( 'NONE', #103, 0.2539999999999998925 ) ;
#3272 = CARTESIAN_POINT ( 'NONE',  ( -6.223000000000006082, 4.232135350800140472, 2.159000000000002917 ) ) ;
#3273 = ORIENTED_EDGE ( 'NONE', *, *, #6512, .T. ) ;
#3274 = DIRECTION ( 'NONE',  ( -0.000000000000000000, -0.000000000000000000, 1.000000000000000000 ) ) ;
#3275 = ORIENTED_EDGE ( 'NONE', *, *, #5337, .F. ) ;
#3276 = ADVANCED_FACE ( 'NONE', ( #4187, #6502 ), #4803, .F. ) ;
#3277 = EDGE_LOOP ( 'NONE', ( #7538, #6956, #5087, #1542 ) ) ;
#3278 = DIRECTION ( 'NONE',  ( -1.000000000000000000, 3.431425595409362857E-17, -5.130477113903259476E-17 ) ) ;
#3279 = CARTESIAN_POINT ( 'NONE',  ( 5.507748381188442011, 5.862319999999709097, 0.6350000000000027844 ) ) ;
#3280 = AXIS2_PLACEMENT_3D ( 'NONE', #3942, #3446, #6333 ) ;
#3281 = B_SPLINE_SURFACE_WITH_KNOTS ( 'NONE', 3, 1, ( 
 ( #2464, #4791 ),
 ( #6719, #4434 ),
 ( #2073, #2185 ),
 ( #293, #6685 ),
 ( #6111, #6754 ),
 ( #3296, #1548 ) ),
 .UNSPECIFIED., .F., .F., .F.,
 ( 4, 1, 1, 4 ),
 ( 2, 2 ),
 ( 0.007958995328072688766, 0.3406152971556999920, 0.7665139843748000059, 0.9914409422889685075 ),
 ( 0.000000000000000000, 1.000000000000000000 ),
 .UNSPECIFIED. ) ;
#3282 = LINE ( 'NONE', #382, #1836 ) ;
#3283 = CARTESIAN_POINT ( 'NONE',  ( 6.223000000000001641, 4.792684585299997302, -0.3809999999999976739 ) ) ;
#3284 = CARTESIAN_POINT ( 'NONE',  ( 6.222999999999738741, 5.895635414699983201, 4.699000000000004285 ) ) ;
#3285 = EDGE_LOOP ( 'NONE', ( #2541, #5872, #12, #5479 ) ) ;
#3286 = DIRECTION ( 'NONE',  ( 1.000000000000000000, 0.000000000000000000, 0.000000000000000000 ) ) ;
#3287 = AXIS2_PLACEMENT_3D ( 'NONE', #2811, #5633, #5598 ) ;
#3288 = ORIENTED_EDGE ( 'NONE', *, *, #4870, .T. ) ;
#3289 = FACE_OUTER_BOUND ( 'NONE', #3566, .T. ) ;
#3290 = PLANE ( 'NONE',  #998 ) ;
#3291 = CARTESIAN_POINT ( 'NONE',  ( -6.222999999999998089, 5.862319999999997755, -4.952999999999998515 ) ) ;
#3292 = EDGE_CURVE ( 'NONE', #4777, #7381, #4728, .T. ) ;
#3293 = ORIENTED_EDGE ( 'NONE', *, *, #7251, .T. ) ;
#3294 = ORIENTED_EDGE ( 'NONE', *, *, #1436, .F. ) ;
#3295 = CARTESIAN_POINT ( 'NONE',  ( 6.109955650407427719, 4.159618444802802628, -2.920999999999997598 ) ) ;
#3296 = CARTESIAN_POINT ( 'NONE',  ( 6.223000000000010523, 4.232135350800140472, 2.159000000000003805 ) ) ;
#3297 = CARTESIAN_POINT ( 'NONE',  ( -3.962399999999997924, 1.977999999999997982, -4.470399999999997931 ) ) ;
#3298 = DIRECTION ( 'NONE',  ( -5.130477113903260708E-17, -1.665334536937735304E-16, 1.000000000000000000 ) ) ;
#3299 = ORIENTED_EDGE ( 'NONE', *, *, #6098, .F. ) ;
#3300 = CARTESIAN_POINT ( 'NONE',  ( -5.085870582802998641, 4.401186195567397874, -4.444999999999997620 ) ) ;
#3301 = ORIENTED_EDGE ( 'NONE', *, *, #2443, .T. ) ;
#3302 = DIRECTION ( 'NONE',  ( 5.130477113903260708E-17, 1.665334536937735304E-16, -1.000000000000000000 ) ) ;
#3303 = DIRECTION ( 'NONE',  ( -5.130477113903260708E-17, -1.665334536937735304E-16, 1.000000000000000000 ) ) ;
#3304 = PRESENTATION_LAYER_ASSIGNMENT (  '', '', ( #6585 ) ) ;
#3305 = CARTESIAN_POINT ( 'NONE',  ( -6.222999999999998089, 5.895635414699998300, -1.904999999999997806 ) ) ;
#3306 = ORIENTED_EDGE ( 'NONE', *, *, #5289, .F. ) ;
#3307 = CARTESIAN_POINT ( 'NONE',  ( 5.507748381188781295, 4.826000000000002288, -2.920999999999997598 ) ) ;
#3308 = ORIENTED_EDGE ( 'NONE', *, *, #2876, .F. ) ;
#3309 = ORIENTED_EDGE ( 'NONE', *, *, #6043, .F. ) ;
#3310 = CARTESIAN_POINT ( 'NONE',  ( 5.507748381188515729, 5.862319999999709097, -2.920999999999997154 ) ) ;
#3311 = AXIS2_PLACEMENT_3D ( 'NONE', #2450, #2487, #2950 ) ;
#3312 = CARTESIAN_POINT ( 'NONE',  ( 6.223000000000000753, 4.665481232899995945, 4.699000000000003396 ) ) ;
#3313 = CARTESIAN_POINT ( 'NONE',  ( 5.371700992471001079, 4.741020151570096708, -2.920999999999997154 ) ) ;
#3314 = LINE ( 'NONE', #1488, #2392 ) ;
#3315 = EDGE_CURVE ( 'NONE', #1572, #1442, #4487, .T. ) ;
#3316 = DIRECTION ( 'NONE',  ( 1.000000000000000000, -3.431425595409362857E-17, 5.130477113903259476E-17 ) ) ;
#3317 = ORIENTED_EDGE ( 'NONE', *, *, #4270, .F. ) ;
#3318 = CARTESIAN_POINT ( 'NONE',  ( 6.477000000000001201, 6.364590498671995888, 4.699000000000003396 ) ) ;
#3319 = B_SPLINE_CURVE_WITH_KNOTS ( 'NONE', 3,
 ( #2138, #3321, #4426, #6242 ),
 .UNSPECIFIED., .F., .F.,
 ( 4, 4 ),
 ( 0.000000000000000000, 1.000000000000000000 ),
 .UNSPECIFIED. ) ;
#3320 = ORIENTED_EDGE ( 'NONE', *, *, #682, .T. ) ;
#3321 = CARTESIAN_POINT ( 'NONE',  ( -4.919058026673998718, 6.081215948449797182, 0.6350000000000027844 ) ) ;
#3322 = CARTESIAN_POINT ( 'NONE',  ( 2.159000000000000696, 6.057900000000000063, -6.121399999999997732 ) ) ;
#3323 = CARTESIAN_POINT ( 'NONE',  ( -6.222999999999997200, -2.794000000000002260, 1.651000000000002244 ) ) ;
#3324 = VERTEX_POINT ( 'NONE', #5069 ) ;
#3325 = EDGE_LOOP ( 'NONE', ( #712, #5972, #145, #7432 ) ) ;
#3326 = DIRECTION ( 'NONE',  ( 0.000000000000000000, 0.000000000000000000, -1.000000000000000000 ) ) ;
#3327 = B_SPLINE_CURVE_WITH_KNOTS ( 'NONE', 3,
 ( #233, #148, #1296, #2518, #7159, #1259 ),
 .UNSPECIFIED., .F., .F.,
 ( 4, 1, 1, 4 ),
 ( 0.000000000000000000, 0.2287047143702000129, 0.6617565739328999941, 1.000000000000000000 ),
 .UNSPECIFIED. ) ;
#3328 = EDGE_CURVE ( 'NONE', #3472, #5507, #42, .T. ) ;
#3329 = DIRECTION ( 'NONE',  ( -0.5625939497761849317, -0.8267333594788778273, -2.886375383747156989E-17 ) ) ;
#3330 = FACE_OUTER_BOUND ( 'NONE', #6199, .T. ) ;
#3331 = DIRECTION ( 'NONE',  ( 1.000000000000000000, 0.000000000000000000, 0.000000000000000000 ) ) ;
#3332 = ORIENTED_EDGE ( 'NONE', *, *, #6951, .T. ) ;
#3333 = CARTESIAN_POINT ( 'NONE',  ( -5.029696186833999327, 5.943853916012997729, -1.904999999999997806 ) ) ;
#3334 = ORIENTED_EDGE ( 'NONE', *, *, #3473, .F. ) ;
#3335 = EDGE_CURVE ( 'NONE', #1554, #619, #6595, .T. ) ;
#3336 = CARTESIAN_POINT ( 'NONE',  ( 7.772400000000001086, 0.5079999999999980087, -2.920999999999997154 ) ) ;
#3337 = ADVANCED_FACE ( 'NONE', ( #451 ), #6837, .T. ) ;
#3338 = DIRECTION ( 'NONE',  ( -1.000000000000000000, 3.431425595409362857E-17, -5.130477113903259476E-17 ) ) ;
#3339 = EDGE_CURVE ( 'NONE', #4163, #5567, #1513, .T. ) ;
#3340 = AXIS2_PLACEMENT_3D ( 'NONE', #997, #352, #4392 ) ;
#3341 = DIRECTION ( 'NONE',  ( -1.000000000000000000, 3.431425595409362857E-17, -5.130477113903259476E-17 ) ) ;
#3342 = ORIENTED_EDGE ( 'NONE', *, *, #5536, .T. ) ;
#3343 = CARTESIAN_POINT ( 'NONE',  ( 5.825466848181001467, 6.796669658390997348, -2.920999999999997154 ) ) ;
#3344 = ORIENTED_EDGE ( 'NONE', *, *, #4100, .T. ) ;
#3345 = ORIENTED_EDGE ( 'NONE', *, *, #2479, .F. ) ;
#3346 = CARTESIAN_POINT ( 'NONE',  ( 1.239529824942864461E-15, 5.344159999999996025, 4.699000000000003396 ) ) ;
#3347 = PLANE ( 'NONE',  #2557 ) ;
#3348 = CARTESIAN_POINT ( 'NONE',  ( -5.140909726420273884, 4.826000014092436174, 2.159000000000003361 ) ) ;
#3349 = CYLINDRICAL_SURFACE ( 'NONE', #4948, 1.054099999999999593 ) ;
#3350 = VECTOR ( 'NONE', #1813, 1000.000000000000000 ) ;
#3351 = CARTESIAN_POINT ( 'NONE',  ( 5.507748380830438606, 5.862319999714966201, 4.699000000000002508 ) ) ;
#3352 = ORIENTED_EDGE ( 'NONE', *, *, #525, .F. ) ;
#3353 = LINE ( 'NONE', #2134, #6496 ) ;
#3354 = AXIS2_PLACEMENT_3D ( 'NONE', #2716, #427, #2143 ) ;
#3355 = ADVANCED_FACE ( 'NONE', ( #6697 ), #1018, .F. ) ;
#3356 = ORIENTED_EDGE ( 'NONE', *, *, #5347, .F. ) ;
#3357 = CARTESIAN_POINT ( 'NONE',  ( 6.223000000000001641, 5.895635414699996524, 3.175000000000002487 ) ) ;
#3358 = CONICAL_SURFACE ( 'NONE', #3729, 1.162049999999999583, 0.1533323883983008507 ) ;
#3359 = CLOSED_SHELL ( 'NONE', ( #5071, #2453, #2090, #631, #1883, #3967, #4333, #1845, #4460, #1894, #2314, #2386, #3993, #3427, #1965, #6368, #5153, #1198, #2350, #7030 ) ) ;
#3360 = VECTOR ( 'NONE', #6958, 1000.000000000000000 ) ;
#3361 = DIRECTION ( 'NONE',  ( -0.000000000000000000, -0.000000000000000000, 1.000000000000000000 ) ) ;
#3362 = ORIENTED_EDGE ( 'NONE', *, *, #6834, .T. ) ;
#3363 = ORIENTED_EDGE ( 'NONE', *, *, #1411, .T. ) ;
#3364 = CARTESIAN_POINT ( 'NONE',  ( 5.085870582803002193, 4.401186195567396986, 2.159000000000002917 ) ) ;
#3365 = DIRECTION ( 'NONE',  ( -1.371699786071155937E-16, -1.000000000000000000, -5.276989311053102048E-33 ) ) ;
#3366 = CARTESIAN_POINT ( 'NONE',  ( 4.980928443000001593, 4.216240551499995881, 4.699000000000003396 ) ) ;
#3367 = ORIENTED_EDGE ( 'NONE', *, *, #2434, .F. ) ;
#3368 = DIRECTION ( 'NONE',  ( 1.000000000000000000, 0.000000000000000000, 0.000000000000000000 ) ) ;
#3369 = VERTEX_POINT ( 'NONE', #1599 ) ;
#3370 = CARTESIAN_POINT ( 'NONE',  ( -5.140909726420273884, 4.826000014092436174, -0.3809999999999978959 ) ) ;
#3371 = ORIENTED_EDGE ( 'NONE', *, *, #1383, .F. ) ;
#3372 = EDGE_CURVE ( 'NONE', #1345, #1400, #6137, .T. ) ;
#3373 = LINE ( 'NONE', #2447, #5956 ) ;
#3374 = CARTESIAN_POINT ( 'NONE',  ( -5.507748381188795506, 4.826000000000000512, 3.175000000000002487 ) ) ;
#3375 = CARTESIAN_POINT ( 'NONE',  ( -6.222999999999997200, -2.794000000000002260, 1.143000000000001570 ) ) ;
#3376 = PLANE ( 'NONE',  #3122 ) ;
#3377 = ORIENTED_EDGE ( 'NONE', *, *, #6485, .F. ) ;
#3378 = CARTESIAN_POINT ( 'NONE',  ( -5.140909707197969247, 4.825999999999996959, -0.3809999999999979514 ) ) ;
#3379 = ORIENTED_EDGE ( 'NONE', *, *, #4632, .F. ) ;
#3380 = EDGE_CURVE ( 'NONE', #1199, #4057, #7339, .T. ) ;
#3381 = PLANE ( 'NONE',  #819 ) ;
#3382 = DIRECTION ( 'NONE',  ( -1.000000000000000000, 3.431425595409362857E-17, -5.130477113903259476E-17 ) ) ;
#3383 = CARTESIAN_POINT ( 'NONE',  ( -5.140909707197997669, 4.825999999999996959, 2.159000000000002917 ) ) ;
#3384 = CARTESIAN_POINT ( 'NONE',  ( -6.222999999999998089, 0.5079999999999971205, -0.3809999999999976739 ) ) ;
#3385 = FACE_OUTER_BOUND ( 'NONE', #7414, .T. ) ;
#3386 = ORIENTED_EDGE ( 'NONE', *, *, #1118, .F. ) ;
#3387 = CARTESIAN_POINT ( 'NONE',  ( 5.507748381188442011, 5.862319999999709097, 3.175000000000002931 ) ) ;
#3388 = DIRECTION ( 'NONE',  ( 1.000000000000000000, 0.000000000000000000, 0.000000000000000000 ) ) ;
#3389 = VECTOR ( 'NONE', #1124, 1000.000000000000000 ) ;
#3390 = SURFACE_SIDE_STYLE ('',( #2748 ) ) ;
#3391 = ADVANCED_FACE ( 'NONE', ( #2121 ), #303, .T. ) ;
#3392 = FILL_AREA_STYLE_COLOUR ( '', #5012 ) ;
#3393 = LINE ( 'NONE', #7545, #5831 ) ;
#3394 = AXIS2_PLACEMENT_3D ( 'NONE', #4642, #3631, #1663 ) ;
#3395 = CARTESIAN_POINT ( 'NONE',  ( -6.222999999999998089, -2.602085213965210642E-15, -1.396999999999997577 ) ) ;
#3396 = ORIENTED_EDGE ( 'NONE', *, *, #1862, .F. ) ;
#3397 = ORIENTED_EDGE ( 'NONE', *, *, #6734, .F. ) ;
#3398 = VECTOR ( 'NONE', #6668, 999.9999999999998863 ) ;
#3399 = LINE ( 'NONE', #6855, #2630 ) ;
#3400 = CARTESIAN_POINT ( 'NONE',  ( -6.223000000000181942, 6.022838767100043178, 3.175000000000002487 ) ) ;
#3401 = LINE ( 'NONE', #3366, #923 ) ;
#3402 = EDGE_CURVE ( 'NONE', #881, #4243, #2625, .T. ) ;
#3403 = VERTEX_POINT ( 'NONE', #3307 ) ;
#3404 = CARTESIAN_POINT ( 'NONE',  ( 2.159000000000000696, 7.112000000000000099, -5.422899999999996723 ) ) ;
#3405 = EDGE_LOOP ( 'NONE', ( #7110, #4067, #4665, #2336 ) ) ;
#3406 = DIRECTION ( 'NONE',  ( -3.431425595409362857E-17, -1.000000000000000000, -0.000000000000000000 ) ) ;
#3407 = ORIENTED_EDGE ( 'NONE', *, *, #3431, .F. ) ;
#3408 = CARTESIAN_POINT ( 'NONE',  ( -6.476999999999998536, 0.5079999999999980087, -2.920999999999997598 ) ) ;
#3409 = DIRECTION ( 'NONE',  ( -5.130477113903260092E-17, 1.760485048530960256E-33, 1.000000000000000000 ) ) ;
#3410 = LINE ( 'NONE', #3448, #4219 ) ;
#3411 = FACE_OUTER_BOUND ( 'NONE', #6181, .T. ) ;
#3412 = ORIENTED_EDGE ( 'NONE', *, *, #2783, .T. ) ;
#3413 = DIRECTION ( 'NONE',  ( 5.130477113903260708E-17, 1.665334536937735304E-16, -1.000000000000000000 ) ) ;
#3414 = EDGE_LOOP ( 'NONE', ( #3334, #2872, #2123, #4707 ) ) ;
#3415 = DIRECTION ( 'NONE',  ( 5.130477113903260708E-17, 1.665334536937735304E-16, -1.000000000000000000 ) ) ;
#3416 = CARTESIAN_POINT ( 'NONE',  ( 5.679736218182997121, 5.999112874108506688, -4.444999999999997620 ) ) ;
#3417 =( GEOMETRIC_REPRESENTATION_CONTEXT ( 3 ) GLOBAL_UNCERTAINTY_ASSIGNED_CONTEXT ( ( #3622 ) ) GLOBAL_UNIT_ASSIGNED_CONTEXT ( ( #1683, #7544, #4626 ) ) REPRESENTATION_CONTEXT ( 'NONE', 'WORKASPACE' ) );
#3418 = DIRECTION ( 'NONE',  ( 0.000000000000000000, 1.000000000000000000, 1.665334536937735304E-16 ) ) ;
#3419 = CARTESIAN_POINT ( 'NONE',  ( 6.223000000000001641, -1.734723475976807094E-15, -3.428999999999997161 ) ) ;
#3420 = ADVANCED_FACE ( 'NONE', ( #3774 ), #411, .F. ) ;
#3421 = CYLINDRICAL_SURFACE ( 'NONE', #1908, 0.1999999999999996503 ) ;
#3422 = CARTESIAN_POINT ( 'NONE',  ( -6.476999999999998536, -2.717800000000001770, -1.396999999999997577 ) ) ;
#3423 = ORIENTED_EDGE ( 'NONE', *, *, #738, .T. ) ;
#3424 = CARTESIAN_POINT ( 'NONE',  ( 1.500158062329150141E-15, 5.344159999999996913, -0.3809999999999976739 ) ) ;
#3425 = AXIS2_PLACEMENT_3D ( 'NONE', #5329, #608, #5286 ) ;
#3426 = DIRECTION ( 'NONE',  ( 0.000000000000000000, -1.000000000000000000, 0.000000000000000000 ) ) ;
#3427 = ADVANCED_FACE ( 'NONE', ( #2665 ), #7380, .T. ) ;
#3428 = EDGE_CURVE ( 'NONE', #5056, #6446, #2161, .T. ) ;
#3429 = B_SPLINE_CURVE_WITH_KNOTS ( 'NONE', 3,
 ( #1786, #610, #531, #3502, #1105, #7456 ),
 .UNSPECIFIED., .F., .F.,
 ( 4, 1, 1, 4 ),
 ( 0.000000000000000000, 0.3382434260671000059, 0.7712952856297999871, 1.000000000000000000 ),
 .UNSPECIFIED. ) ;
#3430 = CARTESIAN_POINT ( 'NONE',  ( -5.959238080889475597, 4.243216917964834245, -2.920999999999997598 ) ) ;
#3431 = EDGE_CURVE ( 'NONE', #4302, #3181, #5856, .T. ) ;
#3432 = CARTESIAN_POINT ( 'NONE',  ( -6.476999999999998536, -2.794000000000000483, -3.936999999999997613 ) ) ;
#3433 = VERTEX_POINT ( 'NONE', #563 ) ;
#3434 = ORIENTED_EDGE ( 'NONE', *, *, #4473, .T. ) ;
#3435 = DIRECTION ( 'NONE',  ( 0.000000000000000000, -1.000000000000000000, 0.000000000000000000 ) ) ;
#3436 = EDGE_CURVE ( 'NONE', #1325, #5497, #1809, .T. ) ;
#3437 = DIRECTION ( 'NONE',  ( -1.000000000000000000, 3.431425595409362857E-17, -5.130477113903259476E-17 ) ) ;
#3438 = CARTESIAN_POINT ( 'NONE',  ( 4.919058026674001383, 6.081215948449796294, 4.699000000000003396 ) ) ;
#3439 = ORIENTED_EDGE ( 'NONE', *, *, #3335, .F. ) ;
#3440 = DIRECTION ( 'NONE',  ( 0.000000000000000000, -1.000000000000000000, 0.000000000000000000 ) ) ;
#3441 = ORIENTED_EDGE ( 'NONE', *, *, #6601, .F. ) ;
#3442 = ADVANCED_FACE ( 'NONE', ( #2276 ), #1060, .T. ) ;
#3443 = DIRECTION ( 'NONE',  ( 1.000000000000000000, 0.000000000000000000, 0.000000000000000000 ) ) ;
#3444 = ORIENTED_EDGE ( 'NONE', *, *, #1021, .F. ) ;
#3445 = EDGE_CURVE ( 'NONE', #6547, #3648, #6226, .T. ) ;
#3446 = DIRECTION ( 'NONE',  ( 1.000000000000000000, -3.431425595409362857E-17, 5.130477113903260092E-17 ) ) ;
#3447 = FACE_OUTER_BOUND ( 'NONE', #3185, .T. ) ;
#3448 = CARTESIAN_POINT ( 'NONE',  ( 6.477000000000001201, -3.469446951953614189E-15, 3.683000000000002050 ) ) ;
#3449 = CARTESIAN_POINT ( 'NONE',  ( -5.679736218422998917, 5.999112874491998149, -2.920999999999997598 ) ) ;
#3450 = ORIENTED_EDGE ( 'NONE', *, *, #4111, .T. ) ;
#3451 = CARTESIAN_POINT ( 'NONE',  ( -5.679736218422998917, 5.999112874491998149, -4.444999999999997620 ) ) ;
#3452 = ORIENTED_EDGE ( 'NONE', *, *, #3617, .F. ) ;
#3453 = EDGE_CURVE ( 'NONE', #2675, #4630, #1737, .T. ) ;
#3454 = DIRECTION ( 'NONE',  ( 1.201410850312336183E-17, -0.7071067811865474617, -0.7071067811865475727 ) ) ;
#3455 = ORIENTED_EDGE ( 'NONE', *, *, #6708, .T. ) ;
#3456 = DIRECTION ( 'NONE',  ( 5.130477113903260708E-17, 1.665334536937735304E-16, -1.000000000000000000 ) ) ;
#3457 = LINE ( 'NONE', #5781, #1538 ) ;
#3458 = CARTESIAN_POINT ( 'NONE',  ( 2.159000000000001140, 6.731000000000000760, -12.91441695749999674 ) ) ;
#3459 = LINE ( 'NONE', #4074, #6770 ) ;
#3460 = ORIENTED_EDGE ( 'NONE', *, *, #3701, .T. ) ;
#3461 = AXIS2_PLACEMENT_3D ( 'NONE', #2898, #3504, #4658 ) ;
#3462 = FACE_OUTER_BOUND ( 'NONE', #4129, .T. ) ;
#3463 = LINE ( 'NONE', #2820, #4340 ) ;
#3464 = EDGE_CURVE ( 'NONE', #3145, #2268, #1704, .T. ) ;
#3465 = AXIS2_PLACEMENT_3D ( 'NONE', #4462, #4422, #3316 ) ;
#3466 =( LENGTH_UNIT ( ) NAMED_UNIT ( * ) SI_UNIT ( .MILLI., .METRE. ) );
#3467 = CARTESIAN_POINT ( 'NONE',  ( -5.507748377663713946, 4.826000002803739974, -2.920999999999998042 ) ) ;
#3468 = VECTOR ( 'NONE', #1550, 1000.000000000000000 ) ;
#3469 = CARTESIAN_POINT ( 'NONE',  ( 0.000000000000000000, 0.000000000000000000, 4.953000000000002068 ) ) ;
#3470 = AXIS2_PLACEMENT_3D ( 'NONE', #5850, #2958, #5276 ) ;
#3471 = B_SPLINE_CURVE_WITH_KNOTS ( 'NONE', 3,
 ( #7188, #3613, #7151, #228, #6542, #798 ),
 .UNSPECIFIED., .F., .F.,
 ( 4, 1, 1, 4 ),
 ( 0.000000000000000000, 0.4014956229037000002, 0.7375322085786999438, 1.000000000000000000 ),
 .UNSPECIFIED. ) ;
#3472 = VERTEX_POINT ( 'NONE', #4680 ) ;
#3473 = EDGE_CURVE ( 'NONE', #4325, #4471, #3271, .T. ) ;
#3474 = EDGE_CURVE ( 'NONE', #5207, #4302, #2315, .T. ) ;
#3475 = VECTOR ( 'NONE', #2540, 1000.000000000000000 ) ;
#3476 = ORIENTED_EDGE ( 'NONE', *, *, #6237, .T. ) ;
#3477 = EDGE_CURVE ( 'NONE', #3979, #1431, #2928, .T. ) ;
#3478 = VECTOR ( 'NONE', #306, 1000.000000000000000 ) ;
#3479 = LINE ( 'NONE', #470, #3726 ) ;
#3480 = VECTOR ( 'NONE', #528, 1000.000000000000000 ) ;
#3481 = CARTESIAN_POINT ( 'NONE',  ( -5.959238080889504019, 4.243216917964876878, 3.175000000000002487 ) ) ;
#3482 = CARTESIAN_POINT ( 'NONE',  ( -6.476999999999998536, 6.002332419999997448, -0.3809999999999976739 ) ) ;
#3483 = CIRCLE ( 'NONE', #1298, 0.2539999999999998925 ) ;
#3484 = LINE ( 'NONE', #2302, #6149 ) ;
#3485 = VERTEX_POINT ( 'NONE', #5172 ) ;
#3486 = CIRCLE ( 'NONE', #6046, 0.05400000000000022837 ) ;
#3487 = CARTESIAN_POINT ( 'NONE',  ( -4.216399999999999260, 4.825999999999996959, 4.470400000000003260 ) ) ;
#3488 = VERTEX_POINT ( 'NONE', #7448 ) ;
#3489 = CARTESIAN_POINT ( 'NONE',  ( -6.222999999999998089, -2.717800000000001770, -0.8889999999999974589 ) ) ;
#3490 = CARTESIAN_POINT ( 'NONE',  ( -4.980928442999961625, 6.472079448499694188, 2.159000000000002917 ) ) ;
#3491 = CARTESIAN_POINT ( 'NONE',  ( 4.980928443000002481, 6.472079448499996168, 2.159000000000002917 ) ) ;
#3492 = EDGE_CURVE ( 'NONE', #6197, #5594, #4059, .T. ) ;
#3493 = DIRECTION ( 'NONE',  ( 3.431425595409362857E-17, 1.000000000000000000, 0.000000000000000000 ) ) ;
#3494 = VERTEX_POINT ( 'NONE', #2808 ) ;
#3495 = DIRECTION ( 'NONE',  ( 0.000000000000000000, 1.000000000000000000, 0.000000000000000000 ) ) ;
#3496 = EDGE_LOOP ( 'NONE', ( #2927, #2442 ) ) ;
#3497 = ORIENTED_EDGE ( 'NONE', *, *, #5026, .F. ) ;
#3498 = CARTESIAN_POINT ( 'NONE',  ( 4.016400000000003523, 8.689999999999995950, -4.470399999999997043 ) ) ;
#3499 = FACE_OUTER_BOUND ( 'NONE', #2231, .T. ) ;
#3500 = CARTESIAN_POINT ( 'NONE',  ( 6.477000000000002089, -2.794000000000002260, 1.143000000000001570 ) ) ;
#3501 = CARTESIAN_POINT ( 'NONE',  ( 5.140909707198001222, 4.825999999999997847, -4.444999999999997620 ) ) ;
#3502 = CARTESIAN_POINT ( 'NONE',  ( -5.724327148805998355, 4.081300973171996915, -1.904999999999997806 ) ) ;
#3503 = VERTEX_POINT ( 'NONE', #4611 ) ;
#3504 = DIRECTION ( 'NONE',  ( 5.130477113903260708E-17, 1.665334536937735304E-16, -1.000000000000000000 ) ) ;
#3505 = ADVANCED_FACE ( 'NONE', ( #3948 ), #4028, .T. ) ;
#3506 = DIRECTION ( 'NONE',  ( 5.130477113903260708E-17, 1.665334536937735304E-16, -1.000000000000000000 ) ) ;
#3507 = LINE ( 'NONE', #2404, #5355 ) ;
#3508 = CARTESIAN_POINT ( 'NONE',  ( 6.223000000000001641, 0.5079999999999980087, -2.920999999999997154 ) ) ;
#3509 = DIRECTION ( 'NONE',  ( -0.000000000000000000, -0.000000000000000000, 1.000000000000000000 ) ) ;
#3510 = CARTESIAN_POINT ( 'NONE',  ( 5.507748381189001563, 5.862319999999995979, 4.699000000000003396 ) ) ;
#3511 = VERTEX_POINT ( 'NONE', #1671 ) ;
#3512 = AXIS2_PLACEMENT_3D ( 'NONE', #441, #6188, #3909 ) ;
#3513 = ORIENTED_EDGE ( 'NONE', *, *, #3581, .T. ) ;
#3514 = VERTEX_POINT ( 'NONE', #6953 ) ;
#3515 = CARTESIAN_POINT ( 'NONE',  ( -4.808421040999999008, 6.218579345899997612, -4.444999999999997620 ) ) ;
#3516 = AXIS2_PLACEMENT_3D ( 'NONE', #2245, #926, #7394 ) ;
#3517 = FACE_OUTER_BOUND ( 'NONE', #1188, .T. ) ;
#3518 = ADVANCED_FACE ( 'NONE', ( #2232 ), #4566, .F. ) ;
#3519 = CARTESIAN_POINT ( 'NONE',  ( 4.980928443000002481, 4.216240551499996769, -0.3809999999999976739 ) ) ;
#3520 = ORIENTED_EDGE ( 'NONE', *, *, #3219, .F. ) ;
#3521 = ORIENTED_EDGE ( 'NONE', *, *, #5391, .T. ) ;
#3522 = CARTESIAN_POINT ( 'NONE',  ( -5.029696199582889271, 4.744466099814927063, -0.3809999999999979514 ) ) ;
#3523 = VECTOR ( 'NONE', #6878, 1000.000000000000000 ) ;
#3524 = ORIENTED_EDGE ( 'NONE', *, *, #172, .T. ) ;
#3525 = CARTESIAN_POINT ( 'NONE',  ( -5.085678860472624407, 6.287389423200527183, 0.6350000000000027844 ) ) ;
#3526 = EDGE_CURVE ( 'NONE', #6802, #7338, #3872, .T. ) ;
#3527 = DIRECTION ( 'NONE',  ( 5.130477113903260708E-17, 1.665334536937735304E-16, -1.000000000000000000 ) ) ;
#3528 = CARTESIAN_POINT ( 'NONE',  ( -4.980928442999961625, 6.472079448499695076, -2.920999999999997598 ) ) ;
#3529 = EDGE_LOOP ( 'NONE', ( #6215, #6367, #2944, #1817 ) ) ;
#3530 = CARTESIAN_POINT ( 'NONE',  ( -2.920999999999998042, 3.556000000000001826, -12.31899999999995998 ) ) ;
#3531 = ORIENTED_EDGE ( 'NONE', *, *, #2793, .T. ) ;
#3532 = ORIENTED_EDGE ( 'NONE', *, *, #2045, .T. ) ;
#3533 = DIRECTION ( 'NONE',  ( 1.000000000000000000, 0.000000000000000000, 0.000000000000000000 ) ) ;
#3534 = CARTESIAN_POINT ( 'NONE',  ( -6.222999999999998089, 5.862319999999997755, 4.953000000000003844 ) ) ;
#3535 = DIRECTION ( 'NONE',  ( -1.000000000000000000, 0.000000000000000000, 0.000000000000000000 ) ) ;
#3536 = CARTESIAN_POINT ( 'NONE',  ( -3.962399999999998812, 1.977999999999994873, 4.524400000000001754 ) ) ;
#3537 = FILL_AREA_STYLE_COLOUR ( '', #6252 ) ;
#3538 = ORIENTED_EDGE ( 'NONE', *, *, #1438, .T. ) ;
#3539 = CARTESIAN_POINT ( 'NONE',  ( 5.679736218183011331, 5.999112874108536886, 2.159000000000002917 ) ) ;
#3540 = LINE ( 'NONE', #5790, #7122 ) ;
#3541 = DIRECTION ( 'NONE',  ( -1.000000000000000000, 3.431425595409362857E-17, -5.130477113903259476E-17 ) ) ;
#3542 = EDGE_CURVE ( 'NONE', #6500, #1736, #6303, .T. ) ;
#3543 = LINE ( 'NONE', #6930, #7289 ) ;
#3544 = STYLED_ITEM ( 'NONE', ( #2902 ), #7065 ) ;
#3545 = DIRECTION ( 'NONE',  ( -5.130477113903260708E-17, -1.665334536937735304E-16, 1.000000000000000000 ) ) ;
#3546 = ORIENTED_EDGE ( 'NONE', *, *, #3526, .T. ) ;
#3547 = VERTEX_POINT ( 'NONE', #1172 ) ;
#3548 = ORIENTED_EDGE ( 'NONE', *, *, #6490, .T. ) ;
#3549 = ORIENTED_EDGE ( 'NONE', *, *, #1499, .F. ) ;
#3550 = DIRECTION ( 'NONE',  ( 0.5625939497761849317, -0.8267333594788778273, 2.886375383747156989E-17 ) ) ;
#3551 =( NAMED_UNIT ( * ) PLANE_ANGLE_UNIT ( ) SI_UNIT ( $, .RADIAN. ) );
#3552 = DIRECTION ( 'NONE',  ( -3.431425595409362857E-17, -1.000000000000000000, -0.000000000000000000 ) ) ;
#3553 = CARTESIAN_POINT ( 'NONE',  ( -5.825466848180997914, 6.796669658390997348, -0.3809999999999976739 ) ) ;
#3554 = VERTEX_POINT ( 'NONE', #1778 ) ;
#3555 = ORIENTED_EDGE ( 'NONE', *, *, #738, .F. ) ;
#3556 = CARTESIAN_POINT ( 'NONE',  ( -6.109955650406998728, 4.159618444802998027, -2.920999999999997598 ) ) ;
#3557 = ORIENTED_EDGE ( 'NONE', *, *, #2175, .T. ) ;
#3558 = EDGE_CURVE ( 'NONE', #49, #1561, #3161, .T. ) ;
#3559 = DIRECTION ( 'NONE',  ( 4.546194912651008167E-17, -0.1527322659034993368, -0.9882676029051962185 ) ) ;
#3560 = DIRECTION ( 'NONE',  ( 5.130477113903260708E-17, 1.665334536937735304E-16, -1.000000000000000000 ) ) ;
#3561 = CARTESIAN_POINT ( 'NONE',  ( -5.371941468077998216, 5.947322718753698112, -4.444999999999998508 ) ) ;
#3562 = ORIENTED_EDGE ( 'NONE', *, *, #408, .T. ) ;
#3563 = EDGE_CURVE ( 'NONE', #271, #6647, #6551, .T. ) ;
#3564 = CARTESIAN_POINT ( 'NONE',  ( -5.507748380830430612, 5.862319999714975971, -1.904999999999996918 ) ) ;
#3565 = ADVANCED_FACE ( 'NONE', ( #4222 ), #7084, .T. ) ;
#3566 = EDGE_LOOP ( 'NONE', ( #5196, #7093, #2798, #5004 ) ) ;
#3567 = ADVANCED_FACE ( 'NONE', ( #7185 ), #6067, .F. ) ;
#3568 = ORIENTED_EDGE ( 'NONE', *, *, #3935, .T. ) ;
#3569 = DIRECTION ( 'NONE',  ( 0.000000000000000000, 0.000000000000000000, -1.000000000000000000 ) ) ;
#3570 = EDGE_CURVE ( 'NONE', #3179, #5164, #5599, .T. ) ;
#3571 = CARTESIAN_POINT ( 'NONE',  ( 5.140909707198141554, 4.825999999999997847, 3.175000000000003375 ) ) ;
#3572 = PLANE ( 'NONE',  #4532 ) ;
#3573 = CARTESIAN_POINT ( 'NONE',  ( 5.140909707198141554, 4.825999999999997847, -0.3809999999999976739 ) ) ;
#3574 = DIRECTION ( 'NONE',  ( 3.431425595409362857E-17, 1.000000000000000000, 0.000000000000000000 ) ) ;
#3575 = ORIENTED_EDGE ( 'NONE', *, *, #2229, .F. ) ;
#3576 = CARTESIAN_POINT ( 'NONE',  ( -4.980928442999999817, 4.216240551499995881, 4.699000000000003396 ) ) ;
#3577 = CARTESIAN_POINT ( 'NONE',  ( -6.222999999999998977, 4.792684585299996414, 4.699000000000003396 ) ) ;
#3578 = CARTESIAN_POINT ( 'NONE',  ( 5.140909726420336057, 4.826000014092356238, -1.904999999999997362 ) ) ;
#3579 = CARTESIAN_POINT ( 'NONE',  ( 4.980928443000002481, 4.216240551499996769, 0.6350000000000027844 ) ) ;
#3580 = VECTOR ( 'NONE', #2762, 1000.000000000000000 ) ;
#3581 = EDGE_CURVE ( 'NONE', #4365, #6722, #4179, .T. ) ;
#3582 = PLANE ( 'NONE',  #6501 ) ;
#3583 = EDGE_LOOP ( 'NONE', ( #255, #6113, #1525, #4065 ) ) ;
#3584 = VERTEX_POINT ( 'NONE', #4301 ) ;
#3585 = EDGE_LOOP ( 'NONE', ( #5526, #4010, #2481, #3045, #5858, #4130, #2736, #5468 ) ) ;
#3586 = VERTEX_POINT ( 'NONE', #7103 ) ;
#3587 = AXIS2_PLACEMENT_3D ( 'NONE', #2057, #3781, #5603 ) ;
#3588 = CARTESIAN_POINT ( 'NONE',  ( -6.222999999999998089, 5.895635414699997412, -0.3809999999999976739 ) ) ;
#3589 = DIRECTION ( 'NONE',  ( -1.000000000000000000, 0.000000000000000000, 0.000000000000000000 ) ) ;
#3590 = VECTOR ( 'NONE', #1771, 1000.000000000000000 ) ;
#3591 = CARTESIAN_POINT ( 'NONE',  ( 6.223000000000001641, 4.792684585299998190, -4.444999999999996732 ) ) ;
#3592 = VECTOR ( 'NONE', #6537, 1000.000000000000000 ) ;
#3593 = ORIENTED_EDGE ( 'NONE', *, *, #4756, .T. ) ;
#3594 = ORIENTED_EDGE ( 'NONE', *, *, #224, .T. ) ;
#3595 = CARTESIAN_POINT ( 'NONE',  ( -5.724327148805998355, 4.081300973171996915, -2.920999999999997598 ) ) ;
#3596 = ORIENTED_EDGE ( 'NONE', *, *, #4843, .T. ) ;
#3597 = VECTOR ( 'NONE', #2869, 1000.000000000000000 ) ;
#3598 = AXIS2_PLACEMENT_3D ( 'NONE', #5463, #3753, #321 ) ;
#3599 = DIRECTION ( 'NONE',  ( -3.431425595409362241E-17, -1.000000000000000000, -1.665334536937735304E-16 ) ) ;
#3600 = B_SPLINE_CURVE_WITH_KNOTS ( 'NONE', 3,
 ( #6414, #2189, #4601, #5733, #515, #3940 ),
 .UNSPECIFIED., .F., .F.,
 ( 4, 1, 1, 4 ),
 ( 0.000000000000000000, 0.3382434260671000059, 0.7712952856297999871, 1.000000000000000000 ),
 .UNSPECIFIED. ) ;
#3601 = FACE_OUTER_BOUND ( 'NONE', #1534, .T. ) ;
#3602 = PLANE ( 'NONE',  #3008 ) ;
#3603 = VECTOR ( 'NONE', #4350, 1000.000000000000000 ) ;
#3604 = VECTOR ( 'NONE', #7211, 1000.000000000000000 ) ;
#3605 = PLANE ( 'NONE',  #2862 ) ;
#3606 = VECTOR ( 'NONE', #6714, 1000.000000000000000 ) ;
#3607 = ORIENTED_EDGE ( 'NONE', *, *, #5548, .T. ) ;
#3608 = DIRECTION ( 'NONE',  ( 1.201410850312336183E-17, -0.7071067811865474617, -0.7071067811865475727 ) ) ;
#3609 = ORIENTED_EDGE ( 'NONE', *, *, #5776, .T. ) ;
#3610 = AXIS2_PLACEMENT_3D ( 'NONE', #3346, #2462, #7096 ) ;
#3611 = CARTESIAN_POINT ( 'NONE',  ( 4.980928443000002481, 4.216240551499995881, 3.175000000000002487 ) ) ;
#3612 = VECTOR ( 'NONE', #5505, 1000.000000000000000 ) ;
#3613 = CARTESIAN_POINT ( 'NONE',  ( -6.476999999999998536, 6.364590498671997665, 2.159000000000002917 ) ) ;
#3614 = CARTESIAN_POINT ( 'NONE',  ( 5.959238080889494249, 4.243216917964848456, 4.699000000000003396 ) ) ;
#3615 = B_SPLINE_CURVE_WITH_KNOTS ( 'NONE', 3,
 ( #5258, #4618, #5181, #3501 ),
 .UNSPECIFIED., .F., .F.,
 ( 4, 4 ),
 ( 0.000000000000000000, 1.000000000000000000 ),
 .UNSPECIFIED. ) ;
#3616 = FILL_AREA_STYLE_COLOUR ( '', #6628 ) ;
#3617 = EDGE_CURVE ( 'NONE', #2319, #6547, #3160, .T. ) ;
#3618 = ORIENTED_EDGE ( 'NONE', *, *, #5565, .F. ) ;
#3619 = FACE_OUTER_BOUND ( 'NONE', #139, .T. ) ;
#3620 = FACE_BOUND ( 'NONE', #6964, .T. ) ;
#3621 = CARTESIAN_POINT ( 'NONE',  ( -6.222999999999998089, 5.895635414699998300, -2.920999999999997598 ) ) ;
#3622 = UNCERTAINTY_MEASURE_WITH_UNIT (LENGTH_MEASURE( 1.000000000000000082E-05 ), #1683, 'distance_accuracy_value', 'NONE');
#3623 = FACE_OUTER_BOUND ( 'NONE', #419, .T. ) ;
#3624 = FACE_OUTER_BOUND ( 'NONE', #5032, .T. ) ;
#3625 = DIRECTION ( 'NONE',  ( 0.000000000000000000, 1.000000000000000000, 0.000000000000000000 ) ) ;
#3626 = VERTEX_POINT ( 'NONE', #1933 ) ;
#3627 = CARTESIAN_POINT ( 'NONE',  ( -6.222999999999998089, 0.5079999999999971205, 2.159000000000002917 ) ) ;
#3628 = ORIENTED_EDGE ( 'NONE', *, *, #4937, .T. ) ;
#3629 = B_SPLINE_SURFACE_WITH_KNOTS ( 'NONE', 3, 1, ( 
 ( #5478, #5363 ),
 ( #713, #793 ),
 ( #1892, #3046 ),
 ( #3081, #6539 ),
 ( #6007, #2581 ),
 ( #3120, #3649 ) ),
 .UNSPECIFIED., .F., .F., .F.,
 ( 4, 1, 1, 4 ),
 ( 2, 2 ),
 ( 0.007958995328072355699, 0.3406152971556999920, 0.7665139843748000059, 0.9914409422889685075 ),
 ( 0.000000000000000000, 1.000000000000000000 ),
 .UNSPECIFIED. ) ;
#3630 = ORIENTED_EDGE ( 'NONE', *, *, #1433, .F. ) ;
#3631 = DIRECTION ( 'NONE',  ( 5.130477113903260708E-17, 1.665334536937735304E-16, -1.000000000000000000 ) ) ;
#3632 = B_SPLINE_CURVE_WITH_KNOTS ( 'NONE', 3,
 ( #2173, #1749, #1641, #6434, #4694 ),
 .UNSPECIFIED., .F., .F.,
 ( 4, 1, 4 ),
 ( 0.000000000000000000, 0.6189351753168998993, 1.000000000000000000 ),
 .UNSPECIFIED. ) ;
#3633 = EDGE_CURVE ( 'NONE', #862, #4941, #2504, .T. ) ;
#3634 = CARTESIAN_POINT ( 'NONE',  ( 4.216400000000001036, 8.689999999999995950, 4.470400000000003260 ) ) ;
#3635 = CARTESIAN_POINT ( 'NONE',  ( 3.962400000000001477, 8.722359999999998337, -4.724399999999997490 ) ) ;
#3636 = FACE_BOUND ( 'NONE', #1309, .T. ) ;
#3637 = ORIENTED_EDGE ( 'NONE', *, *, #7472, .F. ) ;
#3638 = EDGE_LOOP ( 'NONE', ( #6973, #5686, #6327, #1458, #6223, #3926, #6349, #3538 ) ) ;
#3639 = PLANE ( 'NONE',  #6788 ) ;
#3640 = ORIENTED_EDGE ( 'NONE', *, *, #188, .F. ) ;
#3641 = LINE ( 'NONE', #7179, #6528 ) ;
#3642 = AXIS2_PLACEMENT_3D ( 'NONE', #2042, #1474, #905 ) ;
#3643 = CARTESIAN_POINT ( 'NONE',  ( -5.371941468077998216, 5.947322718753697224, 0.6350000000000027844 ) ) ;
#3644 = DIRECTION ( 'NONE',  ( 5.130477113903260708E-17, 1.665334536937735304E-16, -1.000000000000000000 ) ) ;
#3645 = EDGE_CURVE ( 'NONE', #1483, #4703, #3727, .T. ) ;
#3646 = VECTOR ( 'NONE', #7507, 1000.000000000000000 ) ;
#3647 = CARTESIAN_POINT ( 'NONE',  ( -6.476999999999999424, -2.717800000000003546, 4.191000000000001613 ) ) ;
#3648 = VERTEX_POINT ( 'NONE', #6051 ) ;
#3649 = CARTESIAN_POINT ( 'NONE',  ( -6.223000000000006970, 4.232135350800140472, 3.175000000000002931 ) ) ;
#3650 = ORIENTED_EDGE ( 'NONE', *, *, #5337, .T. ) ;
#3651 = CARTESIAN_POINT ( 'NONE',  ( 4.216400000000001924, 8.722359999999998337, -4.470399999999997043 ) ) ;
#3652 = FACE_OUTER_BOUND ( 'NONE', #7081, .T. ) ;
#3653 = DIRECTION ( 'NONE',  ( -3.431425595409362857E-17, -1.000000000000000000, -0.000000000000000000 ) ) ;
#3654 = ORIENTED_EDGE ( 'NONE', *, *, #254, .T. ) ;
#3655 = DIRECTION ( 'NONE',  ( 5.130477113903260708E-17, 1.665334536937735304E-16, -1.000000000000000000 ) ) ;
#3656 = CARTESIAN_POINT ( 'NONE',  ( -6.222999999999998089, -2.602085213965210642E-15, 1.143000000000002458 ) ) ;
#3657 = CARTESIAN_POINT ( 'NONE',  ( -4.216399999999997483, 5.862319999999996867, -4.470399999999997931 ) ) ;
#3658 = EDGE_CURVE ( 'NONE', #5725, #6771, #1326, .T. ) ;
#3659 = LINE ( 'NONE', #5414, #6217 ) ;
#3660 = CARTESIAN_POINT ( 'NONE',  ( -6.222999999999998977, 4.232135350799996587, 4.699000000000003396 ) ) ;
#3661 = DIRECTION ( 'NONE',  ( 1.000000000000000000, -3.431425595409362857E-17, 5.130477113903259476E-17 ) ) ;
#3662 = ORIENTED_EDGE ( 'NONE', *, *, #6691, .F. ) ;
#3663 = DIRECTION ( 'NONE',  ( -0.2461813515431124366, 3.014852041770419944E-17, 0.9692237833196245544 ) ) ;
#3664 = ORIENTED_EDGE ( 'NONE', *, *, #1790, .T. ) ;
#3665 = ADVANCED_FACE ( 'NONE', ( #6576 ), #3629, .T. ) ;
#3666 = ORIENTED_EDGE ( 'NONE', *, *, #94, .T. ) ;
#3667 = ADVANCED_FACE ( 'NONE', ( #5403 ), #5654, .F. ) ;
#3668 = CARTESIAN_POINT ( 'NONE',  ( -6.476999999999998536, 0.5079999999999963434, 3.175000000000002487 ) ) ;
#3669 = CARTESIAN_POINT ( 'NONE',  ( 4.980928443000002481, 4.216240551499995881, 3.175000000000002487 ) ) ;
#3670 = EDGE_CURVE ( 'NONE', #3750, #6472, #6793, .T. ) ;
#3671 = COLOUR_RGB ( '',1.000000000000000000, 1.000000000000000000, 0.7529411764705882248 ) ;
#3672 = CARTESIAN_POINT ( 'NONE',  ( -6.222999999999998089, 5.895635414699998300, -1.904999999999997806 ) ) ;
#3673 = DIRECTION ( 'NONE',  ( 1.000000000000000000, -3.431425595409362857E-17, 5.130477113903259476E-17 ) ) ;
#3674 = ORIENTED_EDGE ( 'NONE', *, *, #1873, .F. ) ;
#3675 = EDGE_CURVE ( 'NONE', #4481, #3626, #251, .T. ) ;
#3676 = VERTEX_POINT ( 'NONE', #3764 ) ;
#3677 = VERTEX_POINT ( 'NONE', #5508 ) ;
#3678 = AXIS2_PLACEMENT_3D ( 'NONE', #1023, #6275, #2739 ) ;
#3679 = DIRECTION ( 'NONE',  ( -1.000000000000000000, 3.431425595409362857E-17, -5.130477113903259476E-17 ) ) ;
#3680 = EDGE_CURVE ( 'NONE', #3246, #756, #4439, .T. ) ;
#3681 = CARTESIAN_POINT ( 'NONE',  ( -4.980928442999998929, 6.472079448499997056, 0.6350000000000027844 ) ) ;
#3682 = CARTESIAN_POINT ( 'NONE',  ( -4.216399999999998371, 1.977999999999996650, -4.470399999999997931 ) ) ;
#3683 = ADVANCED_FACE ( 'NONE', ( #1505 ), #156, .F. ) ;
#3684 = CARTESIAN_POINT ( 'NONE',  ( -6.476999999999998536, 6.002332419999997448, -2.920999999999997598 ) ) ;
#3685 = EDGE_CURVE ( 'NONE', #166, #2137, #1441, .T. ) ;
#3686 = ORIENTED_EDGE ( 'NONE', *, *, #4136, .T. ) ;
#3687 = CARTESIAN_POINT ( 'NONE',  ( -4.919058026673998718, 4.607104051550198420, -4.444999999999997620 ) ) ;
#3688 = ORIENTED_EDGE ( 'NONE', *, *, #1681, .T. ) ;
#3689 = CARTESIAN_POINT ( 'NONE',  ( -5.679736216059531273, 4.689207129279820307, 2.159000000000002473 ) ) ;
#3690 = CARTESIAN_POINT ( 'NONE',  ( -5.029696199582974536, 4.744466099814811599, -2.920999999999997598 ) ) ;
#3691 = CARTESIAN_POINT ( 'NONE',  ( 4.980928443000002481, 6.472079448499997056, -2.920999999999997154 ) ) ;
#3692 = VERTEX_POINT ( 'NONE', #980 ) ;
#3693 = EDGE_CURVE ( 'NONE', #2589, #2319, #7298, .T. ) ;
#3694 = PLANE ( 'NONE',  #1879 ) ;
#3695 = CARTESIAN_POINT ( 'NONE',  ( -5.140909707197998557, 4.825999999999997847, 4.699000000000003396 ) ) ;
#3696 = CARTESIAN_POINT ( 'NONE',  ( -5.679736218422998917, 4.689207125507997453, 0.6350000000000027844 ) ) ;
#3697 = B_SPLINE_CURVE_WITH_KNOTS ( 'NONE', 3,
 ( #7077, #4189, #1375, #5412 ),
 .UNSPECIFIED., .F., .F.,
 ( 4, 4 ),
 ( 0.000000000000000000, 1.000000000000000000 ),
 .UNSPECIFIED. ) ;
#3698 = B_SPLINE_CURVE_WITH_KNOTS ( 'NONE', 3,
 ( #6689, #3300, #1013, #4408, #6657, #6153 ),
 .UNSPECIFIED., .F., .F.,
 ( 4, 1, 1, 4 ),
 ( 0.000000000000000000, 0.3382434260671000059, 0.7712952856297999871, 1.000000000000000000 ),
 .UNSPECIFIED. ) ;
#3699 = SURFACE_STYLE_USAGE ( .BOTH. , #3021 ) ;
#3700 = CARTESIAN_POINT ( 'NONE',  ( 6.223000000000001641, -2.717800000000001770, -0.3809999999999976739 ) ) ;
#3701 = EDGE_CURVE ( 'NONE', #7405, #943, #1689, .T. ) ;
#3702 = CARTESIAN_POINT ( 'NONE',  ( 6.477000000000479041, 6.002332419999978796, 4.699000000000003396 ) ) ;
#3703 = ORIENTED_EDGE ( 'NONE', *, *, #1601, .T. ) ;
#3704 = CARTESIAN_POINT ( 'NONE',  ( -6.222999999999998089, 0.5079999999999971205, 0.6350000000000027844 ) ) ;
#3705 = EDGE_CURVE ( 'NONE', #4824, #7351, #1593, .T. ) ;
#3706 = ORIENTED_EDGE ( 'NONE', *, *, #1284, .T. ) ;
#3707 = EDGE_LOOP ( 'NONE', ( #2963, #2160, #898, #5364, #5637 ) ) ;
#3708 = CARTESIAN_POINT ( 'NONE',  ( -6.222999999999998089, 4.825999999999997847, 4.953000000000002068 ) ) ;
#3709 = CARTESIAN_POINT ( 'NONE',  ( -4.980928442999998929, 6.472079448499997056, 2.159000000000002917 ) ) ;
#3710 = DIRECTION ( 'NONE',  ( -0.000000000000000000, -0.000000000000000000, 1.000000000000000000 ) ) ;
#3711 = LINE ( 'NONE', #5998, #2135 ) ;
#3712 = EDGE_CURVE ( 'NONE', #6472, #1672, #2421, .T. ) ;
#3713 = ORIENTED_EDGE ( 'NONE', *, *, #7294, .F. ) ;
#3714 = ORIENTED_EDGE ( 'NONE', *, *, #1545, .T. ) ;
#3715 = EDGE_CURVE ( 'NONE', #921, #2145, #7225, .T. ) ;
#3716 = AXIS2_PLACEMENT_3D ( 'NONE', #4194, #3625, #1378 ) ;
#3717 = ORIENTED_EDGE ( 'NONE', *, *, #5681, .F. ) ;
#3718 = DIRECTION ( 'NONE',  ( 1.000000000000000000, -3.431425595409362857E-17, 5.130477113903259476E-17 ) ) ;
#3719 = DIRECTION ( 'NONE',  ( 1.000000000000000000, -3.431425595409362857E-17, 5.130477113903259476E-17 ) ) ;
#3720 = DIRECTION ( 'NONE',  ( 0.8267333594788779383, -0.5625939497761849317, 4.241536580106739084E-17 ) ) ;
#3721 = VECTOR ( 'NONE', #97, 1000.000000000000000 ) ;
#3722 = CARTESIAN_POINT ( 'NONE',  ( -4.808421040999999008, 4.469740654099997101, 2.159000000000002917 ) ) ;
#3723 = VECTOR ( 'NONE', #5845, 1000.000000000000000 ) ;
#3724 = DIRECTION ( 'NONE',  ( 5.130477113903260708E-17, 1.665334536937735304E-16, -1.000000000000000000 ) ) ;
#3725 = EDGE_LOOP ( 'NONE', ( #203, #4743, #1026, #3259 ) ) ;
#3726 = VECTOR ( 'NONE', #5199, 1000.000000000000000 ) ;
#3727 = LINE ( 'NONE', #2467, #5701 ) ;
#3728 = ORIENTED_EDGE ( 'NONE', *, *, #134, .F. ) ;
#3729 = AXIS2_PLACEMENT_3D ( 'NONE', #3404, #1011, #3440 ) ;
#3730 = ORIENTED_EDGE ( 'NONE', *, *, #3670, .F. ) ;
#3731 = DIRECTION ( 'NONE',  ( -0.5625939497761849317, -0.8267333594788778273, -2.886375383747156989E-17 ) ) ;
#3732 = AXIS2_PLACEMENT_3D ( 'NONE', #1516, #3845, #1563 ) ;
#3733 = EDGE_CURVE ( 'NONE', #703, #2265, #3698, .T. ) ;
#3734 = DIRECTION ( 'NONE',  ( -1.000000000000000000, 3.431425595409362857E-17, -5.130477113903259476E-17 ) ) ;
#3735 = CIRCLE ( 'NONE', #814, 0.3810000000000011156 ) ;
#3736 = CARTESIAN_POINT ( 'NONE',  ( 6.477000000000001201, -2.794000000000002260, 4.191000000000001613 ) ) ;
#3737 = FILL_AREA_STYLE ('',( #3616 ) ) ;
#3738 = ORIENTED_EDGE ( 'NONE', *, *, #6405, .F. ) ;
#3739 = CARTESIAN_POINT ( 'NONE',  ( 7.772400000000001086, 0.5079999999999971205, -0.3809999999999976739 ) ) ;
#3740 = VECTOR ( 'NONE', #6840, 1000.000000000000000 ) ;
#3741 = VECTOR ( 'NONE', #6572, 1000.000000000000000 ) ;
#3742 = CARTESIAN_POINT ( 'NONE',  ( 3.962400000000001477, 5.862319999999997755, -4.724399999999997490 ) ) ;
#3743 = CARTESIAN_POINT ( 'NONE',  ( 5.140909707198001222, 4.825999999999996959, 2.159000000000002917 ) ) ;
#3744 = CARTESIAN_POINT ( 'NONE',  ( -5.507748377663705952, 4.826000002803728428, -0.3809999999999977294 ) ) ;
#3745 = CARTESIAN_POINT ( 'NONE',  ( 4.919058026674002271, 6.081215948449798070, -4.444999999999997620 ) ) ;
#3746 = ADVANCED_FACE ( 'NONE', ( #6762 ), #6183, .T. ) ;
#3747 = CARTESIAN_POINT ( 'NONE',  ( -4.980928442999999817, 4.216240551499995881, 4.699000000000003396 ) ) ;
#3748 = ORIENTED_EDGE ( 'NONE', *, *, #6911, .T. ) ;
#3749 = DIRECTION ( 'NONE',  ( -1.000000000000000000, 3.431425595409362857E-17, -5.130477113903259476E-17 ) ) ;
#3750 = VERTEX_POINT ( 'NONE', #2154 ) ;
#3751 = CARTESIAN_POINT ( 'NONE',  ( -5.825466848180997914, 6.796669658390998237, -1.904999999999997806 ) ) ;
#3752 = ORIENTED_EDGE ( 'NONE', *, *, #2362, .T. ) ;
#3753 = DIRECTION ( 'NONE',  ( 5.130477113903260708E-17, 1.665334536937735304E-16, -1.000000000000000000 ) ) ;
#3754 = CARTESIAN_POINT ( 'NONE',  ( 5.140909707198001222, 5.862319999999997755, 2.159000000000003361 ) ) ;
#3755 = PLANE ( 'NONE',  #1528 ) ;
#3756 = ORIENTED_EDGE ( 'NONE', *, *, #5361, .T. ) ;
#3757 = ORIENTED_EDGE ( 'NONE', *, *, #2210, .F. ) ;
#3758 = CARTESIAN_POINT ( 'NONE',  ( -2.158999999999999364, 3.556000000000001826, -11.52441814999996161 ) ) ;
#3759 = ADVANCED_FACE ( 'NONE', ( #7371 ), #5100, .T. ) ;
#3760 = CARTESIAN_POINT ( 'NONE',  ( -6.222999999999998089, 5.895635414699997412, -0.3809999999999976739 ) ) ;
#3761 = CARTESIAN_POINT ( 'NONE',  ( 5.029696199582846639, 4.744466099814913740, -2.920999999999997154 ) ) ;
#3762 = CARTESIAN_POINT ( 'NONE',  ( 6.109955650407427719, 4.159618444802801740, -1.904999999999997362 ) ) ;
#3763 = ORIENTED_EDGE ( 'NONE', *, *, #5762, .T. ) ;
#3764 = CARTESIAN_POINT ( 'NONE',  ( -2.158999999999999364, 4.826000000000000512, -4.724399999999997490 ) ) ;
#3765 = VECTOR ( 'NONE', #3406, 1000.000000000000000 ) ;
#3766 = ORIENTED_EDGE ( 'NONE', *, *, #4756, .F. ) ;
#3767 = ADVANCED_FACE ( 'NONE', ( #5545 ), #6544, .T. ) ;
#3768 = B_SPLINE_SURFACE_WITH_KNOTS ( 'NONE', 3, 1, ( 
 ( #1803, #1311 ),
 ( #740, #1268 ),
 ( #1919, #4167 ),
 ( #4745, #6028 ),
 ( #3101, #5914 ) ),
 .UNSPECIFIED., .F., .F., .F.,
 ( 4, 1, 4 ),
 ( 2, 2 ),
 ( 0.4590319158841648095, 0.7875696945530999971, 0.9898432121846925114 ),
 ( 0.000000000000000000, 1.000000000000000000 ),
 .UNSPECIFIED. ) ;
#3769 = CARTESIAN_POINT ( 'NONE',  ( -6.476999999999998536, 6.002332419999997448, 2.159000000000002917 ) ) ;
#3770 = CARTESIAN_POINT ( 'NONE',  ( -6.222999999999998089, 0.5079999999999980087, -2.920999999999997598 ) ) ;
#3771 = VECTOR ( 'NONE', #6744, 1000.000000000000000 ) ;
#3772 = LINE ( 'NONE', #375, #1763 ) ;
#3773 = ORIENTED_EDGE ( 'NONE', *, *, #5994, .T. ) ;
#3774 = FACE_OUTER_BOUND ( 'NONE', #1045, .T. ) ;
#3775 = ORIENTED_EDGE ( 'NONE', *, *, #4978, .T. ) ;
#3776 = CARTESIAN_POINT ( 'NONE',  ( 0.000000000000000000, 0.000000000000000000, -4.952999999999998515 ) ) ;
#3777 =( GEOMETRIC_REPRESENTATION_CONTEXT ( 3 ) GLOBAL_UNCERTAINTY_ASSIGNED_CONTEXT ( ( #5985 ) ) GLOBAL_UNIT_ASSIGNED_CONTEXT ( ( #5228, #7543, #1863 ) ) REPRESENTATION_CONTEXT ( 'NONE', 'WORKASPACE' ) );
#3778 = CARTESIAN_POINT ( 'NONE',  ( 4.216400000000001924, 8.689999999999995950, -4.470399999999997043 ) ) ;
#3779 = CARTESIAN_POINT ( 'NONE',  ( -5.959238080889503131, 4.243216917964877766, -0.3809999999999977294 ) ) ;
#3780 = PLANE ( 'NONE',  #6653 ) ;
#3781 = DIRECTION ( 'NONE',  ( 5.130477113903260708E-17, 1.665334536937735304E-16, -1.000000000000000000 ) ) ;
#3782 = ORIENTED_EDGE ( 'NONE', *, *, #698, .T. ) ;
#3783 = PLANE ( 'NONE',  #3829 ) ;
#3784 = ORIENTED_EDGE ( 'NONE', *, *, #1189, .T. ) ;
#3785 = DIRECTION ( 'NONE',  ( 5.130477113903260708E-17, 1.665334536937735304E-16, -1.000000000000000000 ) ) ;
#3786 = CARTESIAN_POINT ( 'NONE',  ( 5.679736218423002470, 4.689207125507996565, 2.159000000000002917 ) ) ;
#3787 = DIRECTION ( 'NONE',  ( 5.130477113903260708E-17, 1.665334536937735304E-16, -1.000000000000000000 ) ) ;
#3788 = DIRECTION ( 'NONE',  ( 1.000000000000000000, -3.431425595409362857E-17, 5.130477113903259476E-17 ) ) ;
#3789 = ORIENTED_EDGE ( 'NONE', *, *, #5875, .T. ) ;
#3790 = EDGE_CURVE ( 'NONE', #302, #1916, #7406, .T. ) ;
#3791 = ORIENTED_EDGE ( 'NONE', *, *, #5821, .F. ) ;
#3792 = MECHANICAL_DESIGN_GEOMETRIC_PRESENTATION_REPRESENTATION (  '', ( #1911 ), #135 ) ;
#3793 = CARTESIAN_POINT ( 'NONE',  ( 6.109955650407427719, 4.159618444802802628, -4.444999999999997620 ) ) ;
#3794 = CARTESIAN_POINT ( 'NONE',  ( 6.223000000000000753, 5.895635414699996524, 4.699000000000003396 ) ) ;
#3795 = STYLED_ITEM ( 'NONE', ( #2985 ), #5366 ) ;
#3796 = CARTESIAN_POINT ( 'NONE',  ( -6.222999999999998977, -3.469446951953614189E-15, 4.191000000000001613 ) ) ;
#3797 = ORIENTED_EDGE ( 'NONE', *, *, #5155, .F. ) ;
#3798 = CARTESIAN_POINT ( 'NONE',  ( 4.919058028974505170, 6.081215945592893135, 0.6350000000000027844 ) ) ;
#3799 = EDGE_LOOP ( 'NONE', ( #6838, #1530, #169, #4984 ) ) ;
#3800 = EDGE_CURVE ( 'NONE', #4794, #7449, #2697, .T. ) ;
#3801 = CARTESIAN_POINT ( 'NONE',  ( 5.140909726420336057, 4.826000014092356238, 3.175000000000003375 ) ) ;
#3802 = CARTESIAN_POINT ( 'NONE',  ( -5.724327148805998355, 4.081300973171996915, -1.904999999999998028 ) ) ;
#3803 = EDGE_CURVE ( 'NONE', #3677, #3692, #6943, .T. ) ;
#3804 = DIRECTION ( 'NONE',  ( 5.130477113903260708E-17, 1.665334536937735304E-16, -1.000000000000000000 ) ) ;
#3805 = ORIENTED_EDGE ( 'NONE', *, *, #5489, .F. ) ;
#3806 = EDGE_CURVE ( 'NONE', #1703, #5837, #5163, .T. ) ;
#3807 = CARTESIAN_POINT ( 'NONE',  ( 1.317718296158750244E-15, 5.344159999999996025, 3.175000000000002487 ) ) ;
#3808 = B_SPLINE_CURVE_WITH_KNOTS ( 'NONE', 3,
 ( #5144, #3998, #4655, #2283 ),
 .UNSPECIFIED., .F., .F.,
 ( 4, 4 ),
 ( 0.000000000000000000, 1.000000000000000000 ),
 .UNSPECIFIED. ) ;
#3809 = ADVANCED_FACE ( 'NONE', ( #478 ), #1445, .T. ) ;
#3810 = DIRECTION ( 'NONE',  ( 0.000000000000000000, -0.000000000000000000, -1.000000000000000000 ) ) ;
#3811 = PLANE ( 'NONE',  #366 ) ;
#3812 = CARTESIAN_POINT ( 'NONE',  ( -6.223000000000228127, 4.665481232900038577, -1.904999999999997584 ) ) ;
#3813 = DIRECTION ( 'NONE',  ( 0.000000000000000000, -0.000000000000000000, -1.000000000000000000 ) ) ;
#3814 = B_SPLINE_CURVE_WITH_KNOTS ( 'NONE', 3,
 ( #4781, #6030, #822, #1314, #6178, #2715 ),
 .UNSPECIFIED., .F., .F.,
 ( 4, 1, 1, 4 ),
 ( 0.000000000000000000, 0.2624677914213000007, 0.5985043770962999998, 1.000000000000000000 ),
 .UNSPECIFIED. ) ;
#3815 = CARTESIAN_POINT ( 'NONE',  ( 6.222999999999738741, 5.895635414699983201, 3.175000000000004263 ) ) ;
#3816 = ORIENTED_EDGE ( 'NONE', *, *, #308, .F. ) ;
#3817 = CARTESIAN_POINT ( 'NONE',  ( 6.477000000000001201, -3.469446951953614189E-15, 3.683000000000002050 ) ) ;
#3818 = VERTEX_POINT ( 'NONE', #4103 ) ;
#3819 = FACE_OUTER_BOUND ( 'NONE', #2614, .T. ) ;
#3820 = CARTESIAN_POINT ( 'NONE',  ( 4.216400000000001924, 1.977999999999996650, -4.470399999999997931 ) ) ;
#3821 = EDGE_CURVE ( 'NONE', #7509, #4448, #2267, .T. ) ;
#3822 = CARTESIAN_POINT ( 'NONE',  ( 5.507748381189001563, 5.862319999999995979, 4.699000000000003396 ) ) ;
#3823 = CARTESIAN_POINT ( 'NONE',  ( 5.507748381189002451, 4.825999999999996959, 0.6350000000000027844 ) ) ;
#3824 = B_SPLINE_SURFACE_WITH_KNOTS ( 'NONE', 3, 1, ( 
 ( #6798, #3944 ),
 ( #1627, #7411 ),
 ( #1055, #6765 ),
 ( #5062, #3802 ),
 ( #3837, #7375 ),
 ( #342, #3912 ) ),
 .UNSPECIFIED., .F., .F., .F.,
 ( 4, 1, 1, 4 ),
 ( 2, 2 ),
 ( 0.007958995328072355699, 0.3406152971556999920, 0.7665139843748000059, 0.9914409422889685075 ),
 ( 0.000000000000000000, 1.000000000000000000 ),
 .UNSPECIFIED. ) ;
#3825 = VERTEX_POINT ( 'NONE', #1766 ) ;
#3826 = ORIENTED_EDGE ( 'NONE', *, *, #2970, .T. ) ;
#3827 = FACE_OUTER_BOUND ( 'NONE', #7442, .T. ) ;
#3828 = DIRECTION ( 'NONE',  ( -1.000000000000000000, 3.431425595409362857E-17, -5.130477113903259476E-17 ) ) ;
#3829 = AXIS2_PLACEMENT_3D ( 'NONE', #6101, #4316, #889 ) ;
#3830 = EDGE_CURVE ( 'NONE', #36, #6874, #6829, .T. ) ;
#3831 = CARTESIAN_POINT ( 'NONE',  ( 5.724327148806001908, 4.081300973171996915, -0.3809999999999980069 ) ) ;
#3832 = ORIENTED_EDGE ( 'NONE', *, *, #836, .T. ) ;
#3833 = CARTESIAN_POINT ( 'NONE',  ( -5.140909707197997669, 5.862319999999997755, -1.904999999999997584 ) ) ;
#3834 = ORIENTED_EDGE ( 'NONE', *, *, #5321, .T. ) ;
#3835 = LINE ( 'NONE', #3268, #3962 ) ;
#3836 = AXIS2_PLACEMENT_3D ( 'NONE', #6499, #6463, #4272 ) ;
#3837 = CARTESIAN_POINT ( 'NONE',  ( -6.109955650407424166, 4.159618444802802628, -0.3809999999999983400 ) ) ;
#3838 = AXIS2_PLACEMENT_3D ( 'NONE', #6033, #211, #3184 ) ;
#3839 = AXIS2_PLACEMENT_3D ( 'NONE', #299, #6227, #6192 ) ;
#3840 = DIRECTION ( 'NONE',  ( 1.000000000000000000, 0.000000000000000000, 0.000000000000000000 ) ) ;
#3841 = ORIENTED_EDGE ( 'NONE', *, *, #134, .T. ) ;
#3842 = CARTESIAN_POINT ( 'NONE',  ( -5.140909707197997669, 4.825999999999997847, 2.159000000000002473 ) ) ;
#3843 = VERTEX_POINT ( 'NONE', #2224 ) ;
#3844 = ORIENTED_EDGE ( 'NONE', *, *, #6932, .T. ) ;
#3845 = DIRECTION ( 'NONE',  ( -0.000000000000000000, -0.000000000000000000, 1.000000000000000000 ) ) ;
#3846 = CLOSED_SHELL ( 'NONE', ( #5632, #7293, #454, #5092, #871, #2938, #1539, #6476, #5849, #2455, #4545, #6263, #6746, #4603, #4062, #6155, #2308, #5717, #7071, #3518 ) ) ;
#3847 = DIRECTION ( 'NONE',  ( -0.000000000000000000, -0.000000000000000000, 1.000000000000000000 ) ) ;
#3848 = VECTOR ( 'NONE', #2729, 1000.000000000000000 ) ;
#3849 = CARTESIAN_POINT ( 'NONE',  ( 6.477000000000001201, 0.5079999999999963434, 4.699000000000003396 ) ) ;
#3850 = EDGE_CURVE ( 'NONE', #2965, #3818, #3600, .T. ) ;
#3851 = CARTESIAN_POINT ( 'NONE',  ( 6.223000000000001641, 4.792684585299998190, -4.444999999999996732 ) ) ;
#3852 = VECTOR ( 'NONE', #5037, 1000.000000000000000 ) ;
#3853 = CARTESIAN_POINT ( 'NONE',  ( 6.223000000000001641, 5.895635414699996524, 0.6350000000000027844 ) ) ;
#3854 = ORIENTED_EDGE ( 'NONE', *, *, #5641, .F. ) ;
#3855 = AXIS2_PLACEMENT_3D ( 'NONE', #4596, #6856, #6977 ) ;
#3856 = CARTESIAN_POINT ( 'NONE',  ( 6.223000000000001641, 6.022838767099996105, 3.175000000000002487 ) ) ;
#3857 = ORIENTED_EDGE ( 'NONE', *, *, #5437, .F. ) ;
#3858 = CARTESIAN_POINT ( 'NONE',  ( -2.158999999999999364, 2.286000000000000920, -4.724399999999998379 ) ) ;
#3859 = AXIS2_PLACEMENT_3D ( 'NONE', #4035, #2816, #6961 ) ;
#3860 = CARTESIAN_POINT ( 'NONE',  ( 5.085678860472001794, 6.287389423200496985, -0.3809999999999976739 ) ) ;
#3861 = CARTESIAN_POINT ( 'NONE',  ( -2.158999999999999364, 3.556000000000001826, -8.524399999720948529 ) ) ;
#3862 = VERTEX_POINT ( 'NONE', #2304 ) ;
#3863 = ORIENTED_EDGE ( 'NONE', *, *, #3104, .T. ) ;
#3864 = EDGE_CURVE ( 'NONE', #3818, #7313, #5847, .T. ) ;
#3865 = PLANE ( 'NONE',  #5179 ) ;
#3866 = CARTESIAN_POINT ( 'NONE',  ( 5.029696191436579866, 5.943853910299163879, -1.904999999999998028 ) ) ;
#3867 = LINE ( 'NONE', #4551, #1286 ) ;
#3868 = CARTESIAN_POINT ( 'NONE',  ( 5.507748381189001563, 4.825999999999997847, 4.699000000000003396 ) ) ;
#3869 = EDGE_LOOP ( 'NONE', ( #6122, #794, #1598, #3932 ) ) ;
#3870 = CARTESIAN_POINT ( 'NONE',  ( 5.140909714137247732, 5.862319994912677856, 2.159000000000002917 ) ) ;
#3871 = VERTEX_POINT ( 'NONE', #6862 ) ;
#3872 = B_SPLINE_CURVE_WITH_KNOTS ( 'NONE', 3,
 ( #6873, #1133, #4066, #3991, #523 ),
 .UNSPECIFIED., .F., .F.,
 ( 4, 1, 4 ),
 ( 0.000000000000000000, 0.6189351753168998993, 1.000000000000000000 ),
 .UNSPECIFIED. ) ;
#3873 = CARTESIAN_POINT ( 'NONE',  ( 6.223000000000001641, 5.862319999999997755, 4.953000000000002068 ) ) ;
#3874 = EDGE_CURVE ( 'NONE', #3150, #1095, #7517, .T. ) ;
#3875 = FACE_OUTER_BOUND ( 'NONE', #2490, .T. ) ;
#3876 = B_SPLINE_SURFACE_WITH_KNOTS ( 'NONE', 3, 1, ( 
 ( #5811, #2191 ),
 ( #5954, #739 ),
 ( #697, #518 ),
 ( #5097, #5348 ),
 ( #5735, #7409 ) ),
 .UNSPECIFIED., .F., .F., .F.,
 ( 4, 1, 4 ),
 ( 2, 2 ),
 ( 0.4590319158801968724, 0.7875696945514999436, 0.9898432121846414411 ),
 ( 0.000000000000000000, 1.000000000000000000 ),
 .UNSPECIFIED. ) ;
#3877 = VECTOR ( 'NONE', #1695, 1000.000000000000000 ) ;
#3878 = FACE_OUTER_BOUND ( 'NONE', #5047, .T. ) ;
#3879 = ORIENTED_EDGE ( 'NONE', *, *, #1033, .F. ) ;
#3880 = DIRECTION ( 'NONE',  ( -5.130477113903260708E-17, -1.665334536937735304E-16, 1.000000000000000000 ) ) ;
#3881 = ORIENTED_EDGE ( 'NONE', *, *, #6918, .T. ) ;
#3882 = ORIENTED_EDGE ( 'NONE', *, *, #4855, .F. ) ;
#3883 = CARTESIAN_POINT ( 'NONE',  ( 6.223000000000001641, 4.825999999999997847, 4.953000000000003844 ) ) ;
#3884 = LINE ( 'NONE', #3238, #6194 ) ;
#3885 = AXIS2_PLACEMENT_3D ( 'NONE', #1000, #3927, #5084 ) ;
#3886 = B_SPLINE_CURVE_WITH_KNOTS ( 'NONE', 3,
 ( #626, #5272, #3438, #547 ),
 .UNSPECIFIED., .F., .F.,
 ( 4, 4 ),
 ( 0.000000000000000000, 1.000000000000000000 ),
 .UNSPECIFIED. ) ;
#3887 = CARTESIAN_POINT ( 'NONE',  ( 6.109955650407002281, 4.159618444802997139, -2.920999999999997154 ) ) ;
#3888 = DIRECTION ( 'NONE',  ( 3.431425595409362857E-17, 1.000000000000000000, 0.000000000000000000 ) ) ;
#3889 = LINE ( 'NONE', #4390, #3950 ) ;
#3890 = ORIENTED_EDGE ( 'NONE', *, *, #6598, .F. ) ;
#3891 = CARTESIAN_POINT ( 'NONE',  ( 5.085678860472000906, 6.287389423200496097, 4.699000000000003396 ) ) ;
#3892 = VECTOR ( 'NONE', #23, 1000.000000000000000 ) ;
#3893 = ORIENTED_EDGE ( 'NONE', *, *, #1267, .T. ) ;
#3894 = EDGE_CURVE ( 'NONE', #6690, #1106, #6061, .T. ) ;
#3895 = FILL_AREA_STYLE ('',( #4502 ) ) ;
#3896 = VECTOR ( 'NONE', #7070, 1000.000000000000000 ) ;
#3897 =( NAMED_UNIT ( * ) SI_UNIT ( $, .STERADIAN. ) SOLID_ANGLE_UNIT ( ) );
#3898 = CARTESIAN_POINT ( 'NONE',  ( -5.029696199582890159, 4.744466099814926174, 3.175000000000002487 ) ) ;
#3899 = EDGE_CURVE ( 'NONE', #4163, #1834, #5696, .T. ) ;
#3900 = ORIENTED_EDGE ( 'NONE', *, *, #1751, .F. ) ;
#3901 = EDGE_CURVE ( 'NONE', #1229, #7017, #2543, .T. ) ;
#3902 = ORIENTED_EDGE ( 'NONE', *, *, #5665, .T. ) ;
#3903 = ADVANCED_FACE ( 'NONE', ( #5809 ), #2916, .T. ) ;
#3904 = CYLINDRICAL_SURFACE ( 'NONE', #3230, 1.016000000000000458 ) ;
#3905 = CARTESIAN_POINT ( 'NONE',  ( 5.029696191436579866, 5.943853910299163879, -0.3809999999999981179 ) ) ;
#3906 = LINE ( 'NONE', #4306, #6995 ) ;
#3907 = CARTESIAN_POINT ( 'NONE',  ( -6.222999999999997200, -2.794000000000000483, -3.428999999999997605 ) ) ;
#3908 = ORIENTED_EDGE ( 'NONE', *, *, #3186, .T. ) ;
#3909 = DIRECTION ( 'NONE',  ( -1.000000000000000000, 0.000000000000000000, 0.000000000000000000 ) ) ;
#3910 = ORIENTED_EDGE ( 'NONE', *, *, #5681, .T. ) ;
#3911 = DIRECTION ( 'NONE',  ( -1.000000000000000000, 3.431425595409362857E-17, -5.130477113903259476E-17 ) ) ;
#3912 = CARTESIAN_POINT ( 'NONE',  ( -6.223000000000006082, 4.232135350800141360, -1.904999999999998028 ) ) ;
#3913 = PRESENTATION_LAYER_ASSIGNMENT (  '', '', ( #7195 ) ) ;
#3914 = EDGE_CURVE ( 'NONE', #4300, #5920, #7094, .T. ) ;
#3915 = CARTESIAN_POINT ( 'NONE',  ( -4.980928442999998040, 4.216240551499585543, 0.6350000000000032285 ) ) ;
#3916 = ORIENTED_EDGE ( 'NONE', *, *, #4815, .T. ) ;
#3917 = DIRECTION ( 'NONE',  ( 3.431425595409362857E-17, 1.000000000000000000, 0.000000000000000000 ) ) ;
#3918 = ORIENTED_EDGE ( 'NONE', *, *, #1434, .F. ) ;
#3919 = DIRECTION ( 'NONE',  ( -5.130477113903260708E-17, -1.665334536937735304E-16, 1.000000000000000000 ) ) ;
#3920 = CARTESIAN_POINT ( 'NONE',  ( 5.507748381189001563, 4.825999999999997847, 4.699000000000003396 ) ) ;
#3921 = CARTESIAN_POINT ( 'NONE',  ( 6.477000000000002089, -2.717800000000001770, -3.936999999999996724 ) ) ;
#3922 = CARTESIAN_POINT ( 'NONE',  ( -6.476999999999999424, 6.002332419999996560, 4.699000000000003396 ) ) ;
#3923 = CARTESIAN_POINT ( 'NONE',  ( 5.959238081891436778, 6.445103080431096032, 4.699000000000005173 ) ) ;
#3924 = ORIENTED_EDGE ( 'NONE', *, *, #2595, .F. ) ;
#3925 = CARTESIAN_POINT ( 'NONE',  ( 7.772400000000001086, -2.602085213965210642E-15, -0.8889999999999974589 ) ) ;
#3926 = ORIENTED_EDGE ( 'NONE', *, *, #6282, .F. ) ;
#3927 = DIRECTION ( 'NONE',  ( 3.431425595409362857E-17, 1.000000000000000000, 0.000000000000000000 ) ) ;
#3928 =( NAMED_UNIT ( * ) PLANE_ANGLE_UNIT ( ) SI_UNIT ( $, .RADIAN. ) );
#3929 = EDGE_CURVE ( 'NONE', #7425, #498, #5330, .T. ) ;
#3930 = FACE_OUTER_BOUND ( 'NONE', #1808, .T. ) ;
#3931 = ORIENTED_EDGE ( 'NONE', *, *, #6890, .T. ) ;
#3932 = ORIENTED_EDGE ( 'NONE', *, *, #4736, .T. ) ;
#3933 = CARTESIAN_POINT ( 'NONE',  ( -5.507748381188998898, 5.862319999999997755, -2.920999999999997598 ) ) ;
#3934 = CARTESIAN_POINT ( 'NONE',  ( 5.507748381189002451, 5.862319999999997755, -1.904999999999997140 ) ) ;
#3935 = EDGE_CURVE ( 'NONE', #965, #6359, #4004, .T. ) ;
#3936 = CARTESIAN_POINT ( 'NONE',  ( 4.980928442999965178, 6.472079448499693299, 0.6350000000000027844 ) ) ;
#3937 = EDGE_CURVE ( 'NONE', #18, #5912, #6447, .T. ) ;
#3938 = CARTESIAN_POINT ( 'NONE',  ( 5.371941468078001769, 5.947322718753697224, 3.175000000000002487 ) ) ;
#3939 = ORIENTED_EDGE ( 'NONE', *, *, #7494, .T. ) ;
#3940 = CARTESIAN_POINT ( 'NONE',  ( -6.222999999999998089, 4.232135350799997475, -0.3809999999999976739 ) ) ;
#3941 = ORIENTED_EDGE ( 'NONE', *, *, #501, .F. ) ;
#3942 = CARTESIAN_POINT ( 'NONE',  ( -6.222999999999998977, 5.895635414699996524, 4.699000000000003396 ) ) ;
#3943 = PLANE ( 'NONE',  #5302 ) ;
#3944 = CARTESIAN_POINT ( 'NONE',  ( -4.980928442999998040, 4.216240551499585543, -1.904999999999998028 ) ) ;
#3945 = VECTOR ( 'NONE', #4672, 999.9999999999998863 ) ;
#3946 = DIRECTION ( 'NONE',  ( 3.431425595409362857E-17, 1.000000000000000000, 0.000000000000000000 ) ) ;
#3947 = VERTEX_POINT ( 'NONE', #48 ) ;
#3948 = FACE_OUTER_BOUND ( 'NONE', #4195, .T. ) ;
#3949 = ORIENTED_EDGE ( 'NONE', *, *, #6495, .T. ) ;
#3950 = VECTOR ( 'NONE', #4969, 1000.000000000000000 ) ;
#3951 = ORIENTED_EDGE ( 'NONE', *, *, #4474, .F. ) ;
#3952 = CARTESIAN_POINT ( 'NONE',  ( 6.223000000000001641, -2.794000000000000483, -4.952999999999997627 ) ) ;
#3953 = EDGE_CURVE ( 'NONE', #2913, #2607, #7496, .T. ) ;
#3954 = CARTESIAN_POINT ( 'NONE',  ( 4.808421041000002560, 6.218579345899995836, 3.175000000000002487 ) ) ;
#3955 = CARTESIAN_POINT ( 'NONE',  ( 6.223000000000001641, 4.665481232899996833, 2.159000000000002917 ) ) ;
#3956 = DIRECTION ( 'NONE',  ( 5.130477113903260708E-17, 1.665334536937735304E-16, -1.000000000000000000 ) ) ;
#3957 = DIRECTION ( 'NONE',  ( -0.000000000000000000, -0.000000000000000000, 1.000000000000000000 ) ) ;
#3958 = VECTOR ( 'NONE', #4343, 1000.000000000000000 ) ;
#3959 = ORIENTED_EDGE ( 'NONE', *, *, #2405, .F. ) ;
#3960 = CARTESIAN_POINT ( 'NONE',  ( 3.962400000000000588, 8.689999999999995950, 4.470400000000003260 ) ) ;
#3961 = AXIS2_PLACEMENT_3D ( 'NONE', #589, #2912, #5239 ) ;
#3962 = VECTOR ( 'NONE', #5586, 1000.000000000000000 ) ;
#3963 = DIRECTION ( 'NONE',  ( 3.431425595409362857E-17, 1.000000000000000000, 0.000000000000000000 ) ) ;
#3964 = B_SPLINE_CURVE_WITH_KNOTS ( 'NONE', 3,
 ( #3695, #6466, #3055, #5940 ),
 .UNSPECIFIED., .F., .F.,
 ( 4, 4 ),
 ( 0.000000000000000000, 1.000000000000000000 ),
 .UNSPECIFIED. ) ;
#3965 = LINE ( 'NONE', #1030, #598 ) ;
#3966 = VECTOR ( 'NONE', #3545, 1000.000000000000000 ) ;
#3967 = ADVANCED_FACE ( 'NONE', ( #129 ), #3639, .T. ) ;
#3968 = VECTOR ( 'NONE', #687, 1000.000000000000000 ) ;
#3969 = CARTESIAN_POINT ( 'NONE',  ( 3.962400000000001477, 4.825999999999997847, -4.724399999999997490 ) ) ;
#3970 = VECTOR ( 'NONE', #7282, 1000.000000000000000 ) ;
#3971 = CYLINDRICAL_SURFACE ( 'NONE', #6526, 0.3809999999999998388 ) ;
#3972 = ORIENTED_EDGE ( 'NONE', *, *, #2218, .T. ) ;
#3973 = ORIENTED_EDGE ( 'NONE', *, *, #7059, .T. ) ;
#3974 = AXIS2_PLACEMENT_3D ( 'NONE', #4068, #4531, #3415 ) ;
#3975 = VECTOR ( 'NONE', #162, 1000.000000000000000 ) ;
#3976 = DIRECTION ( 'NONE',  ( 0.000000000000000000, -0.000000000000000000, 1.000000000000000000 ) ) ;
#3977 = CARTESIAN_POINT ( 'NONE',  ( 6.223000000000001641, -2.717800000000003546, 2.159000000000002917 ) ) ;
#3978 = DIRECTION ( 'NONE',  ( 5.130477113903260708E-17, 1.665334536937735304E-16, -1.000000000000000000 ) ) ;
#3979 = VERTEX_POINT ( 'NONE', #7060 ) ;
#3980 = CYLINDRICAL_SURFACE ( 'NONE', #4809, 0.2539999999999998925 ) ;
#3981 = ORIENTED_EDGE ( 'NONE', *, *, #1717, .F. ) ;
#3982 = CARTESIAN_POINT ( 'NONE',  ( 5.029696186834001992, 4.744466083986996985, -0.3809999999999976739 ) ) ;
#3983 = EDGE_LOOP ( 'NONE', ( #7398, #6384, #4069, #1017 ) ) ;
#3984 = LINE ( 'NONE', #1874, #2305 ) ;
#3985 = EDGE_CURVE ( 'NONE', #3547, #855, #5354, .T. ) ;
#3986 = FACE_OUTER_BOUND ( 'NONE', #7104, .T. ) ;
#3987 = LINE ( 'NONE', #6610, #3741 ) ;
#3988 = DIRECTION ( 'NONE',  ( 0.000000000000000000, -1.000000000000000000, 0.000000000000000000 ) ) ;
#3989 = ORIENTED_EDGE ( 'NONE', *, *, #4622, .F. ) ;
#3990 = ADVANCED_FACE ( 'NONE', ( #663 ), #291, .T. ) ;
#3991 = CARTESIAN_POINT ( 'NONE',  ( -6.222999999999998089, 6.022838767099996993, 2.159000000000002917 ) ) ;
#3992 = ORIENTED_EDGE ( 'NONE', *, *, #175, .T. ) ;
#3993 = ADVANCED_FACE ( 'NONE', ( #1318 ), #4255, .F. ) ;
#3994 = CARTESIAN_POINT ( 'NONE',  ( -4.980928442999998929, 6.472079448499997056, 2.159000000000002917 ) ) ;
#3995 = CARTESIAN_POINT ( 'NONE',  ( 2.159000000000001140, 7.112000000000000988, -12.31899999999999906 ) ) ;
#3996 = DIRECTION ( 'NONE',  ( 5.130477113903260708E-17, 1.665334536937735304E-16, -1.000000000000000000 ) ) ;
#3997 = CARTESIAN_POINT ( 'NONE',  ( 6.477000000000002089, 6.002332419999996560, 3.175000000000002487 ) ) ;
#3998 = CARTESIAN_POINT ( 'NONE',  ( -4.919058026673998718, 6.081215948449797182, 2.159000000000002917 ) ) ;
#3999 = LINE ( 'NONE', #2284, #2854 ) ;
#4000 = ORIENTED_EDGE ( 'NONE', *, *, #3292, .F. ) ;
#4001 = DIRECTION ( 'NONE',  ( -1.000000000000000000, 1.371699786071155937E-16, 7.238445109071316109E-49 ) ) ;
#4002 = EDGE_CURVE ( 'NONE', #7500, #3825, #2292, .T. ) ;
#4003 = CARTESIAN_POINT ( 'NONE',  ( 7.772400000000000198, 0.5079999999999963434, 4.699000000000003396 ) ) ;
#4004 = CIRCLE ( 'NONE', #595, 0.3809999999999998388 ) ;
#4005 = LINE ( 'NONE', #768, #3188 ) ;
#4006 = CARTESIAN_POINT ( 'NONE',  ( -5.679736218422998917, 4.689207125507997453, 2.159000000000002917 ) ) ;
#4007 = VECTOR ( 'NONE', #2976, 999.9999999999998863 ) ;
#4008 = EDGE_CURVE ( 'NONE', #3108, #4325, #4380, .T. ) ;
#4009 = CARTESIAN_POINT ( 'NONE',  ( -6.222999999999998089, 0.5079999999999971205, -1.904999999999997806 ) ) ;
#4010 = ORIENTED_EDGE ( 'NONE', *, *, #6818, .F. ) ;
#4011 = ORIENTED_EDGE ( 'NONE', *, *, #846, .T. ) ;
#4012 = CIRCLE ( 'NONE', #2311, 0.3810000000000011156 ) ;
#4013 = DIRECTION ( 'NONE',  ( -3.431425595409362857E-17, -1.000000000000000000, -0.000000000000000000 ) ) ;
#4014 = LINE ( 'NONE', #2795, #6280 ) ;
#4015 = CARTESIAN_POINT ( 'NONE',  ( 5.085678860472627072, 6.287389423200528071, -2.920999999999997154 ) ) ;
#4016 = ADVANCED_FACE ( 'NONE', ( #4123 ), #650, .F. ) ;
#4017 = ORIENTED_EDGE ( 'NONE', *, *, #7253, .T. ) ;
#4018 = CARTESIAN_POINT ( 'NONE',  ( 4.808421041000001672, 4.469740654099996213, 4.699000000000003396 ) ) ;
#4019 = VERTEX_POINT ( 'NONE', #6356 ) ;
#4020 = DIRECTION ( 'NONE',  ( 5.130477113903260708E-17, 1.665334536937735304E-16, -1.000000000000000000 ) ) ;
#4021 = VERTEX_POINT ( 'NONE', #5192 ) ;
#4022 = LINE ( 'NONE', #3489, #4628 ) ;
#4023 = CARTESIAN_POINT ( 'NONE',  ( -6.477000000000476376, 6.002332419999979685, 0.6350000000000027844 ) ) ;
#4024 = CARTESIAN_POINT ( 'NONE',  ( 4.980928443000002481, 4.216240551499996769, 0.6350000000000027844 ) ) ;
#4025 = FACE_OUTER_BOUND ( 'NONE', #3529, .T. ) ;
#4026 = EDGE_CURVE ( 'NONE', #620, #4049, #3393, .T. ) ;
#4027 = ORIENTED_EDGE ( 'NONE', *, *, #3264, .T. ) ;
#4028 = PLANE ( 'NONE',  #7520 ) ;
#4029 = ORIENTED_EDGE ( 'NONE', *, *, #782, .F. ) ;
#4030 = LINE ( 'NONE', #1020, #2515 ) ;
#4031 = ORIENTED_EDGE ( 'NONE', *, *, #1489, .T. ) ;
#4032 = CARTESIAN_POINT ( 'NONE',  ( 6.223000000000001641, -2.602085213965210642E-15, 1.143000000000002458 ) ) ;
#4033 = DIRECTION ( 'NONE',  ( 0.000000000000000000, -0.000000000000000000, 1.000000000000000000 ) ) ;
#4034 = CARTESIAN_POINT ( 'NONE',  ( -6.222999999999998089, 4.232135350799997475, 2.159000000000002917 ) ) ;
#4035 = CARTESIAN_POINT ( 'NONE',  ( -3.962399999999997924, 8.689999999999995950, -4.470399999999997931 ) ) ;
#4036 = EDGE_CURVE ( 'NONE', #5653, #2409, #4047, .T. ) ;
#4037 = DIRECTION ( 'NONE',  ( 5.130477113903260708E-17, 1.665334536937735304E-16, -1.000000000000000000 ) ) ;
#4038 = ORIENTED_EDGE ( 'NONE', *, *, #4368, .T. ) ;
#4039 = EDGE_CURVE ( 'NONE', #5356, #5248, #5709, .T. ) ;
#4040 = CARTESIAN_POINT ( 'NONE',  ( 5.679736218183011331, 5.999112874108536886, 0.6350000000000027844 ) ) ;
#4041 = CIRCLE ( 'NONE', #5017, 0.2539999999999998925 ) ;
#4042 = DIRECTION ( 'NONE',  ( 5.130477113903260708E-17, 1.665334536937735304E-16, -1.000000000000000000 ) ) ;
#4043 = DIRECTION ( 'NONE',  ( -5.130477113903260708E-17, -1.665334536937735304E-16, 1.000000000000000000 ) ) ;
#4044 = SURFACE_STYLE_USAGE ( .BOTH. , #1718 ) ;
#4045 = DIRECTION ( 'NONE',  ( 3.431425595409362857E-17, 1.000000000000000000, 0.000000000000000000 ) ) ;
#4046 = CARTESIAN_POINT ( 'NONE',  ( -6.222999999999998977, 0.5079999999999963434, 4.699000000000003396 ) ) ;
#4047 = B_SPLINE_CURVE_WITH_KNOTS ( 'NONE', 3,
 ( #7461, #7010, #2941, #4006, #1793 ),
 .UNSPECIFIED., .F., .F.,
 ( 4, 1, 4 ),
 ( 0.000000000000000000, 0.3810648246831000452, 1.000000000000000000 ),
 .UNSPECIFIED. ) ;
#4048 = VERTEX_POINT ( 'NONE', #505 ) ;
#4049 = VERTEX_POINT ( 'NONE', #4699 ) ;
#4050 = EDGE_CURVE ( 'NONE', #4943, #5136, #1207, .T. ) ;
#4051 = CARTESIAN_POINT ( 'NONE',  ( 4.980928443000002481, 4.216240551499995881, 2.159000000000002917 ) ) ;
#4052 = CARTESIAN_POINT ( 'NONE',  ( -6.223000000000229015, 4.665481232900038577, 4.699000000000004285 ) ) ;
#4053 = CARTESIAN_POINT ( 'NONE',  ( 6.477000000000479929, 6.002332419999980573, -2.920999999999997154 ) ) ;
#4054 = FACE_OUTER_BOUND ( 'NONE', #137, .T. ) ;
#4055 = EDGE_LOOP ( 'NONE', ( #4377, #3951, #7252, #2961 ) ) ;
#4056 = CARTESIAN_POINT ( 'NONE',  ( -4.808421040999896867, 4.469740654100065491, -1.904999999999997584 ) ) ;
#4057 = VERTEX_POINT ( 'NONE', #2366 ) ;
#4058 = PLANE ( 'NONE',  #3280 ) ;
#4059 = B_SPLINE_CURVE_WITH_KNOTS ( 'NONE', 3,
 ( #3378, #5705, #4647, #488 ),
 .UNSPECIFIED., .F., .F.,
 ( 4, 4 ),
 ( 0.000000000000000000, 1.000000000000000000 ),
 .UNSPECIFIED. ) ;
#4060 = CARTESIAN_POINT ( 'NONE',  ( -6.477000000000476376, 6.002332419999979685, 2.159000000000002917 ) ) ;
#4061 = CARTESIAN_POINT ( 'NONE',  ( 6.223000000000001641, 4.792684585299997302, -1.904999999999996918 ) ) ;
#4062 = ADVANCED_FACE ( 'NONE', ( #4663 ), #899, .T. ) ;
#4063 = EDGE_CURVE ( 'NONE', #3503, #7382, #3543, .T. ) ;
#4064 = CARTESIAN_POINT ( 'NONE',  ( 4.216400000000001036, 4.825999999999996959, -4.470399999999997043 ) ) ;
#4065 = ORIENTED_EDGE ( 'NONE', *, *, #3693, .T. ) ;
#4066 = CARTESIAN_POINT ( 'NONE',  ( -5.959238082003998294, 6.445103080248997252, 2.159000000000002917 ) ) ;
#4067 = ORIENTED_EDGE ( 'NONE', *, *, #2662, .T. ) ;
#4068 = CARTESIAN_POINT ( 'NONE',  ( 6.477000000000002089, 6.002332419999997448, -0.3809999999999976739 ) ) ;
#4069 = ORIENTED_EDGE ( 'NONE', *, *, #322, .F. ) ;
#4070 = CARTESIAN_POINT ( 'NONE',  ( 5.507748380830467916, 5.862319999714931562, -4.444999999999997620 ) ) ;
#4071 = AXIS2_PLACEMENT_3D ( 'NONE', #5718, #2710, #2744 ) ;
#4072 = LINE ( 'NONE', #6920, #3480 ) ;
#4073 = CARTESIAN_POINT ( 'NONE',  ( -6.222999999999998089, 5.862319999999997755, 4.953000000000003844 ) ) ;
#4074 = CARTESIAN_POINT ( 'NONE',  ( 6.477000000000002089, 6.002332419999997448, -0.3809999999999976739 ) ) ;
#4075 = DIRECTION ( 'NONE',  ( 5.130477113903260708E-17, 1.665334536937735304E-16, -1.000000000000000000 ) ) ;
#4076 = ORIENTED_EDGE ( 'NONE', *, *, #3563, .T. ) ;
#4077 = VECTOR ( 'NONE', #5409, 1000.000000000000000 ) ;
#4078 = CARTESIAN_POINT ( 'NONE',  ( -5.371700992470997527, 4.741020151570096708, 2.159000000000002917 ) ) ;
#4079 = LINE ( 'NONE', #5867, #1656 ) ;
#4080 = FACE_OUTER_BOUND ( 'NONE', #2981, .T. ) ;
#4081 = EDGE_CURVE ( 'NONE', #498, #2133, #5231, .T. ) ;
#4082 = VECTOR ( 'NONE', #5288, 1000.000000000000000 ) ;
#4083 = PLANE ( 'NONE',  #753 ) ;
#4084 = LINE ( 'NONE', #3969, #7042 ) ;
#4085 = VECTOR ( 'NONE', #5352, 999.9999999999998863 ) ;
#4086 = LINE ( 'NONE', #1226, #4092 ) ;
#4087 = ORIENTED_EDGE ( 'NONE', *, *, #6243, .F. ) ;
#4088 = AXIS2_PLACEMENT_3D ( 'NONE', #2270, #3409, #5699 ) ;
#4089 = ORIENTED_EDGE ( 'NONE', *, *, #1750, .F. ) ;
#4090 = CIRCLE ( 'NONE', #2506, 1.016000000000001346 ) ;
#4091 = ORIENTED_EDGE ( 'NONE', *, *, #318, .T. ) ;
#4092 = VECTOR ( 'NONE', #5755, 1000.000000000000000 ) ;
#4093 = VECTOR ( 'NONE', #5983, 1000.000000000000000 ) ;
#4094 = CARTESIAN_POINT ( 'NONE',  ( 6.223000000000001641, 5.862319999999997755, 4.953000000000002068 ) ) ;
#4095 = VECTOR ( 'NONE', #5955, 1000.000000000000000 ) ;
#4096 = CARTESIAN_POINT ( 'NONE',  ( -5.679736218183029983, 5.999112874108564419, 4.699000000000005173 ) ) ;
#4097 = CARTESIAN_POINT ( 'NONE',  ( -6.476999999999998536, 6.364590498671997665, -0.3809999999999976739 ) ) ;
#4098 = AXIS2_PLACEMENT_3D ( 'NONE', #170, #2574, #3718 ) ;
#4099 = ORIENTED_EDGE ( 'NONE', *, *, #893, .F. ) ;
#4100 = EDGE_CURVE ( 'NONE', #3871, #2418, #1696, .T. ) ;
#4101 = ORIENTED_EDGE ( 'NONE', *, *, #541, .F. ) ;
#4102 = VECTOR ( 'NONE', #2959, 1000.000000000000000 ) ;
#4103 = CARTESIAN_POINT ( 'NONE',  ( -6.222999999999998089, 4.232135350799997475, -0.3809999999999976739 ) ) ;
#4104 = VERTEX_POINT ( 'NONE', #5794 ) ;
#4105 = CARTESIAN_POINT ( 'NONE',  ( -5.371941468077998216, 5.947322718753697224, 2.159000000000002917 ) ) ;
#4106 = LINE ( 'NONE', #1242, #5193 ) ;
#4107 = PLANE ( 'NONE',  #6755 ) ;
#4108 = EDGE_LOOP ( 'NONE', ( #7271, #1382, #7464, #5911 ) ) ;
#4109 = CARTESIAN_POINT ( 'NONE',  ( -6.476999999999997648, -2.794000000000000483, -1.396999999999998021 ) ) ;
#4110 = VERTEX_POINT ( 'NONE', #2212 ) ;
#4111 = EDGE_CURVE ( 'NONE', #6863, #100, #4543, .T. ) ;
#4112 = ORIENTED_EDGE ( 'NONE', *, *, #216, .T. ) ;
#4113 = DIRECTION ( 'NONE',  ( -5.130477113903260708E-17, -1.665334536937735304E-16, 1.000000000000000000 ) ) ;
#4114 = CARTESIAN_POINT ( 'NONE',  ( -5.140909707197997669, 4.825999999999996959, -0.3809999999999976739 ) ) ;
#4115 = FACE_OUTER_BOUND ( 'NONE', #784, .T. ) ;
#4116 = DIRECTION ( 'NONE',  ( 1.000000000000000000, 0.000000000000000000, 0.000000000000000000 ) ) ;
#4117 = DIRECTION ( 'NONE',  ( 1.000000000000000000, -3.431425595409362857E-17, 5.130477113903260092E-17 ) ) ;
#4118 = ORIENTED_EDGE ( 'NONE', *, *, #1797, .F. ) ;
#4119 = PLANE ( 'NONE',  #5646 ) ;
#4120 = CARTESIAN_POINT ( 'NONE',  ( 4.919058026674002271, 6.081215948449797182, -0.3809999999999976739 ) ) ;
#4121 = FILL_AREA_STYLE ('',( #32 ) ) ;
#4122 = CARTESIAN_POINT ( 'NONE',  ( 5.140909726420336057, 4.826000014092356238, -0.3809999999999976739 ) ) ;
#4123 = FACE_OUTER_BOUND ( 'NONE', #3047, .T. ) ;
#4124 = CARTESIAN_POINT ( 'NONE',  ( -5.507748381188998898, 4.825999999999997847, -4.444999999999997620 ) ) ;
#4125 = VERTEX_POINT ( 'NONE', #6400 ) ;
#4126 = VECTOR ( 'NONE', #1970, 1000.000000000000000 ) ;
#4127 = ADVANCED_FACE ( 'NONE', ( #617 ), #6892, .T. ) ;
#4128 = ORIENTED_EDGE ( 'NONE', *, *, #4595, .F. ) ;
#4129 = EDGE_LOOP ( 'NONE', ( #4610, #2580, #1173, #5732 ) ) ;
#4130 = ORIENTED_EDGE ( 'NONE', *, *, #2175, .F. ) ;
#4131 = DIRECTION ( 'NONE',  ( -1.000000000000000000, 3.431425595409362857E-17, -5.130477113903259476E-17 ) ) ;
#4132 = AXIS2_PLACEMENT_3D ( 'NONE', #2787, #7317, #6814 ) ;
#4133 = CARTESIAN_POINT ( 'NONE',  ( -6.222999999999736964, 5.895635414700059584, 3.175000000000002487 ) ) ;
#4134 = EDGE_CURVE ( 'NONE', #3676, #4409, #4084, .T. ) ;
#4135 = CARTESIAN_POINT ( 'NONE',  ( -6.222999999999998089, 5.895635414699997412, 0.6350000000000027844 ) ) ;
#4136 = EDGE_CURVE ( 'NONE', #2818, #2473, #7033, .T. ) ;
#4137 = EDGE_LOOP ( 'NONE', ( #2530, #3070, #3562, #3910 ) ) ;
#4138 = EDGE_CURVE ( 'NONE', #6454, #4104, #3373, .T. ) ;
#4139 = DIRECTION ( 'NONE',  ( 0.000000000000000000, 1.000000000000000000, 0.000000000000000000 ) ) ;
#4140 = VECTOR ( 'NONE', #5744, 1000.000000000000000 ) ;
#4141 = ORIENTED_EDGE ( 'NONE', *, *, #2947, .T. ) ;
#4142 = PLANE ( 'NONE',  #3470 ) ;
#4143 = LINE ( 'NONE', #1167, #3132 ) ;
#4144 = LINE ( 'NONE', #176, #4209 ) ;
#4145 = ORIENTED_EDGE ( 'NONE', *, *, #2497, .T. ) ;
#4146 = DIRECTION ( 'NONE',  ( 5.130477113903260708E-17, 1.665334536937735304E-16, -1.000000000000000000 ) ) ;
#4147 = VERTEX_POINT ( 'NONE', #7480 ) ;
#4148 = ORIENTED_EDGE ( 'NONE', *, *, #1434, .T. ) ;
#4149 = LINE ( 'NONE', #1250, #3523 ) ;
#4150 = ADVANCED_FACE ( 'NONE', ( #4778 ), #1126, .T. ) ;
#4151 = CARTESIAN_POINT ( 'NONE',  ( 4.216400000000001036, 4.825999999999997847, 4.470400000000003260 ) ) ;
#4152 = CARTESIAN_POINT ( 'NONE',  ( 4.919058033047500444, 4.607104059464188772, -4.444999999999995843 ) ) ;
#4153 = CARTESIAN_POINT ( 'NONE',  ( 6.223000000000001641, -2.794000000000000483, -4.952999999999997627 ) ) ;
#4154 = EDGE_LOOP ( 'NONE', ( #2393, #6952, #2295, #1777 ) ) ;
#4155 = CARTESIAN_POINT ( 'NONE',  ( 5.679736216059525944, 4.689207129279828301, -1.904999999999997362 ) ) ;
#4156 = CARTESIAN_POINT ( 'NONE',  ( -2.158999999999999364, 2.501900000000000457, -6.121399999999997732 ) ) ;
#4157 = AXIS2_PLACEMENT_3D ( 'NONE', #4967, #916, #1982 ) ;
#4158 = PRESENTATION_STYLE_ASSIGNMENT (( #5791 ) ) ;
#4159 = DIRECTION ( 'NONE',  ( 1.000000000000000000, -3.431425595409362857E-17, 5.130477113903259476E-17 ) ) ;
#4160 = DIRECTION ( 'NONE',  ( -5.130477113903260092E-17, 1.760485048530960256E-33, 1.000000000000000000 ) ) ;
#4161 = AXIS2_PLACEMENT_3D ( 'NONE', #2002, #2357, #1820 ) ;
#4162 = CARTESIAN_POINT ( 'NONE',  ( 5.507748381189002451, 4.825999999999997847, -4.444999999999996732 ) ) ;
#4163 = VERTEX_POINT ( 'NONE', #6258 ) ;
#4164 = EDGE_LOOP ( 'NONE', ( #4128, #5083, #3072, #843, #5756, #5224, #59, #6859 ) ) ;
#4165 = ORIENTED_EDGE ( 'NONE', *, *, #275, .F. ) ;
#4166 = VERTEX_POINT ( 'NONE', #1698 ) ;
#4167 = CARTESIAN_POINT ( 'NONE',  ( -5.959238081891452765, 6.445103080431067610, -4.444999999999997620 ) ) ;
#4168 = EDGE_CURVE ( 'NONE', #3194, #1765, #4022, .T. ) ;
#4169 = CARTESIAN_POINT ( 'NONE',  ( -4.016399999999999082, 8.689999999999997726, -4.470399999999997931 ) ) ;
#4170 = LINE ( 'NONE', #3519, #4085 ) ;
#4171 = ORIENTED_EDGE ( 'NONE', *, *, #3685, .F. ) ;
#4172 = DIRECTION ( 'NONE',  ( -1.000000000000000000, 3.431425595409362857E-17, -5.130477113903259476E-17 ) ) ;
#4173 = ORIENTED_EDGE ( 'NONE', *, *, #4840, .T. ) ;
#4174 = CARTESIAN_POINT ( 'NONE',  ( -2.158999999999998920, 3.175000000000000711, -12.57299999999996132 ) ) ;
#4175 = EDGE_CURVE ( 'NONE', #91, #177, #5698, .T. ) ;
#4176 = DIRECTION ( 'NONE',  ( -3.431425595409362857E-17, -1.000000000000000000, -0.000000000000000000 ) ) ;
#4177 = CARTESIAN_POINT ( 'NONE',  ( -4.808421040999999008, 6.218579345899997612, -2.920999999999997598 ) ) ;
#4178 = EDGE_LOOP ( 'NONE', ( #410, #7491, #3688, #6786, #412, #2401, #5370, #4530, #6698, #6107, #3784, #7240, #3513, #1161 ) ) ;
#4179 = LINE ( 'NONE', #1815, #4126 ) ;
#4180 = ORIENTED_EDGE ( 'NONE', *, *, #1990, .F. ) ;
#4181 = ORIENTED_EDGE ( 'NONE', *, *, #4696, .F. ) ;
#4182 = CARTESIAN_POINT ( 'NONE',  ( -4.919058026673999606, 6.081215948449797182, 4.699000000000003396 ) ) ;
#4183 = DIRECTION ( 'NONE',  ( -1.000000000000000000, 3.431425595409362857E-17, -5.130477113903259476E-17 ) ) ;
#4184 = LINE ( 'NONE', #645, #6029 ) ;
#4185 = PLANE ( 'NONE',  #3836 ) ;
#4186 = EDGE_LOOP ( 'NONE', ( #2370, #130, #3863, #3320 ) ) ;
#4187 = FACE_OUTER_BOUND ( 'NONE', #7148, .T. ) ;
#4188 = EDGE_CURVE ( 'NONE', #6533, #1402, #3984, .T. ) ;
#4189 = CARTESIAN_POINT ( 'NONE',  ( -5.029696186833999327, 4.744466083986996985, 3.175000000000002487 ) ) ;
#4190 = FILL_AREA_STYLE_COLOUR ( '', #606 ) ;
#4191 = CARTESIAN_POINT ( 'NONE',  ( 4.216400000000001036, 1.777999999999994918, 4.953000000000002956 ) ) ;
#4192 = DIRECTION ( 'NONE',  ( 0.5625939497761849317, 0.8267333594788778273, 2.886375383747156989E-17 ) ) ;
#4193 = AXIS2_PLACEMENT_3D ( 'NONE', #4415, #2049, #345 ) ;
#4194 = CARTESIAN_POINT ( 'NONE',  ( -6.222999999999998089, 5.862319999999997755, 4.953000000000003844 ) ) ;
#4195 = EDGE_LOOP ( 'NONE', ( #3593, #3254, #722, #179 ) ) ;
#4196 = LINE ( 'NONE', #5525, #3945 ) ;
#4197 = VERTEX_POINT ( 'NONE', #2307 ) ;
#4198 = ORIENTED_EDGE ( 'NONE', *, *, #3864, .T. ) ;
#4199 = VERTEX_POINT ( 'NONE', #1089 ) ;
#4200 = LINE ( 'NONE', #6946, #5227 ) ;
#4201 = CIRCLE ( 'NONE', #796, 0.2539999999999998925 ) ;
#4202 = EDGE_CURVE ( 'NONE', #7214, #1440, #7443, .T. ) ;
#4203 = CARTESIAN_POINT ( 'NONE',  ( 6.223000000000001641, 6.022838767099996993, -0.3809999999999976739 ) ) ;
#4204 = AXIS2_PLACEMENT_3D ( 'NONE', #2761, #840, #2109 ) ;
#4205 = FILL_AREA_STYLE ('',( #40 ) ) ;
#4206 = CARTESIAN_POINT ( 'NONE',  ( 6.223000000000001641, -2.717800000000001770, -3.428999999999997161 ) ) ;
#4207 = VECTOR ( 'NONE', #2297, 1000.000000000000000 ) ;
#4208 = PLANE ( 'NONE',  #3116 ) ;
#4209 = VECTOR ( 'NONE', #5885, 1000.000000000000000 ) ;
#4210 = ORIENTED_EDGE ( 'NONE', *, *, #1201, .F. ) ;
#4211 = VERTEX_POINT ( 'NONE', #7519 ) ;
#4212 = CARTESIAN_POINT ( 'NONE',  ( -4.980928442999962513, 6.472079448499693299, 4.699000000000003396 ) ) ;
#4213 = ORIENTED_EDGE ( 'NONE', *, *, #7308, .F. ) ;
#4214 = CLOSED_SHELL ( 'NONE', ( #7495, #4367, #5462, #2672, #5487, #6174, #3113, #1059, #7039, #2714, #984, #1577, #6119, #1158, #5031, #2027, #120, #6326, #7007, #5484, #2704, #2279, #6047, #4606, #6087, #3276, #4804, #1069, #735, #6877, #2769, #6372, #1072, #1469 ) ) ;
#4215 = AXIS2_PLACEMENT_3D ( 'NONE', #4991, #6228, #6727 ) ;
#4216 = CARTESIAN_POINT ( 'NONE',  ( 6.477000000000002089, -2.602085213965210642E-15, -0.8889999999999974589 ) ) ;
#4217 = CARTESIAN_POINT ( 'NONE',  ( -6.476999999999998536, -1.734723475976807094E-15, -3.936999999999997613 ) ) ;
#4218 = CARTESIAN_POINT ( 'NONE',  ( -5.507748381188998898, 5.862319999999997755, -4.444999999999997620 ) ) ;
#4219 = VECTOR ( 'NONE', #4677, 1000.000000000000114 ) ;
#4220 = DIRECTION ( 'NONE',  ( -5.130477113903260708E-17, -1.665334536937735304E-16, 1.000000000000000000 ) ) ;
#4221 = ORIENTED_EDGE ( 'NONE', *, *, #6728, .T. ) ;
#4222 = FACE_OUTER_BOUND ( 'NONE', #3285, .T. ) ;
#4223 = EDGE_LOOP ( 'NONE', ( #2765, #2180, #6151, #6566 ) ) ;
#4224 = EDGE_CURVE ( 'NONE', #1765, #1266, #4200, .T. ) ;
#4225 = VECTOR ( 'NONE', #3679, 1000.000000000000000 ) ;
#4226 = DIRECTION ( 'NONE',  ( 0.000000000000000000, 1.000000000000000000, 0.000000000000000000 ) ) ;
#4227 = PRESENTATION_LAYER_ASSIGNMENT (  '', '', ( #1911 ) ) ;
#4228 = DIRECTION ( 'NONE',  ( -3.431425595409362857E-17, -1.000000000000000000, -0.000000000000000000 ) ) ;
#4229 = DIRECTION ( 'NONE',  ( -1.000000000000000000, 3.431425595409362857E-17, -5.130477113903259476E-17 ) ) ;
#4230 = ADVANCED_FACE ( 'NONE', ( #5165 ), #4058, .T. ) ;
#4231 = ORIENTED_EDGE ( 'NONE', *, *, #525, .T. ) ;
#4232 = EDGE_CURVE ( 'NONE', #4243, #1679, #482, .T. ) ;
#4233 = FACE_OUTER_BOUND ( 'NONE', #2012, .T. ) ;
#4234 = ADVANCED_FACE ( 'NONE', ( #6520 ), #3876, .F. ) ;
#4235 = DIRECTION ( 'NONE',  ( 5.130477113903260708E-17, 1.665334536937735304E-16, -1.000000000000000000 ) ) ;
#4236 = DIRECTION ( 'NONE',  ( 0.000000000000000000, -0.000000000000000000, 1.000000000000000000 ) ) ;
#4237 = CARTESIAN_POINT ( 'NONE',  ( 4.808421040999923513, 6.218579345900037580, -4.444999999999997620 ) ) ;
#4238 = CARTESIAN_POINT ( 'NONE',  ( 4.216400000000001036, 5.862319999999995979, 4.470400000000003260 ) ) ;
#4239 = CARTESIAN_POINT ( 'NONE',  ( 4.980928443000001593, 4.216240551499995881, 4.699000000000003396 ) ) ;
#4240 = ORIENTED_EDGE ( 'NONE', *, *, #6587, .T. ) ;
#4241 = CARTESIAN_POINT ( 'NONE',  ( -6.222999999999998089, 6.022838767099996993, -1.904999999999997806 ) ) ;
#4242 = EDGE_CURVE ( 'NONE', #3485, #1697, #5767, .T. ) ;
#4243 = VERTEX_POINT ( 'NONE', #4520 ) ;
#4244 = B_SPLINE_SURFACE_WITH_KNOTS ( 'NONE', 3, 1, ( 
 ( #5747, #4536 ),
 ( #496, #5222 ),
 ( #530, #6389 ),
 ( #1181, #7423 ) ),
 .UNSPECIFIED., .F., .F., .F.,
 ( 4, 4 ),
 ( 2, 2 ),
 ( 0.007915563352697763816, 0.2236253938848379863 ),
 ( 0.000000000000000000, 1.000000000000000000 ),
 .UNSPECIFIED. ) ;
#4245 = VERTEX_POINT ( 'NONE', #6831 ) ;
#4246 = DIRECTION ( 'NONE',  ( 5.130477113903260092E-17, 1.665334536937735304E-16, -1.000000000000000000 ) ) ;
#4247 = CARTESIAN_POINT ( 'NONE',  ( 3.962400000000001477, 1.977999999999997982, -4.524399999999997313 ) ) ;
#4248 = EDGE_CURVE ( 'NONE', #271, #4211, #3030, .T. ) ;
#4249 = EDGE_CURVE ( 'NONE', #855, #6763, #1051, .T. ) ;
#4250 = LINE ( 'NONE', #6478, #2273 ) ;
#4251 = AXIS2_PLACEMENT_3D ( 'NONE', #1210, #637, #6268 ) ;
#4252 = CARTESIAN_POINT ( 'NONE',  ( -6.109955650407424166, 4.159618444802802628, -2.920999999999998042 ) ) ;
#4253 = B_SPLINE_SURFACE_WITH_KNOTS ( 'NONE', 3, 1, ( 
 ( #5238, #1761 ),
 ( #4096, #6409 ),
 ( #2951, #6324 ),
 ( #1194, #3400 ),
 ( #2828, #4133 ) ),
 .UNSPECIFIED., .F., .F., .F.,
 ( 4, 1, 4 ),
 ( 2, 2 ),
 ( 0.4590319158780777897, 0.7875696945507000279, 0.9898432121845823772 ),
 ( 0.000000000000000000, 1.000000000000000000 ),
 .UNSPECIFIED. ) ;
#4254 = ORIENTED_EDGE ( 'NONE', *, *, #6200, .T. ) ;
#4255 = PLANE ( 'NONE',  #1204 ) ;
#4256 = EDGE_LOOP ( 'NONE', ( #2839, #3674, #6360, #5058 ) ) ;
#4257 = CARTESIAN_POINT ( 'NONE',  ( 6.223000000000001641, 5.862319999999997755, 4.953000000000002068 ) ) ;
#4258 = AXIS2_PLACEMENT_3D ( 'NONE', #537, #5723, #1684 ) ;
#4259 = CARTESIAN_POINT ( 'NONE',  ( 1.932726056281492744, 5.862320000002370968, -4.724399999999997490 ) ) ;
#4260 = CARTESIAN_POINT ( 'NONE',  ( 4.980928443000001593, 6.472079448499996168, 4.699000000000003396 ) ) ;
#4261 = ADVANCED_FACE ( 'NONE', ( #2226 ), #2062, .T. ) ;
#4262 = MECHANICAL_DESIGN_GEOMETRIC_PRESENTATION_REPRESENTATION (  '', ( #248 ), #3777 ) ;
#4263 = CARTESIAN_POINT ( 'NONE',  ( -6.477000000000026070, 6.364590498671153895, -4.444999999999999396 ) ) ;
#4264 = ORIENTED_EDGE ( 'NONE', *, *, #6346, .F. ) ;
#4265 = CARTESIAN_POINT ( 'NONE',  ( -5.959238081891447436, 6.445103080431076492, -1.904999999999996696 ) ) ;
#4266 = ORIENTED_EDGE ( 'NONE', *, *, #6460, .T. ) ;
#4267 = DIRECTION ( 'NONE',  ( -0.000000000000000000, -0.000000000000000000, 1.000000000000000000 ) ) ;
#4268 = CIRCLE ( 'NONE', #5236, 0.2539999999999998925 ) ;
#4269 = CARTESIAN_POINT ( 'NONE',  ( -5.140909726420348491, 4.826000014092338475, -2.920999999999998042 ) ) ;
#4270 = EDGE_CURVE ( 'NONE', #611, #1325, #7244, .T. ) ;
#4271 = DIRECTION ( 'NONE',  ( -5.130477113903260708E-17, -1.665334536937735304E-16, 1.000000000000000000 ) ) ;
#4272 = DIRECTION ( 'NONE',  ( -1.000000000000000000, 3.431425595409362857E-17, -5.130477113903259476E-17 ) ) ;
#4273 = VERTEX_POINT ( 'NONE', #3180 ) ;
#4274 = PLANE ( 'NONE',  #2730 ) ;
#4275 = DIRECTION ( 'NONE',  ( 5.130477113903260708E-17, 1.665334536937735304E-16, -1.000000000000000000 ) ) ;
#4276 = EDGE_CURVE ( 'NONE', #990, #5960, #5498, .T. ) ;
#4277 = ADVANCED_FACE ( 'NONE', ( #3819 ), #1918, .F. ) ;
#4278 = FILL_AREA_STYLE_COLOUR ( '', #3671 ) ;
#4279 = LINE ( 'NONE', #6063, #1054 ) ;
#4280 = EDGE_CURVE ( 'NONE', #4245, #6359, #3212, .T. ) ;
#4281 = FACE_OUTER_BOUND ( 'NONE', #6741, .T. ) ;
#4282 = ORIENTED_EDGE ( 'NONE', *, *, #6177, .T. ) ;
#4283 = CARTESIAN_POINT ( 'NONE',  ( 1.708660652238178566E-15, 5.344159999999997801, -4.444999999999997620 ) ) ;
#4284 = ORIENTED_EDGE ( 'NONE', *, *, #2405, .T. ) ;
#4285 = ORIENTED_EDGE ( 'NONE', *, *, #1010, .F. ) ;
#4286 = CARTESIAN_POINT ( 'NONE',  ( 5.371700992471000191, 4.741020151570095820, 3.175000000000002931 ) ) ;
#4287 = DIRECTION ( 'NONE',  ( -0.000000000000000000, -0.000000000000000000, 1.000000000000000000 ) ) ;
#4288 = CARTESIAN_POINT ( 'NONE',  ( 2.159000000000001140, 7.493000000000001215, -12.91441695749999674 ) ) ;
#4289 = DIRECTION ( 'NONE',  ( -3.431425595409362857E-17, -1.000000000000000000, -0.000000000000000000 ) ) ;
#4290 = ORIENTED_EDGE ( 'NONE', *, *, #2095, .T. ) ;
#4291 = ORIENTED_EDGE ( 'NONE', *, *, #4815, .F. ) ;
#4292 = ORIENTED_EDGE ( 'NONE', *, *, #1104, .F. ) ;
#4293 = EDGE_CURVE ( 'NONE', #3179, #1475, #319, .T. ) ;
#4294 = LINE ( 'NONE', #787, #7499 ) ;
#4295 = B_SPLINE_CURVE_WITH_KNOTS ( 'NONE', 3,
 ( #4476, #5579, #4369, #7292, #3934 ),
 .UNSPECIFIED., .F., .F.,
 ( 4, 1, 4 ),
 ( 0.000000000000000000, 0.3810648246831000452, 1.000000000000000000 ),
 .UNSPECIFIED. ) ;
#4296 = CARTESIAN_POINT ( 'NONE',  ( -5.507748381188421583, 5.862319999999710873, -0.3809999999999970632 ) ) ;
#4297 = CARTESIAN_POINT ( 'NONE',  ( -5.959238082003998294, 6.445103080248997252, -0.3809999999999976739 ) ) ;
#4298 = LINE ( 'NONE', #2933, #760 ) ;
#4299 = LINE ( 'NONE', #1279, #3350 ) ;
#4300 = VERTEX_POINT ( 'NONE', #3668 ) ;
#4301 = CARTESIAN_POINT ( 'NONE',  ( -5.507748381188998898, 5.862319999999996867, -1.904999999999997806 ) ) ;
#4302 = VERTEX_POINT ( 'NONE', #891 ) ;
#4303 = CARTESIAN_POINT ( 'NONE',  ( -6.222999999999998089, 6.022838767099996993, 0.6350000000000027844 ) ) ;
#4304 = EDGE_CURVE ( 'NONE', #913, #5908, #7209, .T. ) ;
#4305 = FACE_OUTER_BOUND ( 'NONE', #3217, .T. ) ;
#4306 = CARTESIAN_POINT ( 'NONE',  ( 6.223000000000001641, 4.232135350799996587, 2.159000000000002917 ) ) ;
#4307 = ORIENTED_EDGE ( 'NONE', *, *, #3089, .F. ) ;
#4308 = FACE_OUTER_BOUND ( 'NONE', #3983, .T. ) ;
#4309 = DIRECTION ( 'NONE',  ( -1.000000000000000000, 3.431425595409362857E-17, -5.130477113903259476E-17 ) ) ;
#4310 = CARTESIAN_POINT ( 'NONE',  ( 4.919058026674002271, 4.607104051550196644, 2.159000000000002917 ) ) ;
#4311 = UNCERTAINTY_MEASURE_WITH_UNIT (LENGTH_MEASURE( 1.000000000000000082E-05 ), #3052, 'distance_accuracy_value', 'NONE');
#4312 = DIRECTION ( 'NONE',  ( 6.054179465614431083E-17, 0.7071067811865475727, -0.7071067811865474617 ) ) ;
#4313 = LINE ( 'NONE', #4238, #935 ) ;
#4314 = CARTESIAN_POINT ( 'NONE',  ( 5.825466848181000579, 6.796669658390996460, 3.175000000000002487 ) ) ;
#4315 = ORIENTED_EDGE ( 'NONE', *, *, #7015, .T. ) ;
#4316 = DIRECTION ( 'NONE',  ( 1.000000000000000000, -3.431425595409362857E-17, 5.130477113903260092E-17 ) ) ;
#4317 = VERTEX_POINT ( 'NONE', #6134 ) ;
#4318 = EDGE_CURVE ( 'NONE', #6582, #6828, #5527, .T. ) ;
#4319 = DIRECTION ( 'NONE',  ( 5.130477113903260708E-17, 1.665334536937735304E-16, -1.000000000000000000 ) ) ;
#4320 = CARTESIAN_POINT ( 'NONE',  ( 5.959238082004001846, 4.243216919750996574, 2.159000000000002917 ) ) ;
#4321 = VECTOR ( 'NONE', #7076, 1000.000000000000000 ) ;
#4322 = LINE ( 'NONE', #6525, #3975 ) ;
#4323 = FACE_OUTER_BOUND ( 'NONE', #1306, .T. ) ;
#4324 = EDGE_CURVE ( 'NONE', #7287, #1325, #5350, .T. ) ;
#4325 = VERTEX_POINT ( 'NONE', #5995 ) ;
#4326 = ORIENTED_EDGE ( 'NONE', *, *, #4806, .F. ) ;
#4327 = COLOUR_RGB ( '',1.000000000000000000, 1.000000000000000000, 1.000000000000000000 ) ;
#4328 = ORIENTED_EDGE ( 'NONE', *, *, #5201, .T. ) ;
#4329 = DIRECTION ( 'NONE',  ( -1.371699786071155937E-16, -1.000000000000000000, -5.276989311053102048E-33 ) ) ;
#4330 = LINE ( 'NONE', #173, #4716 ) ;
#4331 = VECTOR ( 'NONE', #4406, 1000.000000000000000 ) ;
#4332 = LINE ( 'NONE', #7035, #2584 ) ;
#4333 = ADVANCED_FACE ( 'NONE', ( #284 ), #2719, .F. ) ;
#4334 = LINE ( 'NONE', #3191, #1409 ) ;
#4335 = ORIENTED_EDGE ( 'NONE', *, *, #4990, .T. ) ;
#4336 = AXIS2_PLACEMENT_3D ( 'NONE', #3758, #6787, #1585 ) ;
#4337 = CARTESIAN_POINT ( 'NONE',  ( -5.140909707197997669, 5.862319999999997755, -2.920999999999997598 ) ) ;
#4338 = ORIENTED_EDGE ( 'NONE', *, *, #1706, .F. ) ;
#4339 = LINE ( 'NONE', #7150, #7177 ) ;
#4340 = VECTOR ( 'NONE', #2288, 1000.000000000000000 ) ;
#4341 = DIRECTION ( 'NONE',  ( 1.201410850312336183E-17, -0.7071067811865474617, -0.7071067811865475727 ) ) ;
#4342 = AXIS2_PLACEMENT_3D ( 'NONE', #873, #2046, #5367 ) ;
#4343 = DIRECTION ( 'NONE',  ( 3.431425595409362857E-17, 1.000000000000000000, 0.000000000000000000 ) ) ;
#4344 = ORIENTED_EDGE ( 'NONE', *, *, #4990, .F. ) ;
#4345 = DIRECTION ( 'NONE',  ( 6.054179465614428618E-17, 0.7071067811865475727, -0.7071067811865474617 ) ) ;
#4346 = EDGE_CURVE ( 'NONE', #4423, #4577, #4900, .T. ) ;
#4347 = VECTOR ( 'NONE', #5987, 1000.000000000000000 ) ;
#4348 = VECTOR ( 'NONE', #2299, 1000.000000000000000 ) ;
#4349 = ORIENTED_EDGE ( 'NONE', *, *, #7228, .T. ) ;
#4350 = DIRECTION ( 'NONE',  ( 3.431425595409362857E-17, 1.000000000000000000, 0.000000000000000000 ) ) ;
#4351 = CARTESIAN_POINT ( 'NONE',  ( 6.477000000000002089, 6.002332419999997448, -0.3809999999999976739 ) ) ;
#4352 = EDGE_CURVE ( 'NONE', #2809, #119, #6049, .T. ) ;
#4353 = DIRECTION ( 'NONE',  ( 3.431425595409362857E-17, 1.000000000000000000, 0.000000000000000000 ) ) ;
#4354 = CARTESIAN_POINT ( 'NONE',  ( 5.825466848181000579, 6.796669658390996460, 4.699000000000003396 ) ) ;
#4355 = ORIENTED_EDGE ( 'NONE', *, *, #4911, .F. ) ;
#4356 = DIRECTION ( 'NONE',  ( -5.130477113903260708E-17, -1.665334536937735304E-16, 1.000000000000000000 ) ) ;
#4357 = CARTESIAN_POINT ( 'NONE',  ( 4.919058026674002271, 6.081215948449797182, -1.904999999999996918 ) ) ;
#4358 = CARTESIAN_POINT ( 'NONE',  ( 1.369843943636007301E-15, 5.344159999999996913, 2.159000000000002917 ) ) ;
#4359 = FACE_OUTER_BOUND ( 'NONE', #987, .T. ) ;
#4360 = B_SPLINE_CURVE_WITH_KNOTS ( 'NONE', 3,
 ( #852, #1986, #2525, #4241, #7082 ),
 .UNSPECIFIED., .F., .F.,
 ( 4, 1, 4 ),
 ( 0.000000000000000000, 0.6189351753168998993, 1.000000000000000000 ),
 .UNSPECIFIED. ) ;
#4361 = PLANE ( 'NONE',  #2942 ) ;
#4362 = EDGE_CURVE ( 'NONE', #1954, #868, #5422, .T. ) ;
#4363 = LINE ( 'NONE', #823, #7115 ) ;
#4364 = ORIENTED_EDGE ( 'NONE', *, *, #1201, .T. ) ;
#4365 = VERTEX_POINT ( 'NONE', #7169 ) ;
#4366 = DIRECTION ( 'NONE',  ( -1.000000000000000000, 0.000000000000000000, 0.000000000000000000 ) ) ;
#4367 = ADVANCED_FACE ( 'NONE', ( #1384 ), #6189, .T. ) ;
#4368 = EDGE_CURVE ( 'NONE', #7457, #2863, #856, .T. ) ;
#4369 = CARTESIAN_POINT ( 'NONE',  ( 5.959238082004001846, 6.445103080248997252, -1.904999999999996918 ) ) ;
#4370 = EDGE_CURVE ( 'NONE', #5704, #6472, #7166, .T. ) ;
#4371 = EDGE_CURVE ( 'NONE', #6582, #3947, #3965, .T. ) ;
#4372 = B_SPLINE_CURVE_WITH_KNOTS ( 'NONE', 3,
 ( #2129, #5000, #6127, #5492, #4893 ),
 .UNSPECIFIED., .F., .F.,
 ( 4, 1, 4 ),
 ( 0.000000000000000000, 0.6189351753168998993, 1.000000000000000000 ),
 .UNSPECIFIED. ) ;
#4373 = DIRECTION ( 'NONE',  ( 0.000000000000000000, 1.000000000000000000, 0.000000000000000000 ) ) ;
#4374 = ORIENTED_EDGE ( 'NONE', *, *, #6987, .T. ) ;
#4375 = CARTESIAN_POINT ( 'NONE',  ( 5.140909714137247732, 5.862319994912677856, 0.6350000000000027844 ) ) ;
#4376 = VECTOR ( 'NONE', #2801, 1000.000000000000000 ) ;
#4377 = ORIENTED_EDGE ( 'NONE', *, *, #4280, .F. ) ;
#4378 = CARTESIAN_POINT ( 'NONE',  ( -4.980928442999999817, 6.472079448499996168, 4.699000000000003396 ) ) ;
#4379 = CARTESIAN_POINT ( 'NONE',  ( 6.477000000000029623, 6.364590498671153007, -0.3809999999999972298 ) ) ;
#4380 = CIRCLE ( 'NONE', #1087, 0.7619999999999987894 ) ;
#4381 = CARTESIAN_POINT ( 'NONE',  ( -3.962399999999997924, 1.977999999999996650, -4.724399999999997490 ) ) ;
#4382 = EDGE_LOOP ( 'NONE', ( #5267, #1569, #5562, #5393 ) ) ;
#4383 = DIRECTION ( 'NONE',  ( 0.000000000000000000, -0.000000000000000000, -1.000000000000000000 ) ) ;
#4384 = ORIENTED_EDGE ( 'NONE', *, *, #5048, .F. ) ;
#4385 = LINE ( 'NONE', #2592, #7366 ) ;
#4386 = AXIS2_PLACEMENT_3D ( 'NONE', #1110, #536, #5832 ) ;
#4387 = EDGE_CURVE ( 'NONE', #4104, #4703, #3319, .T. ) ;
#4388 = CARTESIAN_POINT ( 'NONE',  ( -2.158999999999999364, 3.556000000000001826, -8.524399999720948529 ) ) ;
#4389 = CARTESIAN_POINT ( 'NONE',  ( 6.223000000000001641, 4.232135350799996587, 3.175000000000002487 ) ) ;
#4390 = CARTESIAN_POINT ( 'NONE',  ( 6.477000000000001201, 6.002332419999995672, 4.699000000000003396 ) ) ;
#4391 = VERTEX_POINT ( 'NONE', #964 ) ;
#4392 = DIRECTION ( 'NONE',  ( -1.000000000000000000, 0.000000000000000000, 0.000000000000000000 ) ) ;
#4393 = VERTEX_POINT ( 'NONE', #3858 ) ;
#4394 = DIRECTION ( 'NONE',  ( 5.130477113903260708E-17, 1.665334536937735304E-16, -1.000000000000000000 ) ) ;
#4395 = EDGE_LOOP ( 'NONE', ( #6239, #3332, #6160, #1364 ) ) ;
#4396 = CARTESIAN_POINT ( 'NONE',  ( -5.029696186833999327, 5.943853916012997729, -2.920999999999997598 ) ) ;
#4397 = DIRECTION ( 'NONE',  ( -1.000000000000000000, 0.000000000000000000, 0.000000000000000000 ) ) ;
#4398 = FACE_OUTER_BOUND ( 'NONE', #5693, .T. ) ;
#4399 = B_SPLINE_CURVE_WITH_KNOTS ( 'NONE', 3,
 ( #6002, #1321, #3110, #938, #1470 ),
 .UNSPECIFIED., .F., .F.,
 ( 4, 1, 4 ),
 ( 0.000000000000000000, 0.3810648246831000452, 1.000000000000000000 ),
 .UNSPECIFIED. ) ;
#4400 = ORIENTED_EDGE ( 'NONE', *, *, #3436, .F. ) ;
#4401 = VERTEX_POINT ( 'NONE', #3357 ) ;
#4402 = AXIS2_PLACEMENT_3D ( 'NONE', #5642, #2751, #4397 ) ;
#4403 = CARTESIAN_POINT ( 'NONE',  ( 4.980928442999956296, 4.216240551499585543, -4.444999999999995843 ) ) ;
#4404 = CARTESIAN_POINT ( 'NONE',  ( 4.919058028974505170, 6.081215945592894023, -1.904999999999998028 ) ) ;
#4405 = CIRCLE ( 'NONE', #4772, 0.2539999999999990044 ) ;
#4406 = DIRECTION ( 'NONE',  ( -1.000000000000000000, 3.431425595409362857E-17, -5.130477113903259476E-17 ) ) ;
#4407 = ORIENTED_EDGE ( 'NONE', *, *, #6818, .T. ) ;
#4408 = CARTESIAN_POINT ( 'NONE',  ( -5.724327148805998355, 4.081300973171997803, -4.444999999999997620 ) ) ;
#4409 = VERTEX_POINT ( 'NONE', #6211 ) ;
#4410 = EDGE_CURVE ( 'NONE', #6076, #4703, #6848, .T. ) ;
#4411 = CARTESIAN_POINT ( 'NONE',  ( 4.808421040999546925, 4.469740654100034405, 4.699000000000004285 ) ) ;
#4412 = DIRECTION ( 'NONE',  ( 1.000000000000000000, -3.431425595409362857E-17, 5.130477113903260092E-17 ) ) ;
#4413 = PLANE ( 'NONE',  #7364 ) ;
#4414 = ORIENTED_EDGE ( 'NONE', *, *, #1267, .F. ) ;
#4415 = CARTESIAN_POINT ( 'NONE',  ( -3.962399999999997036, 24.22086697599999638, -4.470399999999997931 ) ) ;
#4416 = ORIENTED_EDGE ( 'NONE', *, *, #3402, .T. ) ;
#4417 = FACE_OUTER_BOUND ( 'NONE', #695, .T. ) ;
#4418 = DIRECTION ( 'NONE',  ( 0.000000000000000000, -1.000000000000000000, 0.000000000000000000 ) ) ;
#4419 = CARTESIAN_POINT ( 'NONE',  ( -6.476999999999998536, 0.5079999999999971205, -0.3809999999999976739 ) ) ;
#4420 = DIRECTION ( 'NONE',  ( 1.000000000000000000, -3.431425595409362857E-17, 5.130477113903259476E-17 ) ) ;
#4421 = EDGE_CURVE ( 'NONE', #1554, #6779, #2679, .T. ) ;
#4422 = DIRECTION ( 'NONE',  ( -1.201410850312335721E-17, 0.7071067811865474617, 0.7071067811865475727 ) ) ;
#4423 = VERTEX_POINT ( 'NONE', #5044 ) ;
#4424 = CARTESIAN_POINT ( 'NONE',  ( -6.476999999999997648, -2.794000000000000483, -3.428999999999998050 ) ) ;
#4425 = VERTEX_POINT ( 'NONE', #5007 ) ;
#4426 = CARTESIAN_POINT ( 'NONE',  ( -5.029696186833999327, 5.943853916012996841, 0.6350000000000027844 ) ) ;
#4427 = ORIENTED_EDGE ( 'NONE', *, *, #4371, .F. ) ;
#4428 = DIRECTION ( 'NONE',  ( -1.000000000000000000, 3.431425595409362857E-17, -5.130477113903259476E-17 ) ) ;
#4429 = CARTESIAN_POINT ( 'NONE',  ( -6.109955650406998728, 4.159618444802997139, 0.6350000000000027844 ) ) ;
#4430 = VERTEX_POINT ( 'NONE', #2712 ) ;
#4431 = ADVANCED_FACE ( 'NONE', ( #3289 ), #6782, .T. ) ;
#4432 = VERTEX_POINT ( 'NONE', #5150 ) ;
#4433 = CARTESIAN_POINT ( 'NONE',  ( 2.159000000000001140, 7.112000000000000988, -8.524399999720998267 ) ) ;
#4434 = CARTESIAN_POINT ( 'NONE',  ( 5.085870582803922346, 4.401186195567423631, 0.6350000000000032285 ) ) ;
#4435 = CARTESIAN_POINT ( 'NONE',  ( -3.962399999999998812, 8.889999999999995239, 4.470400000000003260 ) ) ;
#4436 = AXIS2_PLACEMENT_3D ( 'NONE', #6811, #4971, #5680 ) ;
#4437 = CARTESIAN_POINT ( 'NONE',  ( 6.223000000000010523, 4.232135350800140472, -0.3809999999999980069 ) ) ;
#4438 = ORIENTED_EDGE ( 'NONE', *, *, #6397, .F. ) ;
#4439 = LINE ( 'NONE', #3225, #5342 ) ;
#4440 = VERTEX_POINT ( 'NONE', #464 ) ;
#4441 = CARTESIAN_POINT ( 'NONE',  ( 6.477000000000002089, -1.734723475976807094E-15, -3.428999999999997161 ) ) ;
#4442 = VECTOR ( 'NONE', #385, 1000.000000000000114 ) ;
#4443 = DIRECTION ( 'NONE',  ( 5.130477113903260092E-17, 1.665334536937735304E-16, -1.000000000000000000 ) ) ;
#4444 = VECTOR ( 'NONE', #1370, 1000.000000000000000 ) ;
#4445 = VECTOR ( 'NONE', #1395, 1000.000000000000000 ) ;
#4446 = CARTESIAN_POINT ( 'NONE',  ( -6.109955650407424166, 4.159618444802801740, 0.6350000000000032285 ) ) ;
#4447 = EDGE_CURVE ( 'NONE', #4964, #1679, #1611, .T. ) ;
#4448 = VERTEX_POINT ( 'NONE', #7428 ) ;
#4449 = VECTOR ( 'NONE', #7337, 1000.000000000000000 ) ;
#4450 = CARTESIAN_POINT ( 'NONE',  ( -4.980928442999998929, 4.216240551499996769, 3.175000000000002487 ) ) ;
#4451 = EDGE_LOOP ( 'NONE', ( #972, #4657, #3730, #3857 ) ) ;
#4452 = ORIENTED_EDGE ( 'NONE', *, *, #4493, .F. ) ;
#4453 = DIRECTION ( 'NONE',  ( 5.130477113903260708E-17, 1.665334536937735304E-16, -1.000000000000000000 ) ) ;
#4454 = CLOSED_SHELL ( 'NONE', ( #829, #1662, #6060, #4768, #2124, #1333, #5252, #503, #3505, #2199, #6317, #3204, #6214, #6418, #3767, #3257, #5042, #7439, #4790, #1476 ) ) ;
#4455 = PLANE ( 'NONE',  #1343 ) ;
#4456 = VECTOR ( 'NONE', #6309, 1000.000000000000000 ) ;
#4457 = ADVANCED_FACE ( 'NONE', ( #7352 ), #1531, .T. ) ;
#4458 = CARTESIAN_POINT ( 'NONE',  ( -5.679736216059531273, 4.689207129279820307, -1.904999999999997584 ) ) ;
#4459 = CARTESIAN_POINT ( 'NONE',  ( -6.476999999999998536, -2.602085213965210642E-15, 1.143000000000002458 ) ) ;
#4460 = ADVANCED_FACE ( 'NONE', ( #1576 ), #354, .T. ) ;
#4461 = AXIS2_PLACEMENT_3D ( 'NONE', #2633, #3243, #5635 ) ;
#4462 = CARTESIAN_POINT ( 'NONE',  ( 7.772400000000001086, -2.602085213965210642E-15, -1.396999999999996689 ) ) ;
#4463 = ORIENTED_EDGE ( 'NONE', *, *, #3821, .T. ) ;
#4464 = CIRCLE ( 'NONE', #7011, 0.1999999999999996503 ) ;
#4465 = ADVANCED_FACE ( 'NONE', ( #2176 ), #5566, .T. ) ;
#4466 = CARTESIAN_POINT ( 'NONE',  ( 2.159000000000001140, 7.112000000000000988, -12.57299999999999862 ) ) ;
#4467 = ORIENTED_EDGE ( 'NONE', *, *, #5307, .T. ) ;
#4468 = CARTESIAN_POINT ( 'NONE',  ( 4.808421041000002560, 6.218579345899995836, 2.159000000000002917 ) ) ;
#4469 = MANIFOLD_SOLID_BREP ( 'Cut-Extrude2[10]', #5074 ) ;
#4470 = CARTESIAN_POINT ( 'NONE',  ( -4.980928442999998929, 6.472079448499997056, -0.3809999999999976739 ) ) ;
#4471 = VERTEX_POINT ( 'NONE', #3018 ) ;
#4472 = ORIENTED_EDGE ( 'NONE', *, *, #2317, .T. ) ;
#4473 = EDGE_CURVE ( 'NONE', #20, #758, #5607, .T. ) ;
#4474 = EDGE_CURVE ( 'NONE', #5392, #4245, #4012, .T. ) ;
#4475 = LINE ( 'NONE', #396, #5909 ) ;
#4476 = CARTESIAN_POINT ( 'NONE',  ( 6.223000000000001641, 5.895635414699997412, -1.904999999999996918 ) ) ;
#4477 = CARTESIAN_POINT ( 'NONE',  ( -3.174999999999998934, 3.556000000000001826, -11.52441814999996161 ) ) ;
#4478 = DIRECTION ( 'NONE',  ( -3.431425595409362241E-17, -1.000000000000000000, -1.665334536937735304E-16 ) ) ;
#4479 = ORIENTED_EDGE ( 'NONE', *, *, #4304, .F. ) ;
#4480 = CARTESIAN_POINT ( 'NONE',  ( 4.808421040999975915, 6.218579345899993172, 2.159000000000002917 ) ) ;
#4481 = VERTEX_POINT ( 'NONE', #5295 ) ;
#4482 = FACE_OUTER_BOUND ( 'NONE', #4223, .T. ) ;
#4483 = LINE ( 'NONE', #6694, #2142 ) ;
#4484 = VECTOR ( 'NONE', #5961, 1000.000000000000000 ) ;
#4485 = DIRECTION ( 'NONE',  ( 0.5625939497761849317, -0.8267333594788778273, 2.886375383747156989E-17 ) ) ;
#4486 = EDGE_LOOP ( 'NONE', ( #7416, #1136 ) ) ;
#4487 = LINE ( 'NONE', #6230, #1027 ) ;
#4488 = ORIENTED_EDGE ( 'NONE', *, *, #2103, .T. ) ;
#4489 = EDGE_LOOP ( 'NONE', ( #6792, #5139, #4266, #1512, #950, #604, #6772 ) ) ;
#4490 = PLANE ( 'NONE',  #5306 ) ;
#4491 = CARTESIAN_POINT ( 'NONE',  ( -5.140909707197997669, 5.862319999999997755, -2.920999999999997598 ) ) ;
#4492 = COLOUR_RGB ( '',0.7921568627450980005, 0.8196078431372548767, 0.9333333333333333481 ) ;
#4493 = EDGE_CURVE ( 'NONE', #3403, #7226, #4685, .T. ) ;
#4494 = CARTESIAN_POINT ( 'NONE',  ( -5.140909707197997669, 4.825999999999997847, -1.904999999999997806 ) ) ;
#4495 = LINE ( 'NONE', #6128, #3852 ) ;
#4496 = CARTESIAN_POINT ( 'NONE',  ( -2.158999999999998920, 3.556000000000001382, -11.52441814999999714 ) ) ;
#4497 = EDGE_LOOP ( 'NONE', ( #281, #7075, #5664, #3299, #2639, #508, #1271, #4705 ) ) ;
#4498 = CARTESIAN_POINT ( 'NONE',  ( 5.679736218423002470, 5.999112874491996372, 3.175000000000002487 ) ) ;
#4499 = AXIS2_PLACEMENT_3D ( 'NONE', #3498, #3456, #1674 ) ;
#4500 = CARTESIAN_POINT ( 'NONE',  ( 5.029696186834001992, 5.943853916012996841, -1.904999999999996918 ) ) ;
#4501 = EDGE_CURVE ( 'NONE', #2268, #5056, #3507, .T. ) ;
#4502 = FILL_AREA_STYLE_COLOUR ( '', #4492 ) ;
#4503 = EDGE_CURVE ( 'NONE', #6312, #7083, #2437, .T. ) ;
#4504 = EDGE_CURVE ( 'NONE', #5341, #5356, #6568, .T. ) ;
#4505 = CYLINDRICAL_SURFACE ( 'NONE', #4402, 0.1999999999999996503 ) ;
#4506 = MANIFOLD_SOLID_BREP ( 'Cut-Extrude2[7]', #3846 ) ;
#4507 = CARTESIAN_POINT ( 'NONE',  ( -4.919058033047591039, 4.607104059464243839, 3.175000000000002487 ) ) ;
#4508 = ORIENTED_EDGE ( 'NONE', *, *, #5149, .T. ) ;
#4509 = ORIENTED_EDGE ( 'NONE', *, *, #5964, .T. ) ;
#4510 = CARTESIAN_POINT ( 'NONE',  ( -6.476999999999998536, 0.5079999999999971205, -1.904999999999997806 ) ) ;
#4511 = LINE ( 'NONE', #901, #1544 ) ;
#4512 = DIRECTION ( 'NONE',  ( 5.130477113903260708E-17, 1.665334536937735304E-16, -1.000000000000000000 ) ) ;
#4513 = EDGE_LOOP ( 'NONE', ( #3211, #904, #507, #906 ) ) ;
#4514 = CARTESIAN_POINT ( 'NONE',  ( -3.962399999999998812, 4.825999999999996071, 4.724400000000001931 ) ) ;
#4515 = EDGE_CURVE ( 'NONE', #4827, #5164, #2329, .T. ) ;
#4516 = EDGE_LOOP ( 'NONE', ( #2565, #5214, #2190, #3352, #4508, #5486, #86, #6872 ) ) ;
#4517 = DIRECTION ( 'NONE',  ( -3.431425595409362857E-17, -1.000000000000000000, -0.000000000000000000 ) ) ;
#4518 = ORIENTED_EDGE ( 'NONE', *, *, #3953, .F. ) ;
#4519 = VECTOR ( 'NONE', #5520, 1000.000000000000000 ) ;
#4520 = CARTESIAN_POINT ( 'NONE',  ( -6.476999999999998536, 0.5079999999999971205, 0.6350000000000027844 ) ) ;
#4521 = B_SPLINE_CURVE_WITH_KNOTS ( 'NONE', 3,
 ( #953, #6202, #2702, #5490 ),
 .UNSPECIFIED., .F., .F.,
 ( 4, 4 ),
 ( 0.000000000000000000, 1.000000000000000000 ),
 .UNSPECIFIED. ) ;
#4522 = CARTESIAN_POINT ( 'NONE',  ( 7.772400000000000198, -2.717800000000003546, 3.683000000000002050 ) ) ;
#4523 = CARTESIAN_POINT ( 'NONE',  ( 1.708660652238178566E-15, 5.344159999999997801, -4.444999999999997620 ) ) ;
#4524 =( GEOMETRIC_REPRESENTATION_CONTEXT ( 3 ) GLOBAL_UNCERTAINTY_ASSIGNED_CONTEXT ( ( #195 ) ) GLOBAL_UNIT_ASSIGNED_CONTEXT ( ( #237, #5297, #78 ) ) REPRESENTATION_CONTEXT ( 'NONE', 'WORKASPACE' ) );
#4525 = CARTESIAN_POINT ( 'NONE',  ( 6.223000000000001641, -1.734723475976807094E-15, -3.936999999999996724 ) ) ;
#4526 = ORIENTED_EDGE ( 'NONE', *, *, #4671, .F. ) ;
#4527 = CARTESIAN_POINT ( 'NONE',  ( 5.085678860472001794, 6.287389423200496985, -2.920999999999997154 ) ) ;
#4528 = ORIENTED_EDGE ( 'NONE', *, *, #175, .F. ) ;
#4529 = ADVANCED_FACE ( 'NONE', ( #4080 ), #1791, .F. ) ;
#4530 = ORIENTED_EDGE ( 'NONE', *, *, #6671, .T. ) ;
#4531 = DIRECTION ( 'NONE',  ( 1.000000000000000000, -3.431425595409362857E-17, 5.130477113903260092E-17 ) ) ;
#4532 = AXIS2_PLACEMENT_3D ( 'NONE', #5893, #679, #3010 ) ;
#4533 = CARTESIAN_POINT ( 'NONE',  ( 5.140909707198066947, 5.862319999999993314, 3.175000000000001599 ) ) ;
#4534 = CARTESIAN_POINT ( 'NONE',  ( -5.140909707197996781, 5.862319999999994202, -2.920999999999997598 ) ) ;
#4535 = LINE ( 'NONE', #3997, #141 ) ;
#4536 = CARTESIAN_POINT ( 'NONE',  ( -4.808421040999998120, 6.218579345900026034, 3.175000000000000711 ) ) ;
#4537 = CARTESIAN_POINT ( 'NONE',  ( 6.223000000000001641, 5.895635414699996524, 0.6350000000000027844 ) ) ;
#4538 = ORIENTED_EDGE ( 'NONE', *, *, #6305, .F. ) ;
#4539 = CARTESIAN_POINT ( 'NONE',  ( -6.222999999999998089, 4.792684585299998190, -4.444999999999997620 ) ) ;
#4540 = DIRECTION ( 'NONE',  ( -3.431425595409362857E-17, -1.000000000000000000, -0.000000000000000000 ) ) ;
#4541 = DIRECTION ( 'NONE',  ( -5.130477113903260708E-17, -1.665334536937735304E-16, 1.000000000000000000 ) ) ;
#4542 =( NAMED_UNIT ( * ) SI_UNIT ( $, .STERADIAN. ) SOLID_ANGLE_UNIT ( ) );
#4543 = LINE ( 'NONE', #582, #363 ) ;
#4544 = CARTESIAN_POINT ( 'NONE',  ( -4.808421040999897755, 4.469740654100064603, 3.175000000000002487 ) ) ;
#4545 = ADVANCED_FACE ( 'NONE', ( #1223 ), #2289, .T. ) ;
#4546 = EDGE_LOOP ( 'NONE', ( #3782, #4141, #5992, #1985 ) ) ;
#4547 = ORIENTED_EDGE ( 'NONE', *, *, #5117, .T. ) ;
#4548 = CARTESIAN_POINT ( 'NONE',  ( -5.507748381188998898, 4.825999999999997847, -1.904999999999997584 ) ) ;
#4549 = CARTESIAN_POINT ( 'NONE',  ( 4.216400000000001036, 5.862319999999998643, 4.470400000000003260 ) ) ;
#4550 = EDGE_CURVE ( 'NONE', #5248, #6717, #3172, .T. ) ;
#4551 = CARTESIAN_POINT ( 'NONE',  ( -6.222999999999998089, 4.825999999999997847, 4.953000000000002068 ) ) ;
#4552 = EDGE_CURVE ( 'NONE', #4049, #7083, #149, .T. ) ;
#4553 = VERTEX_POINT ( 'NONE', #3778 ) ;
#4554 = CARTESIAN_POINT ( 'NONE',  ( -5.507748381188998898, 4.825999999999997847, -1.904999999999997584 ) ) ;
#4555 = VERTEX_POINT ( 'NONE', #7116 ) ;
#4556 = CARTESIAN_POINT ( 'NONE',  ( -5.029696191436585195, 5.943853910299154109, 0.6350000000000023404 ) ) ;
#4557 = ORIENTED_EDGE ( 'NONE', *, *, #5711, .T. ) ;
#4558 = MANIFOLD_SOLID_BREP ( 'Cut-Extrude2[9]', #4454 ) ;
#4559 = DIRECTION ( 'NONE',  ( 3.431425595409362857E-17, 1.000000000000000000, 0.000000000000000000 ) ) ;
#4560 = CARTESIAN_POINT ( 'NONE',  ( -6.477000000000476376, 6.002332419999980573, -0.3809999999999977294 ) ) ;
#4561 = CARTESIAN_POINT ( 'NONE',  ( 6.223000000000001641, -2.794000000000000483, -1.396999999999997133 ) ) ;
#4562 = VECTOR ( 'NONE', #282, 1000.000000000000000 ) ;
#4563 = EDGE_CURVE ( 'NONE', #1649, #378, #2957, .T. ) ;
#4564 = CARTESIAN_POINT ( 'NONE',  ( 6.477000000000002089, 6.364590498671997665, -1.904999999999996918 ) ) ;
#4565 = ORIENTED_EDGE ( 'NONE', *, *, #3929, .F. ) ;
#4566 = PLANE ( 'NONE',  #235 ) ;
#4567 = ORIENTED_EDGE ( 'NONE', *, *, #2553, .F. ) ;
#4568 = AXIS2_PLACEMENT_3D ( 'NONE', #418, #920, #3245 ) ;
#4569 = ORIENTED_EDGE ( 'NONE', *, *, #2045, .F. ) ;
#4570 = CARTESIAN_POINT ( 'NONE',  ( 6.223000000000001641, 0.5079999999999971205, -0.3809999999999976739 ) ) ;
#4571 = DIRECTION ( 'NONE',  ( -0.000000000000000000, -0.000000000000000000, 1.000000000000000000 ) ) ;
#4572 = DIRECTION ( 'NONE',  ( -1.000000000000000000, 3.431425595409362857E-17, -5.130477113903259476E-17 ) ) ;
#4573 = VECTOR ( 'NONE', #4013, 1000.000000000000000 ) ;
#4574 = LINE ( 'NONE', #1743, #1117 ) ;
#4575 = DIRECTION ( 'NONE',  ( 1.000000000000000000, 0.000000000000000000, 0.000000000000000000 ) ) ;
#4576 = VECTOR ( 'NONE', #5018, 1000.000000000000000 ) ;
#4577 = VERTEX_POINT ( 'NONE', #3657 ) ;
#4578 = CARTESIAN_POINT ( 'NONE',  ( -5.371700992470998415, 4.741020151570095820, 4.699000000000003396 ) ) ;
#4579 = CIRCLE ( 'NONE', #7360, 0.1999999999999996503 ) ;
#4580 = AXIS2_PLACEMENT_3D ( 'NONE', #4762, #1854, #4183 ) ;
#4581 = LINE ( 'NONE', #2899, #5433 ) ;
#4582 = DIRECTION ( 'NONE',  ( -3.431425595409362857E-17, -1.000000000000000000, -0.000000000000000000 ) ) ;
#4583 = EDGE_CURVE ( 'NONE', #2277, #4430, #6505, .T. ) ;
#4584 = CLOSED_SHELL ( 'NONE', ( #4016, #465, #2650, #5279, #81, #3241, #3990, #2072, #2910, #3665, #7541, #4230, #603, #1367, #1062, #6776, #6725, #1546, #878, #6014 ) ) ;
#4585 = LINE ( 'NONE', #3508, #1360 ) ;
#4586 = DIRECTION ( 'NONE',  ( 1.000000000000000000, 0.000000000000000000, 0.000000000000000000 ) ) ;
#4587 = AXIS2_PLACEMENT_3D ( 'NONE', #5884, #96, #6868 ) ;
#4588 = CARTESIAN_POINT ( 'NONE',  ( 4.980928443000002481, 4.216240551499996769, -0.3809999999999976739 ) ) ;
#4589 = AXIS2_PLACEMENT_3D ( 'NONE', #5265, #2250, #82 ) ;
#4590 = ORIENTED_EDGE ( 'NONE', *, *, #2443, .F. ) ;
#4591 = EDGE_LOOP ( 'NONE', ( #6269, #1796, #297, #5072 ) ) ;
#4592 = VECTOR ( 'NONE', #5777, 1000.000000000000000 ) ;
#4593 = VECTOR ( 'NONE', #6003, 1000.000000000000000 ) ;
#4594 = LINE ( 'NONE', #2949, #4821 ) ;
#4595 = EDGE_CURVE ( 'NONE', #6874, #4273, #805, .T. ) ;
#4596 = CARTESIAN_POINT ( 'NONE',  ( 1.630472181022292783E-15, 5.344159999999997801, -2.920999999999997598 ) ) ;
#4597 = DIRECTION ( 'NONE',  ( -0.5625939497761849317, 0.8267333594788778273, -2.886375383747156989E-17 ) ) ;
#4598 = EDGE_LOOP ( 'NONE', ( #3397, #5146, #1391, #3293 ) ) ;
#4599 = CARTESIAN_POINT ( 'NONE',  ( -6.222999999999998089, 0.5079999999999971205, 2.159000000000002917 ) ) ;
#4600 = ORIENTED_EDGE ( 'NONE', *, *, #4387, .T. ) ;
#4601 = CARTESIAN_POINT ( 'NONE',  ( -5.371700992470997527, 4.741020151570096708, -0.3809999999999976739 ) ) ;
#4602 = VERTEX_POINT ( 'NONE', #4850 ) ;
#4603 = ADVANCED_FACE ( 'NONE', ( #883 ), #3203, .T. ) ;
#4604 = DIRECTION ( 'NONE',  ( 1.000000000000000000, -3.431425595409362857E-17, 5.130477113903259476E-17 ) ) ;
#4605 = CARTESIAN_POINT ( 'NONE',  ( -5.140909707197969247, 4.825999999999996959, 0.6350000000000032285 ) ) ;
#4606 = ADVANCED_FACE ( 'NONE', ( #5453 ), #5942, .F. ) ;
#4607 = LINE ( 'NONE', #4561, #3247 ) ;
#4608 = ADVANCED_FACE ( 'NONE', ( #234 ), #7273, .T. ) ;
#4609 = CARTESIAN_POINT ( 'NONE',  ( 2.159000000000001140, 7.112000000000000988, -11.52441815000000069 ) ) ;
#4610 = ORIENTED_EDGE ( 'NONE', *, *, #3715, .T. ) ;
#4611 = CARTESIAN_POINT ( 'NONE',  ( 6.477000000000002089, -2.794000000000000483, -0.8889999999999974589 ) ) ;
#4612 = ORIENTED_EDGE ( 'NONE', *, *, #1312, .F. ) ;
#4613 = CYLINDRICAL_SURFACE ( 'NONE', #3253, 0.2539999999999998925 ) ;
#4614 = ORIENTED_EDGE ( 'NONE', *, *, #6691, .T. ) ;
#4615 = DIRECTION ( 'NONE',  ( -0.5625939497761849317, -0.8267333594788778273, -2.886375383747156989E-17 ) ) ;
#4616 = CARTESIAN_POINT ( 'NONE',  ( -6.222999999999998089, 4.825999999999997847, -4.952999999999998515 ) ) ;
#4617 = CARTESIAN_POINT ( 'NONE',  ( -6.476999999999998536, -2.717800000000001770, -0.8889999999999974589 ) ) ;
#4618 = CARTESIAN_POINT ( 'NONE',  ( 4.919058026674002271, 4.607104051550197532, -4.444999999999997620 ) ) ;
#4619 = DIRECTION ( 'NONE',  ( 5.130477113903260708E-17, 1.665334536937735304E-16, -1.000000000000000000 ) ) ;
#4620 = VERTEX_POINT ( 'NONE', #6550 ) ;
#4621 = CARTESIAN_POINT ( 'NONE',  ( -6.222999999999998089, 4.232135350799997475, 2.159000000000002917 ) ) ;
#4622 = EDGE_CURVE ( 'NONE', #1878, #4481, #4891, .T. ) ;
#4623 = DIRECTION ( 'NONE',  ( -0.5625939497761849317, 0.8267333594788778273, -2.886375383747156989E-17 ) ) ;
#4624 = AXIS2_PLACEMENT_3D ( 'NONE', #6295, #1160, #3443 ) ;
#4625 = CARTESIAN_POINT ( 'NONE',  ( -6.476999999999998536, -2.717800000000001770, -2.920999999999997598 ) ) ;
#4626 =( NAMED_UNIT ( * ) SI_UNIT ( $, .STERADIAN. ) SOLID_ANGLE_UNIT ( ) );
#4627 = CARTESIAN_POINT ( 'NONE',  ( -5.679736216059511733, 4.689207129279837183, -4.444999999999997620 ) ) ;
#4628 = VECTOR ( 'NONE', #4559, 1000.000000000000000 ) ;
#4629 = DIRECTION ( 'NONE',  ( 5.130477113903260708E-17, 1.665334536937735304E-16, -1.000000000000000000 ) ) ;
#4630 = VERTEX_POINT ( 'NONE', #3091 ) ;
#4631 = ORIENTED_EDGE ( 'NONE', *, *, #2141, .F. ) ;
#4632 = EDGE_CURVE ( 'NONE', #437, #1923, #5766, .T. ) ;
#4633 = PRESENTATION_LAYER_ASSIGNMENT (  '', '', ( #248 ) ) ;
#4634 = B_SPLINE_CURVE_WITH_KNOTS ( 'NONE', 3,
 ( #7314, #3856, #6706, #4498, #1492 ),
 .UNSPECIFIED., .F., .F.,
 ( 4, 1, 4 ),
 ( 0.000000000000000000, 0.3810648246831000452, 1.000000000000000000 ),
 .UNSPECIFIED. ) ;
#4635 = LINE ( 'NONE', #6937, #5915 ) ;
#4636 = DIRECTION ( 'NONE',  ( -1.000000000000000000, 3.431425595409362857E-17, -5.130477113903259476E-17 ) ) ;
#4637 = CARTESIAN_POINT ( 'NONE',  ( 3.175000000000000711, 7.112000000000000988, -12.31899999999999906 ) ) ;
#4638 = CARTESIAN_POINT ( 'NONE',  ( -6.476999999999998536, 0.5079999999999971205, -0.3809999999999976739 ) ) ;
#4639 = ORIENTED_EDGE ( 'NONE', *, *, #5727, .F. ) ;
#4640 = CARTESIAN_POINT ( 'NONE',  ( 6.223000000000001641, 5.895635414699996524, 2.159000000000002917 ) ) ;
#4641 = ORIENTED_EDGE ( 'NONE', *, *, #5590, .F. ) ;
#4642 = CARTESIAN_POINT ( 'NONE',  ( 4.016400000000001747, 1.977999999999994873, 4.953000000000002956 ) ) ;
#4643 = CARTESIAN_POINT ( 'NONE',  ( -6.477000000000026070, 6.364590498671153895, -1.904999999999997806 ) ) ;
#4644 = CARTESIAN_POINT ( 'NONE',  ( 5.140909714137246844, 5.862319994912677856, 3.175000000000001599 ) ) ;
#4645 = DIRECTION ( 'NONE',  ( -3.431425595409362857E-17, -1.000000000000000000, -0.000000000000000000 ) ) ;
#4646 = VERTEX_POINT ( 'NONE', #274 ) ;
#4647 = CARTESIAN_POINT ( 'NONE',  ( -4.919058026673998718, 4.607104051550197532, -0.3809999999999976739 ) ) ;
#4648 = ORIENTED_EDGE ( 'NONE', *, *, #1489, .F. ) ;
#4649 = EDGE_CURVE ( 'NONE', #6342, #7278, #5719, .T. ) ;
#4650 = LINE ( 'NONE', #1275, #4834 ) ;
#4651 = LINE ( 'NONE', #60, #1214 ) ;
#4652 = MECHANICAL_DESIGN_GEOMETRIC_PRESENTATION_REPRESENTATION (  '', ( #3544 ), #7315 ) ;
#4653 = DIRECTION ( 'NONE',  ( 5.130477113903260708E-17, 1.665334536937735304E-16, -1.000000000000000000 ) ) ;
#4654 = CARTESIAN_POINT ( 'NONE',  ( -6.222999999999998089, 5.895635414699997412, 2.159000000000002917 ) ) ;
#4655 = CARTESIAN_POINT ( 'NONE',  ( -5.029696186833999327, 5.943853916012996841, 2.159000000000002917 ) ) ;
#4656 = LINE ( 'NONE', #3422, #4082 ) ;
#4657 = ORIENTED_EDGE ( 'NONE', *, *, #4370, .T. ) ;
#4658 = DIRECTION ( 'NONE',  ( 0.000000000000000000, 1.000000000000000000, 0.000000000000000000 ) ) ;
#4659 = CARTESIAN_POINT ( 'NONE',  ( -1.397000000000000686, 3.556000000000001826, -12.31899999999995998 ) ) ;
#4660 = DIRECTION ( 'NONE',  ( -0.000000000000000000, -0.000000000000000000, 1.000000000000000000 ) ) ;
#4661 = EDGE_CURVE ( 'NONE', #4391, #4440, #4872, .T. ) ;
#4662 =( LENGTH_UNIT ( ) NAMED_UNIT ( * ) SI_UNIT ( .MILLI., .METRE. ) );
#4663 = FACE_OUTER_BOUND ( 'NONE', #7085, .T. ) ;
#4664 = CARTESIAN_POINT ( 'NONE',  ( -2.158999999999999364, 2.501900000000000457, -6.121399999999997732 ) ) ;
#4665 = ORIENTED_EDGE ( 'NONE', *, *, #2210, .T. ) ;
#4666 = ORIENTED_EDGE ( 'NONE', *, *, #1101, .T. ) ;
#4667 = ORIENTED_EDGE ( 'NONE', *, *, #6728, .F. ) ;
#4668 = CARTESIAN_POINT ( 'NONE',  ( 6.223000000000001641, 4.792684585299997302, 0.6350000000000027844 ) ) ;
#4669 = CARTESIAN_POINT ( 'NONE',  ( -6.222999999999998977, -3.469446951953614189E-15, 3.683000000000002050 ) ) ;
#4670 = LINE ( 'NONE', #6978, #3723 ) ;
#4671 = EDGE_CURVE ( 'NONE', #1798, #6022, #3884, .T. ) ;
#4672 = DIRECTION ( 'NONE',  ( 0.5625939497761849317, -0.8267333594788778273, 2.886375383747156989E-17 ) ) ;
#4673 = ORIENTED_EDGE ( 'NONE', *, *, #5941, .F. ) ;
#4674 = CARTESIAN_POINT ( 'NONE',  ( 6.223000000000001641, 6.022838767099996105, 2.159000000000002917 ) ) ;
#4675 = ORIENTED_EDGE ( 'NONE', *, *, #917, .T. ) ;
#4676 = DIRECTION ( 'NONE',  ( 0.000000000000000000, -1.000000000000000000, -0.000000000000000000 ) ) ;
#4677 = DIRECTION ( 'NONE',  ( 6.054179465614431083E-17, 0.7071067811865475727, -0.7071067811865474617 ) ) ;
#4678 = CARTESIAN_POINT ( 'NONE',  ( -5.140909714137219311, 5.862319994912644994, -4.444999999999997620 ) ) ;
#4679 = ORIENTED_EDGE ( 'NONE', *, *, #1195, .T. ) ;
#4680 = CARTESIAN_POINT ( 'NONE',  ( -4.980928442999998929, 4.216240551499996769, 3.175000000000002487 ) ) ;
#4681 = EDGE_LOOP ( 'NONE', ( #1029, #1392, #7178, #4666 ) ) ;
#4682 = VERTEX_POINT ( 'NONE', #3279 ) ;
#4683 = CARTESIAN_POINT ( 'NONE',  ( -4.980928442999998929, 6.472079448499997945, -2.920999999999997598 ) ) ;
#4684 = VECTOR ( 'NONE', #7126, 1000.000000000000000 ) ;
#4685 = B_SPLINE_CURVE_WITH_KNOTS ( 'NONE', 3,
 ( #6353, #688, #1827, #580, #5336 ),
 .UNSPECIFIED., .F., .F.,
 ( 4, 1, 4 ),
 ( 0.000000000000000000, 0.6189351753168998993, 1.000000000000000000 ),
 .UNSPECIFIED. ) ;
#4686 = LINE ( 'NONE', #5219, #3360 ) ;
#4687 = DIRECTION ( 'NONE',  ( 3.431425595409362857E-17, 1.000000000000000000, 0.000000000000000000 ) ) ;
#4688 = EDGE_CURVE ( 'NONE', #5356, #7021, #5672, .T. ) ;
#4689 = CYLINDRICAL_SURFACE ( 'NONE', #573, 1.016000000000000458 ) ;
#4690 = CARTESIAN_POINT ( 'NONE',  ( -4.980928442999999817, 6.472079448499996168, 4.699000000000003396 ) ) ;
#4691 = ORIENTED_EDGE ( 'NONE', *, *, #4100, .F. ) ;
#4692 = MECHANICAL_DESIGN_GEOMETRIC_PRESENTATION_REPRESENTATION (  '', ( #425 ), #1644 ) ;
#4693 = CARTESIAN_POINT ( 'NONE',  ( 6.223000000000213916, 6.022838767099995216, 2.159000000000003361 ) ) ;
#4694 = CARTESIAN_POINT ( 'NONE',  ( 6.223000000000001641, 4.792684585299997302, 0.6350000000000027844 ) ) ;
#4695 = EDGE_CURVE ( 'NONE', #5594, #2965, #5107, .T. ) ;
#4696 = EDGE_CURVE ( 'NONE', #4930, #5846, #457, .T. ) ;
#4697 = VECTOR ( 'NONE', #3724, 1000.000000000000000 ) ;
#4698 = PLANE ( 'NONE',  #4903 ) ;
#4699 = CARTESIAN_POINT ( 'NONE',  ( 6.223000000000001641, 4.232135350799996587, -0.3809999999999976739 ) ) ;
#4700 = EDGE_CURVE ( 'NONE', #2589, #1468, #5075, .T. ) ;
#4701 = VECTOR ( 'NONE', #6213, 1000.000000000000000 ) ;
#4702 = CARTESIAN_POINT ( 'NONE',  ( 4.980928443000002481, 6.472079448499997056, -0.3809999999999976739 ) ) ;
#4703 = VERTEX_POINT ( 'NONE', #2668 ) ;
#4704 = VECTOR ( 'NONE', #5883, 1000.000000000000000 ) ;
#4705 = ORIENTED_EDGE ( 'NONE', *, *, #5391, .F. ) ;
#4706 = AXIS2_PLACEMENT_3D ( 'NONE', #1590, #5731, #3331 ) ;
#4707 = ORIENTED_EDGE ( 'NONE', *, *, #1897, .F. ) ;
#4708 = ORIENTED_EDGE ( 'NONE', *, *, #1545, .F. ) ;
#4709 = CLOSED_SHELL ( 'NONE', ( #3038, #7318, #5244, #7056, #6940, #559, #6108, #3442, #3251, #2619, #797, #727, #315, #4529, #4234, #6633, #7156, #3133, #2648, #5616 ) ) ;
#4710 = CARTESIAN_POINT ( 'NONE',  ( -6.222999999999997200, -2.794000000000000483, -0.8889999999999974589 ) ) ;
#4711 = VECTOR ( 'NONE', #6711, 1000.000000000000000 ) ;
#4712 = CARTESIAN_POINT ( 'NONE',  ( -5.507748377663705952, 4.826000002803728428, 3.175000000000002487 ) ) ;
#4713 = CARTESIAN_POINT ( 'NONE',  ( -4.980928442999998929, 6.472079448499997056, -0.3809999999999976739 ) ) ;
#4714 = AXIS2_PLACEMENT_3D ( 'NONE', #2478, #7121, #1948 ) ;
#4715 = ORIENTED_EDGE ( 'NONE', *, *, #6646, .F. ) ;
#4716 = VECTOR ( 'NONE', #2498, 1000.000000000000000 ) ;
#4717 = CARTESIAN_POINT ( 'NONE',  ( -4.808421040999999008, 4.469740654099997990, -1.904999999999997806 ) ) ;
#4718 = ORIENTED_EDGE ( 'NONE', *, *, #2080, .F. ) ;
#4719 = ADVANCED_FACE ( 'NONE', ( #2775 ), #2089, .T. ) ;
#4720 = CARTESIAN_POINT ( 'NONE',  ( -4.980928442999961625, 6.472079448499694188, -1.904999999999997806 ) ) ;
#4721 = CARTESIAN_POINT ( 'NONE',  ( -5.507748381188998898, 5.862319999999996867, -0.3809999999999976739 ) ) ;
#4722 = CARTESIAN_POINT ( 'NONE',  ( -5.679736218422998917, 4.689207125507998342, -2.920999999999997598 ) ) ;
#4723 = VERTEX_POINT ( 'NONE', #1022 ) ;
#4724 = DIRECTION ( 'NONE',  ( 5.130477113903260708E-17, 1.665334536937735304E-16, -1.000000000000000000 ) ) ;
#4725 = VERTEX_POINT ( 'NONE', #5558 ) ;
#4726 = ORIENTED_EDGE ( 'NONE', *, *, #2374, .T. ) ;
#4727 = DIRECTION ( 'NONE',  ( 6.054179465614431083E-17, 0.7071067811865475727, -0.7071067811865474617 ) ) ;
#4728 = B_SPLINE_CURVE_WITH_KNOTS ( 'NONE', 3,
 ( #7270, #4527, #2699, #3343, #2771, #879 ),
 .UNSPECIFIED., .F., .F.,
 ( 4, 1, 1, 4 ),
 ( 0.000000000000000000, 0.2624677914213000007, 0.5985043770962999998, 1.000000000000000000 ),
 .UNSPECIFIED. ) ;
#4729 = DIRECTION ( 'NONE',  ( 1.371699786071155937E-16, 1.000000000000000000, 5.276989311053102048E-33 ) ) ;
#4730 = DIRECTION ( 'NONE',  ( -3.431425595409226039E-17, -1.000000000000000000, -2.665968374394000077E-14 ) ) ;
#4731 = CARTESIAN_POINT ( 'NONE',  ( 3.962400000000000588, 4.825999999999996959, 4.724400000000002819 ) ) ;
#4732 = SURFACE_STYLE_USAGE ( .BOTH. , #7191 ) ;
#4733 = ORIENTED_EDGE ( 'NONE', *, *, #5973, .T. ) ;
#4734 = DIRECTION ( 'NONE',  ( 0.000000000000000000, 0.000000000000000000, -1.000000000000000000 ) ) ;
#4735 = LINE ( 'NONE', #1337, #7255 ) ;
#4736 = EDGE_CURVE ( 'NONE', #2675, #6533, #3139, .T. ) ;
#4737 = LINE ( 'NONE', #6510, #5191 ) ;
#4738 = CARTESIAN_POINT ( 'NONE',  ( -5.679736218422998917, 4.689207125507997453, -0.3809999999999976739 ) ) ;
#4739 = EDGE_LOOP ( 'NONE', ( #2956, #4648, #6594, #3763 ) ) ;
#4740 = VECTOR ( 'NONE', #1623, 1000.000000000000000 ) ;
#4741 = ORIENTED_EDGE ( 'NONE', *, *, #509, .F. ) ;
#4742 = ORIENTED_EDGE ( 'NONE', *, *, #216, .F. ) ;
#4743 = ORIENTED_EDGE ( 'NONE', *, *, #5489, .T. ) ;
#4744 = ADVANCED_FACE ( 'NONE', ( #2738 ), #3811, .T. ) ;
#4745 = CARTESIAN_POINT ( 'NONE',  ( -6.223000000000173948, 6.022838767100056501, -2.920999999999997598 ) ) ;
#4746 =( GEOMETRIC_REPRESENTATION_CONTEXT ( 3 ) GLOBAL_UNCERTAINTY_ASSIGNED_CONTEXT ( ( #884 ) ) GLOBAL_UNIT_ASSIGNED_CONTEXT ( ( #3252, #1260, #75 ) ) REPRESENTATION_CONTEXT ( 'NONE', 'WORKASPACE' ) );
#4747 = SURFACE_STYLE_FILL_AREA ( #4205 ) ;
#4748 = LINE ( 'NONE', #3672, #7133 ) ;
#4749 = CARTESIAN_POINT ( 'NONE',  ( 5.825466848181001467, 6.796669658390997348, -4.444999999999998508 ) ) ;
#4750 = ORIENTED_EDGE ( 'NONE', *, *, #6363, .T. ) ;
#4751 = ORIENTED_EDGE ( 'NONE', *, *, #2095, .F. ) ;
#4752 = CARTESIAN_POINT ( 'NONE',  ( -5.029696186833999327, 4.744466083986996985, -1.904999999999997806 ) ) ;
#4753 = ORIENTED_EDGE ( 'NONE', *, *, #450, .T. ) ;
#4754 = LINE ( 'NONE', #828, #6265 ) ;
#4755 = CARTESIAN_POINT ( 'NONE',  ( -3.962399999999997924, 1.777999999999996694, -4.470399999999997931 ) ) ;
#4756 = EDGE_CURVE ( 'NONE', #5556, #4960, #2128, .T. ) ;
#4757 = DIRECTION ( 'NONE',  ( -3.431425595409362857E-17, -1.000000000000000000, -0.000000000000000000 ) ) ;
#4758 = ORIENTED_EDGE ( 'NONE', *, *, #539, .T. ) ;
#4759 = CARTESIAN_POINT ( 'NONE',  ( -5.140909707197997669, 4.825999999999997847, -4.444999999999997620 ) ) ;
#4760 = ORIENTED_EDGE ( 'NONE', *, *, #5026, .T. ) ;
#4761 = DIRECTION ( 'NONE',  ( 5.130477113903260708E-17, 1.665334536937735304E-16, -1.000000000000000000 ) ) ;
#4762 = CARTESIAN_POINT ( 'NONE',  ( 7.772400000000001086, -2.602085213965210642E-15, 1.651000000000002244 ) ) ;
#4763 =( LENGTH_UNIT ( ) NAMED_UNIT ( * ) SI_UNIT ( .MILLI., .METRE. ) );
#4764 = LINE ( 'NONE', #229, #2017 ) ;
#4765 = FACE_OUTER_BOUND ( 'NONE', #6216, .T. ) ;
#4766 = ORIENTED_EDGE ( 'NONE', *, *, #6905, .T. ) ;
#4767 = LINE ( 'NONE', #5488, #6369 ) ;
#4768 = ADVANCED_FACE ( 'NONE', ( #6806 ), #4455, .F. ) ;
#4769 = CARTESIAN_POINT ( 'NONE',  ( -4.216399999999999260, 4.825999999999997847, 4.470400000000004148 ) ) ;
#4770 = DIRECTION ( 'NONE',  ( 0.5625939497761849317, -0.8267333594788778273, 2.886375383747156989E-17 ) ) ;
#4771 = DIRECTION ( 'NONE',  ( 5.130477113903260708E-17, 1.665334536937735304E-16, -1.000000000000000000 ) ) ;
#4772 = AXIS2_PLACEMENT_3D ( 'NONE', #2846, #7535, #1604 ) ;
#4773 = CARTESIAN_POINT ( 'NONE',  ( 6.223000000000001641, 5.895635414699997412, -0.3809999999999976739 ) ) ;
#4774 = ORIENTED_EDGE ( 'NONE', *, *, #2727, .F. ) ;
#4775 = ORIENTED_EDGE ( 'NONE', *, *, #7198, .F. ) ;
#4776 = ORIENTED_EDGE ( 'NONE', *, *, #3894, .F. ) ;
#4777 = VERTEX_POINT ( 'NONE', #1564 ) ;
#4778 = FACE_OUTER_BOUND ( 'NONE', #5431, .T. ) ;
#4779 = CARTESIAN_POINT ( 'NONE',  ( 5.507748377663717498, 4.826000002803737310, 0.6350000000000035616 ) ) ;
#4780 = SHAPE_DEFINITION_REPRESENTATION ( #7344, #5366 ) ;
#4781 = CARTESIAN_POINT ( 'NONE',  ( 4.980928443000002481, 6.472079448499997056, 0.6350000000000027844 ) ) ;
#4782 = EDGE_CURVE ( 'NONE', #705, #1379, #4999, .T. ) ;
#4783 = CARTESIAN_POINT ( 'NONE',  ( 5.140909707198001222, 5.862319999999996867, -2.920999999999997154 ) ) ;
#4784 = ORIENTED_EDGE ( 'NONE', *, *, #2553, .T. ) ;
#4785 = CARTESIAN_POINT ( 'NONE',  ( -5.825466848180998802, 6.796669658390996460, 4.699000000000004285 ) ) ;
#4786 = EDGE_LOOP ( 'NONE', ( #1200, #4641, #6404, #4148 ) ) ;
#4787 = CARTESIAN_POINT ( 'NONE',  ( -3.962399999999997924, 8.889999999999998792, -4.524399999999998201 ) ) ;
#4788 = B_SPLINE_SURFACE_WITH_KNOTS ( 'NONE', 3, 1, ( 
 ( #6287, #5009 ),
 ( #393, #3898 ),
 ( #3258, #4507 ),
 ( #5046, #4544 ) ),
 .UNSPECIFIED., .F., .F., .F.,
 ( 4, 4 ),
 ( 2, 2 ),
 ( 0.7764366983754020790, 0.9920866337337073126 ),
 ( 0.000000000000000000, 1.000000000000000000 ),
 .UNSPECIFIED. ) ;
#4789 = CARTESIAN_POINT ( 'NONE',  ( 5.724327148806001908, 4.081300973171996915, -1.904999999999996918 ) ) ;
#4790 = ADVANCED_FACE ( 'NONE', ( #1065 ), #3347, .F. ) ;
#4791 = CARTESIAN_POINT ( 'NONE',  ( 4.980928443000002481, 4.216240551499586431, 0.6350000000000032285 ) ) ;
#4792 = EDGE_CURVE ( 'NONE', #6825, #4110, #6936, .T. ) ;
#4793 = CARTESIAN_POINT ( 'NONE',  ( -5.371941468077998216, 5.947322718753698112, -2.920999999999997598 ) ) ;
#4794 = VERTEX_POINT ( 'NONE', #6272 ) ;
#4795 = DIRECTION ( 'NONE',  ( 5.130477113903260708E-17, 1.665334536937735304E-16, -1.000000000000000000 ) ) ;
#4796 = ORIENTED_EDGE ( 'NONE', *, *, #543, .F. ) ;
#4797 = CARTESIAN_POINT ( 'NONE',  ( 6.223000000000000753, -3.469446951953614189E-15, 4.191000000000001613 ) ) ;
#4798 = CARTESIAN_POINT ( 'NONE',  ( 6.477000000000479929, 6.002332419999979685, -1.904999999999998250 ) ) ;
#4799 = ADVANCED_FACE ( 'NONE', ( #5141 ), #2052, .T. ) ;
#4800 = DIRECTION ( 'NONE',  ( -3.431425595409362241E-17, -1.000000000000000000, -1.665334536937735304E-16 ) ) ;
#4801 = SURFACE_SIDE_STYLE ('',( #7037 ) ) ;
#4802 = ORIENTED_EDGE ( 'NONE', *, *, #191, .F. ) ;
#4803 = PLANE ( 'NONE',  #3222 ) ;
#4804 = ADVANCED_FACE ( 'NONE', ( #2280 ), #7533, .T. ) ;
#4805 = FACE_OUTER_BOUND ( 'NONE', #1190, .T. ) ;
#4806 = EDGE_CURVE ( 'NONE', #2874, #1583, #6385, .T. ) ;
#4807 = DIRECTION ( 'NONE',  ( 0.000000000000000000, -1.000000000000000000, 0.000000000000000000 ) ) ;
#4808 = CARTESIAN_POINT ( 'NONE',  ( -6.222999999999998089, 4.792684585299998190, -2.920999999999997598 ) ) ;
#4809 = AXIS2_PLACEMENT_3D ( 'NONE', #6827, #6293, #1620 ) ;
#4810 = CARTESIAN_POINT ( 'NONE',  ( 5.507748381189002451, 4.825999999999996959, -0.3809999999999976739 ) ) ;
#4811 = ORIENTED_EDGE ( 'NONE', *, *, #3675, .F. ) ;
#4812 = CARTESIAN_POINT ( 'NONE',  ( -3.174999999999998934, 3.556000000000001826, -8.524399999720948529 ) ) ;
#4813 = ORIENTED_EDGE ( 'NONE', *, *, #880, .F. ) ;
#4814 = VERTEX_POINT ( 'NONE', #2966 ) ;
#4815 = EDGE_CURVE ( 'NONE', #2181, #6647, #5254, .T. ) ;
#4816 = CARTESIAN_POINT ( 'NONE',  ( -4.980928442999998929, 6.472079448499997945, -1.904999999999997806 ) ) ;
#4817 = VECTOR ( 'NONE', #2093, 1000.000000000000000 ) ;
#4818 = CARTESIAN_POINT ( 'NONE',  ( 4.919058026674001383, 4.607104051550196644, 4.699000000000003396 ) ) ;
#4819 = VECTOR ( 'NONE', #3673, 1000.000000000000000 ) ;
#4820 = LINE ( 'NONE', #124, #5922 ) ;
#4821 = VECTOR ( 'NONE', #5758, 1000.000000000000000 ) ;
#4822 = CARTESIAN_POINT ( 'NONE',  ( 5.140909707198141554, 4.825999999999997847, 3.175000000000003375 ) ) ;
#4823 = AXIS2_PLACEMENT_3D ( 'NONE', #6222, #2187, #7474 ) ;
#4824 = VERTEX_POINT ( 'NONE', #4683 ) ;
#4825 = ORIENTED_EDGE ( 'NONE', *, *, #3680, .T. ) ;
#4826 = CARTESIAN_POINT ( 'NONE',  ( -6.222999999999998089, -2.717800000000001770, -3.936999999999997613 ) ) ;
#4827 = VERTEX_POINT ( 'NONE', #5820 ) ;
#4828 = VECTOR ( 'NONE', #414, 1000.000000000000000 ) ;
#4829 = AXIS2_PLACEMENT_3D ( 'NONE', #2081, #4412, #948 ) ;
#4830 = PLANE ( 'NONE',  #4098 ) ;
#4831 = ADVANCED_FACE ( 'NONE', ( #675 ), #1571, .F. ) ;
#4832 = DIRECTION ( 'NONE',  ( -1.000000000000000000, 3.431425595409362857E-17, -5.130477113903259476E-17 ) ) ;
#4833 = DIRECTION ( 'NONE',  ( 0.000000000000000000, 1.000000000000000000, 0.000000000000000000 ) ) ;
#4834 = VECTOR ( 'NONE', #3919, 1000.000000000000000 ) ;
#4835 = CONICAL_SURFACE ( 'NONE', #5550, 1.162049999999999583, 0.1533323883983008507 ) ;
#4836 = CARTESIAN_POINT ( 'NONE',  ( -6.222999999999998089, 4.792684585299998190, -2.920999999999997598 ) ) ;
#4837 = ORIENTED_EDGE ( 'NONE', *, *, #5843, .F. ) ;
#4838 = CARTESIAN_POINT ( 'NONE',  ( -5.679736218183029983, 5.999112874108567084, -1.904999999999996918 ) ) ;
#4839 = VERTEX_POINT ( 'NONE', #527 ) ;
#4840 = EDGE_CURVE ( 'NONE', #6304, #868, #1099, .T. ) ;
#4841 = EDGE_CURVE ( 'NONE', #3862, #6075, #4651, .T. ) ;
#4842 = CARTESIAN_POINT ( 'NONE',  ( -2.158999999999999364, 3.556000000000001826, -12.57299999999996132 ) ) ;
#4843 = EDGE_CURVE ( 'NONE', #7405, #4553, #4877, .T. ) ;
#4844 = FACE_OUTER_BOUND ( 'NONE', #6643, .T. ) ;
#4845 = DIRECTION ( 'NONE',  ( -1.000000000000000000, 3.431425595409362857E-17, -5.130477113903259476E-17 ) ) ;
#4846 = CARTESIAN_POINT ( 'NONE',  ( 5.029696186834001992, 4.744466083986996985, 0.6350000000000027844 ) ) ;
#4847 = ORIENTED_EDGE ( 'NONE', *, *, #4934, .T. ) ;
#4848 = CARTESIAN_POINT ( 'NONE',  ( -6.476999999999999424, -2.717800000000003546, 4.699000000000003396 ) ) ;
#4849 = LINE ( 'NONE', #1826, #5187 ) ;
#4850 = CARTESIAN_POINT ( 'NONE',  ( 4.980928443000002481, 4.216240551499995881, 2.159000000000002917 ) ) ;
#4851 = UNCERTAINTY_MEASURE_WITH_UNIT (LENGTH_MEASURE( 1.000000000000000082E-05 ), #5916, 'distance_accuracy_value', 'NONE');
#4852 = CARTESIAN_POINT ( 'NONE',  ( 4.808421040999547813, 4.469740654100035293, -0.3809999999999976739 ) ) ;
#4853 = VECTOR ( 'NONE', #5119, 1000.000000000000000 ) ;
#4854 = PLANE ( 'NONE',  #566 ) ;
#4855 = EDGE_CURVE ( 'NONE', #1552, #1878, #5176, .T. ) ;
#4856 = FACE_OUTER_BOUND ( 'NONE', #6413, .T. ) ;
#4857 = ORIENTED_EDGE ( 'NONE', *, *, #6354, .F. ) ;
#4858 = LINE ( 'NONE', #6632, #6015 ) ;
#4859 = ORIENTED_EDGE ( 'NONE', *, *, #4563, .T. ) ;
#4860 = ORIENTED_EDGE ( 'NONE', *, *, #7358, .F. ) ;
#4861 = CARTESIAN_POINT ( 'NONE',  ( 3.962400000000000588, 8.689999999999995950, 4.524400000000002642 ) ) ;
#4862 = ORIENTED_EDGE ( 'NONE', *, *, #6078, .F. ) ;
#4863 = CARTESIAN_POINT ( 'NONE',  ( 5.507748381189002451, 4.825999999999997847, 2.159000000000003361 ) ) ;
#4864 =( NAMED_UNIT ( * ) SI_UNIT ( $, .STERADIAN. ) SOLID_ANGLE_UNIT ( ) );
#4865 = LINE ( 'NONE', #3068, #2645 ) ;
#4866 = VECTOR ( 'NONE', #2112, 1000.000000000000000 ) ;
#4867 = CARTESIAN_POINT ( 'NONE',  ( -4.980928442999951855, 4.216240551499585543, -2.920999999999997598 ) ) ;
#4868 = ORIENTED_EDGE ( 'NONE', *, *, #1980, .F. ) ;
#4869 = ORIENTED_EDGE ( 'NONE', *, *, #5657, .T. ) ;
#4870 = EDGE_CURVE ( 'NONE', #3692, #1787, #2355, .T. ) ;
#4871 = ORIENTED_EDGE ( 'NONE', *, *, #5512, .T. ) ;
#4872 = B_SPLINE_CURVE_WITH_KNOTS ( 'NONE', 3,
 ( #2705, #2165, #6700, #954 ),
 .UNSPECIFIED., .F., .F.,
 ( 4, 4 ),
 ( 0.000000000000000000, 1.000000000000000000 ),
 .UNSPECIFIED. ) ;
#4873 = CARTESIAN_POINT ( 'NONE',  ( -3.962399999999997924, 5.862319999999997755, -4.470399999999997931 ) ) ;
#4874 = AXIS2_PLACEMENT_3D ( 'NONE', #2099, #1642, #5683 ) ;
#4875 = CARTESIAN_POINT ( 'NONE',  ( -6.476999999999999424, 6.364590498671996777, 4.699000000000003396 ) ) ;
#4876 = CARTESIAN_POINT ( 'NONE',  ( -6.222999999999998977, 5.895635414699996524, 4.699000000000003396 ) ) ;
#4877 = CIRCLE ( 'NONE', #4499, 0.2000000000000000944 ) ;
#4878 = CARTESIAN_POINT ( 'NONE',  ( -6.222999999999998089, 4.665481232899997721, -2.920999999999997598 ) ) ;
#4879 = ORIENTED_EDGE ( 'NONE', *, *, #2609, .T. ) ;
#4880 = CARTESIAN_POINT ( 'NONE',  ( 5.507748377663704176, 4.826000002803718658, -4.444999999999997620 ) ) ;
#4881 = ORIENTED_EDGE ( 'NONE', *, *, #3850, .F. ) ;
#4882 = DIRECTION ( 'NONE',  ( 1.000000000000000000, -3.431425595409362857E-17, 5.130477113903259476E-17 ) ) ;
#4883 = CIRCLE ( 'NONE', #6203, 1.270000000000000240 ) ;
#4884 = DIRECTION ( 'NONE',  ( -1.000000000000000000, 0.000000000000000000, 0.000000000000000000 ) ) ;
#4885 = CARTESIAN_POINT ( 'NONE',  ( 6.223000000000231680, 4.665481232899942654, 4.699000000000003396 ) ) ;
#4886 = DIRECTION ( 'NONE',  ( 5.130477113903260708E-17, 1.665334536937735304E-16, -1.000000000000000000 ) ) ;
#4887 = EDGE_CURVE ( 'NONE', #6359, #965, #6799, .T. ) ;
#4888 = ORIENTED_EDGE ( 'NONE', *, *, #936, .F. ) ;
#4889 = CARTESIAN_POINT ( 'NONE',  ( -5.507748380830430612, 5.862319999714975083, 0.6350000000000032285 ) ) ;
#4890 = CARTESIAN_POINT ( 'NONE',  ( -6.222999999999997200, -2.794000000000002260, 1.651000000000002244 ) ) ;
#4891 = LINE ( 'NONE', #767, #1092 ) ;
#4892 = EDGE_CURVE ( 'NONE', #1834, #1851, #4149, .T. ) ;
#4893 = CARTESIAN_POINT ( 'NONE',  ( 6.223000000000001641, 4.792684585299996414, 3.175000000000002487 ) ) ;
#4894 = CARTESIAN_POINT ( 'NONE',  ( 7.772400000000001086, -2.717800000000003546, 1.143000000000002458 ) ) ;
#4895 = CARTESIAN_POINT ( 'NONE',  ( 6.223000000000001641, 0.5079999999999971205, 0.6350000000000027844 ) ) ;
#4896 = VERTEX_POINT ( 'NONE', #6424 ) ;
#4897 = DIRECTION ( 'NONE',  ( 5.130477113903260092E-17, 1.665334536937735304E-16, -1.000000000000000000 ) ) ;
#4898 = ORIENTED_EDGE ( 'NONE', *, *, #1940, .F. ) ;
#4899 = ORIENTED_EDGE ( 'NONE', *, *, #517, .F. ) ;
#4900 = LINE ( 'NONE', #776, #6919 ) ;
#4901 = PRODUCT_DEFINITION ( 'UNKNOWN', '', #5134, #1946 ) ;
#4902 = CARTESIAN_POINT ( 'NONE',  ( 4.980928443000002481, 6.472079448499997056, -1.904999999999996918 ) ) ;
#4903 = AXIS2_PLACEMENT_3D ( 'NONE', #112, #4807, #1792 ) ;
#4904 = DIRECTION ( 'NONE',  ( -1.201410850312335721E-17, 0.7071067811865474617, 0.7071067811865475727 ) ) ;
#4905 = CARTESIAN_POINT ( 'NONE',  ( 5.029696186834001992, 4.744466083986996097, 3.175000000000002487 ) ) ;
#4906 = ORIENTED_EDGE ( 'NONE', *, *, #2362, .F. ) ;
#4907 = ORIENTED_EDGE ( 'NONE', *, *, #6257, .F. ) ;
#4908 = DIRECTION ( 'NONE',  ( 0.000000000000000000, 0.000000000000000000, -1.000000000000000000 ) ) ;
#4909 = CARTESIAN_POINT ( 'NONE',  ( -5.085678860471999130, 6.287389423200496097, 4.699000000000003396 ) ) ;
#4910 = LINE ( 'NONE', #5968, #1782 ) ;
#4911 = EDGE_CURVE ( 'NONE', #3026, #3472, #7032, .T. ) ;
#4912 = DIRECTION ( 'NONE',  ( 1.224646799147353207E-16, 1.000000000000000000, 0.000000000000000000 ) ) ;
#4913 = CARTESIAN_POINT ( 'NONE',  ( 5.371700992471001079, 4.741020151570096708, -0.3809999999999980069 ) ) ;
#4914 = ORIENTED_EDGE ( 'NONE', *, *, #94, .F. ) ;
#4915 = DIRECTION ( 'NONE',  ( 5.130477113903260708E-17, 1.665334536937735304E-16, -1.000000000000000000 ) ) ;
#4916 = ORIENTED_EDGE ( 'NONE', *, *, #1862, .T. ) ;
#4917 = ADVANCED_FACE ( 'NONE', ( #6957 ), #2394, .T. ) ;
#4918 = DIRECTION ( 'NONE',  ( -3.431425595409362857E-17, -1.000000000000000000, -0.000000000000000000 ) ) ;
#4919 = DIRECTION ( 'NONE',  ( 0.000000000000000000, 1.000000000000000000, 0.000000000000000000 ) ) ;
#4920 = CARTESIAN_POINT ( 'NONE',  ( 4.808421041000002560, 4.469740654099997101, -0.3809999999999976739 ) ) ;
#4921 = ORIENTED_EDGE ( 'NONE', *, *, #773, .F. ) ;
#4922 = LINE ( 'NONE', #232, #5050 ) ;
#4923 = ORIENTED_EDGE ( 'NONE', *, *, #65, .T. ) ;
#4924 = PLANE ( 'NONE',  #3244 ) ;
#4925 = CARTESIAN_POINT ( 'NONE',  ( 4.980928443000002481, 4.216240551499997657, -4.444999999999997620 ) ) ;
#4926 = EDGE_CURVE ( 'NONE', #4166, #7057, #4268, .T. ) ;
#4927 = DIRECTION ( 'NONE',  ( 1.201410850312336183E-17, -0.7071067811865474617, -0.7071067811865475727 ) ) ;
#4928 = CARTESIAN_POINT ( 'NONE',  ( 5.371700992471001079, 4.741020151570096708, -0.3809999999999976739 ) ) ;
#4929 = DIRECTION ( 'NONE',  ( 5.130477113903260708E-17, 1.665334536937735304E-16, -1.000000000000000000 ) ) ;
#4930 = VERTEX_POINT ( 'NONE', #4032 ) ;
#4931 = DIRECTION ( 'NONE',  ( -1.000000000000000000, 3.431425595409362857E-17, -5.130477113903259476E-17 ) ) ;
#4932 = EDGE_CURVE ( 'NONE', #7051, #5121, #1307, .T. ) ;
#4933 = CARTESIAN_POINT ( 'NONE',  ( 4.808421041000002560, 6.218579345899996724, -2.920999999999997154 ) ) ;
#4934 = EDGE_CURVE ( 'NONE', #7029, #3676, #7452, .T. ) ;
#4935 = CARTESIAN_POINT ( 'NONE',  ( 4.980928443000002481, 4.216240551499995881, 2.159000000000002917 ) ) ;
#4936 = DIRECTION ( 'NONE',  ( 3.431425595409362857E-17, 1.000000000000000000, 0.000000000000000000 ) ) ;
#4937 = EDGE_CURVE ( 'NONE', #6717, #5341, #4883, .T. ) ;
#4938 = AXIS2_PLACEMENT_3D ( 'NONE', #3054, #2014, #1410 ) ;
#4939 = FACE_OUTER_BOUND ( 'NONE', #5581, .T. ) ;
#4940 = CARTESIAN_POINT ( 'NONE',  ( -5.507748381188366515, 5.862319999999709097, -2.920999999999997598 ) ) ;
#4941 = VERTEX_POINT ( 'NONE', #4797 ) ;
#4942 = PRESENTATION_LAYER_ASSIGNMENT (  '', '', ( #425 ) ) ;
#4943 = VERTEX_POINT ( 'NONE', #101 ) ;
#4944 = APPLICATION_CONTEXT ( 'automotive_design' ) ;
#4945 = DIRECTION ( 'NONE',  ( 1.000000000000000000, 0.000000000000000000, 0.000000000000000000 ) ) ;
#4946 = CARTESIAN_POINT ( 'NONE',  ( 4.808421040999975915, 6.218579345899994060, -0.3809999999999981179 ) ) ;
#4947 = VECTOR ( 'NONE', #2110, 1000.000000000000000 ) ;
#4948 = AXIS2_PLACEMENT_3D ( 'NONE', #459, #5111, #6844 ) ;
#4949 = PLANE ( 'NONE',  #6261 ) ;
#4950 = EDGE_CURVE ( 'NONE', #4432, #423, #264, .T. ) ;
#4951 = EDGE_LOOP ( 'NONE', ( #3902, #3650, #1227, #6331 ) ) ;
#4952 = VECTOR ( 'NONE', #1616, 1000.000000000000000 ) ;
#4953 = CARTESIAN_POINT ( 'NONE',  ( -4.980928442999998929, 6.472079448499997945, -2.920999999999997598 ) ) ;
#4954 = ORIENTED_EDGE ( 'NONE', *, *, #322, .T. ) ;
#4955 = DIRECTION ( 'NONE',  ( 6.054179465614428618E-17, 0.7071067811865475727, -0.7071067811865474617 ) ) ;
#4956 = CIRCLE ( 'NONE', #2750, 0.1999999999999996503 ) ;
#4957 = CYLINDRICAL_SURFACE ( 'NONE', #5789, 0.2000000000000005107 ) ;
#4958 = VECTOR ( 'NONE', #4341, 1000.000000000000000 ) ;
#4959 = DIRECTION ( 'NONE',  ( -0.000000000000000000, -0.000000000000000000, 1.000000000000000000 ) ) ;
#4960 = VERTEX_POINT ( 'NONE', #1403 ) ;
#4961 = CARTESIAN_POINT ( 'NONE',  ( 6.223000000000001641, 4.825999999999997847, 4.953000000000003844 ) ) ;
#4962 = VECTOR ( 'NONE', #6534, 1000.000000000000000 ) ;
#4963 = VECTOR ( 'NONE', #5813, 999.9999999999998863 ) ;
#4964 = VERTEX_POINT ( 'NONE', #3769 ) ;
#4965 = CARTESIAN_POINT ( 'NONE',  ( -5.507748381188792841, 4.826000000000000512, 0.6350000000000023404 ) ) ;
#4966 = SURFACE_STYLE_USAGE ( .BOTH. , #1414 ) ;
#4967 = CARTESIAN_POINT ( 'NONE',  ( 2.159000000000000696, 7.112000000000000099, -6.121399999999997732 ) ) ;
#4968 = LINE ( 'NONE', #2055, #2871 ) ;
#4969 = DIRECTION ( 'NONE',  ( -3.431425595409362857E-17, -1.000000000000000000, -0.000000000000000000 ) ) ;
#4970 = VERTEX_POINT ( 'NONE', #5934 ) ;
#4971 = DIRECTION ( 'NONE',  ( -3.431425595409362857E-17, -1.000000000000000000, -0.000000000000000000 ) ) ;
#4972 = ORIENTED_EDGE ( 'NONE', *, *, #4248, .T. ) ;
#4973 = CARTESIAN_POINT ( 'NONE',  ( 5.085870582803921458, 4.401186195567422743, 4.699000000000002508 ) ) ;
#4974 = ORIENTED_EDGE ( 'NONE', *, *, #1801, .F. ) ;
#4975 = CARTESIAN_POINT ( 'NONE',  ( -6.476999999999998536, -1.734723475976807094E-15, -3.936999999999997613 ) ) ;
#4976 = DIRECTION ( 'NONE',  ( 3.431425595409362857E-17, 1.000000000000000000, 0.000000000000000000 ) ) ;
#4977 = DIRECTION ( 'NONE',  ( 1.000000000000000000, 0.000000000000000000, 0.000000000000000000 ) ) ;
#4978 = EDGE_CURVE ( 'NONE', #1610, #1467, #5445, .T. ) ;
#4979 = VERTEX_POINT ( 'NONE', #1853 ) ;
#4980 = EDGE_LOOP ( 'NONE', ( #3362, #4509, #3916, #4364, #5345, #1647, #3192, #3460 ) ) ;
#4981 = DIRECTION ( 'NONE',  ( -0.000000000000000000, -0.000000000000000000, 1.000000000000000000 ) ) ;
#4982 = CARTESIAN_POINT ( 'NONE',  ( -2.158999999999999364, 3.556000000000000050, -4.724399999999997490 ) ) ;
#4983 = CARTESIAN_POINT ( 'NONE',  ( 6.223000000000010523, 4.232135350800140472, -1.904999999999997362 ) ) ;
#4984 = ORIENTED_EDGE ( 'NONE', *, *, #6573, .F. ) ;
#4985 = DIRECTION ( 'NONE',  ( 0.000000000000000000, -0.000000000000000000, 1.000000000000000000 ) ) ;
#4986 = AXIS2_PLACEMENT_3D ( 'NONE', #6161, #3274, #377 ) ;
#4987 = ORIENTED_EDGE ( 'NONE', *, *, #6143, .T. ) ;
#4988 = B_SPLINE_SURFACE_WITH_KNOTS ( 'NONE', 3, 1, ( 
 ( #4060, #4023 ),
 ( #2347, #555 ),
 ( #2880, #1810 ),
 ( #4105, #6374 ),
 ( #6416, #3525 ),
 ( #3490, #1090 ) ),
 .UNSPECIFIED., .F., .F., .F.,
 ( 4, 1, 1, 4 ),
 ( 2, 2 ),
 ( 0.007490355435017930288, 0.4025913527100000167, 0.7332758799206000599, 0.9915633411122035668 ),
 ( 0.000000000000000000, 1.000000000000000000 ),
 .UNSPECIFIED. ) ;
#4989 = CARTESIAN_POINT ( 'NONE',  ( 4.980928443000002481, 4.216240551499997657, -4.444999999999997620 ) ) ;
#4990 = EDGE_CURVE ( 'NONE', #6076, #1347, #1031, .T. ) ;
#4991 = CARTESIAN_POINT ( 'NONE',  ( 6.223000000000001641, -2.794000000000000483, -4.952999999999997627 ) ) ;
#4992 = AXIS2_PLACEMENT_3D ( 'NONE', #4861, #6560, #1349 ) ;
#4993 = CARTESIAN_POINT ( 'NONE',  ( -4.808421040999999008, 4.469740654099997101, -0.3809999999999976739 ) ) ;
#4994 = ORIENTED_EDGE ( 'NONE', *, *, #7260, .T. ) ;
#4995 = DIRECTION ( 'NONE',  ( 3.431425595409362857E-17, 1.000000000000000000, 0.000000000000000000 ) ) ;
#4996 = ORIENTED_EDGE ( 'NONE', *, *, #3339, .F. ) ;
#4997 = DIRECTION ( 'NONE',  ( -1.000000000000000000, 0.000000000000000000, 0.000000000000000000 ) ) ;
#4998 = VECTOR ( 'NONE', #1633, 1000.000000000000114 ) ;
#4999 = LINE ( 'NONE', #7309, #5115 ) ;
#5000 = CARTESIAN_POINT ( 'NONE',  ( 5.679736218423002470, 4.689207125507996565, 3.175000000000002487 ) ) ;
#5001 = CARTESIAN_POINT ( 'NONE',  ( -5.029696186833999327, 5.943853916012997729, -4.444999999999997620 ) ) ;
#5002 = EDGE_CURVE ( 'NONE', #4827, #2913, #1285, .T. ) ;
#5003 = CARTESIAN_POINT ( 'NONE',  ( -5.507748381188998898, 5.862319999999996867, 2.159000000000002917 ) ) ;
#5004 = ORIENTED_EDGE ( 'NONE', *, *, #2901, .T. ) ;
#5005 = CARTESIAN_POINT ( 'NONE',  ( -1.397000000000000686, 3.556000000000001826, -12.57299999999995954 ) ) ;
#5006 = ORIENTED_EDGE ( 'NONE', *, *, #1008, .T. ) ;
#5007 = CARTESIAN_POINT ( 'NONE',  ( 4.980928443000001593, 4.216240551499995881, 4.699000000000003396 ) ) ;
#5008 = ORIENTED_EDGE ( 'NONE', *, *, #3166, .T. ) ;
#5009 = CARTESIAN_POINT ( 'NONE',  ( -5.140909726420273884, 4.826000014092436174, 3.175000000000002487 ) ) ;
#5010 = ORIENTED_EDGE ( 'NONE', *, *, #7429, .F. ) ;
#5011 = ORIENTED_EDGE ( 'NONE', *, *, #4168, .F. ) ;
#5012 = COLOUR_RGB ( '',0.7921568627450980005, 0.8196078431372548767, 0.9333333333333333481 ) ;
#5013 = CARTESIAN_POINT ( 'NONE',  ( 6.223000000000010523, 4.232135350800141360, -4.444999999999996732 ) ) ;
#5014 = EDGE_CURVE ( 'NONE', #4245, #5392, #1949, .T. ) ;
#5015 = FACE_OUTER_BOUND ( 'NONE', #6934, .T. ) ;
#5016 = DIRECTION ( 'NONE',  ( -1.000000000000000000, 3.431425595409362857E-17, -5.130477113903259476E-17 ) ) ;
#5017 = AXIS2_PLACEMENT_3D ( 'NONE', #259, #4912, #3535 ) ;
#5018 = DIRECTION ( 'NONE',  ( -5.130477113903260708E-17, -1.665334536937735304E-16, 1.000000000000000000 ) ) ;
#5019 = ORIENTED_EDGE ( 'NONE', *, *, #5898, .F. ) ;
#5020 = CARTESIAN_POINT ( 'NONE',  ( -4.919058028974522934, 6.081215945592886030, 0.6350000000000023404 ) ) ;
#5021 = ORIENTED_EDGE ( 'NONE', *, *, #360, .F. ) ;
#5022 = EDGE_CURVE ( 'NONE', #5234, #4960, #4339, .T. ) ;
#5023 = CARTESIAN_POINT ( 'NONE',  ( 7.772400000000001086, -2.717800000000003546, 1.143000000000002458 ) ) ;
#5024 = EDGE_CURVE ( 'NONE', #1561, #49, #6864, .T. ) ;
#5025 = FACE_OUTER_BOUND ( 'NONE', #2303, .T. ) ;
#5026 = EDGE_CURVE ( 'NONE', #6989, #1610, #2300, .T. ) ;
#5027 = CARTESIAN_POINT ( 'NONE',  ( 6.477000000000002089, -2.794000000000000483, -3.428999999999997161 ) ) ;
#5028 = VERTEX_POINT ( 'NONE', #3611 ) ;
#5029 = CARTESIAN_POINT ( 'NONE',  ( -6.109955650406998728, 4.159618444802997139, 3.175000000000002487 ) ) ;
#5030 = ORIENTED_EDGE ( 'NONE', *, *, #576, .F. ) ;
#5031 = ADVANCED_FACE ( 'NONE', ( #6053 ), #6659, .T. ) ;
#5032 = EDGE_LOOP ( 'NONE', ( #792, #5162, #6439, #1348 ) ) ;
#5033 = LINE ( 'NONE', #6059, #6876 ) ;
#5034 = CARTESIAN_POINT ( 'NONE',  ( 6.223000000000001641, 4.825999999999997847, 4.953000000000003844 ) ) ;
#5035 = ADVANCED_FACE ( 'NONE', ( #3165 ), #5481, .F. ) ;
#5036 = LINE ( 'NONE', #348, #6332 ) ;
#5037 = DIRECTION ( 'NONE',  ( 3.431425595409362857E-17, 1.000000000000000000, 0.000000000000000000 ) ) ;
#5038 = CARTESIAN_POINT ( 'NONE',  ( -2.158999999999999364, 3.556000000000001826, -12.31899999999995998 ) ) ;
#5039 = EDGE_LOOP ( 'NONE', ( #4987, #4344, #4802, #3546 ) ) ;
#5040 = EDGE_CURVE ( 'NONE', #4553, #68, #2429, .T. ) ;
#5041 = DIRECTION ( 'NONE',  ( -1.000000000000000000, 3.431425595409362857E-17, -5.130477113903259476E-17 ) ) ;
#5042 = ADVANCED_FACE ( 'NONE', ( #2009 ), #715, .T. ) ;
#5043 = VERTEX_POINT ( 'NONE', #2156 ) ;
#5044 = CARTESIAN_POINT ( 'NONE',  ( -4.216399999999998371, 8.689999999999997726, -4.470399999999997931 ) ) ;
#5045 = CARTESIAN_POINT ( 'NONE',  ( 4.980928443000002481, 6.472079448499997056, -0.3809999999999976739 ) ) ;
#5046 = CARTESIAN_POINT ( 'NONE',  ( -4.808421040999897755, 4.469740654100064603, 4.699000000000003396 ) ) ;
#5047 = EDGE_LOOP ( 'NONE', ( #4547, #430, #5283, #7146 ) ) ;
#5048 = EDGE_CURVE ( 'NONE', #1878, #1238, #5656, .T. ) ;
#5049 = EDGE_LOOP ( 'NONE', ( #5938, #4857, #4101, #897 ) ) ;
#5050 = VECTOR ( 'NONE', #6013, 1000.000000000000000 ) ;
#5051 = DIRECTION ( 'NONE',  ( 1.201410850312336183E-17, -0.7071067811865474617, -0.7071067811865475727 ) ) ;
#5052 = CARTESIAN_POINT ( 'NONE',  ( 6.223000000000000753, 6.022838767099996105, 4.699000000000003396 ) ) ;
#5053 = CARTESIAN_POINT ( 'NONE',  ( 4.980928442999965178, 6.472079448499693299, 2.159000000000002917 ) ) ;
#5054 = AXIS2_PLACEMENT_3D ( 'NONE', #115, #6513, #6554 ) ;
#5055 = CARTESIAN_POINT ( 'NONE',  ( -5.507748381188999787, 5.862319999999995979, 4.699000000000003396 ) ) ;
#5056 = VERTEX_POINT ( 'NONE', #1556 ) ;
#5057 = CARTESIAN_POINT ( 'NONE',  ( -4.808421040999999008, 6.218579345899997612, -1.904999999999997806 ) ) ;
#5058 = ORIENTED_EDGE ( 'NONE', *, *, #1021, .T. ) ;
#5059 = EDGE_CURVE ( 'NONE', #6500, #6052, #6832, .T. ) ;
#5060 = DIRECTION ( 'NONE',  ( -5.130477113903260092E-17, 1.760485048530960256E-33, 1.000000000000000000 ) ) ;
#5061 = VECTOR ( 'NONE', #754, 1000.000000000000000 ) ;
#5062 = CARTESIAN_POINT ( 'NONE',  ( -5.724327148805998355, 4.081300973171996915, -0.3809999999999983400 ) ) ;
#5063 = VECTOR ( 'NONE', #6851, 1000.000000000000000 ) ;
#5064 = CIRCLE ( 'NONE', #1040, 0.2539999999999998925 ) ;
#5065 = B_SPLINE_CURVE_WITH_KNOTS ( 'NONE', 3,
 ( #6553, #6627, #729, #5415, #7079, #6589 ),
 .UNSPECIFIED., .F., .F.,
 ( 4, 1, 1, 4 ),
 ( 0.000000000000000000, 0.2624677914213000007, 0.5985043770962999998, 1.000000000000000000 ),
 .UNSPECIFIED. ) ;
#5066 = CARTESIAN_POINT ( 'NONE',  ( 5.140909707198001222, 4.825999999999996959, -2.920999999999997154 ) ) ;
#5067 = ORIENTED_EDGE ( 'NONE', *, *, #6932, .F. ) ;
#5068 = ADVANCED_FACE ( 'NONE', ( #2192 ), #2044, .F. ) ;
#5069 = CARTESIAN_POINT ( 'NONE',  ( 6.223000000000001641, 0.5079999999999971205, 2.159000000000002917 ) ) ;
#5070 = ORIENTED_EDGE ( 'NONE', *, *, #6361, .T. ) ;
#5071 = ADVANCED_FACE ( 'NONE', ( #4482 ), #2766, .F. ) ;
#5072 = ORIENTED_EDGE ( 'NONE', *, *, #4318, .F. ) ;
#5073 = FACE_OUTER_BOUND ( 'NONE', #4382, .T. ) ;
#5074 = CLOSED_SHELL ( 'NONE', ( #5068, #1146, #2082, #298, #5035, #6731, #6613, #4261, #4457, #1313, #1847, #5822, #4277, #3903, #3135, #3683, #5936, #5797, #3420, #1890 ) ) ;
#5075 = LINE ( 'NONE', #4491, #1701 ) ;
#5076 = VECTOR ( 'NONE', #6442, 1000.000000000000000 ) ;
#5077 = CARTESIAN_POINT ( 'NONE',  ( 3.962400000000001477, 5.862319999999997755, -4.470399999999997043 ) ) ;
#5078 = VECTOR ( 'NONE', #2318, 1000.000000000000000 ) ;
#5079 = PLANE ( 'NONE',  #1886 ) ;
#5080 = ORIENTED_EDGE ( 'NONE', *, *, #5975, .F. ) ;
#5081 = VECTOR ( 'NONE', #1359, 1000.000000000000000 ) ;
#5082 = CARTESIAN_POINT ( 'NONE',  ( 3.962400000000000588, 1.977999999999996206, 4.470400000000003260 ) ) ;
#5083 = ORIENTED_EDGE ( 'NONE', *, *, #3830, .F. ) ;
#5084 = DIRECTION ( 'NONE',  ( 0.000000000000000000, 0.000000000000000000, -1.000000000000000000 ) ) ;
#5085 = EDGE_CURVE ( 'NONE', #716, #7124, #946, .T. ) ;
#5086 = DIRECTION ( 'NONE',  ( -5.130477113903260708E-17, -1.665334536937735304E-16, 1.000000000000000000 ) ) ;
#5087 = ORIENTED_EDGE ( 'NONE', *, *, #3790, .F. ) ;
#5088 = VERTEX_POINT ( 'NONE', #4441 ) ;
#5089 = CARTESIAN_POINT ( 'NONE',  ( 4.016400000000000858, 8.889999999999995239, 4.470400000000003260 ) ) ;
#5090 = DIRECTION ( 'NONE',  ( 5.130477113903260708E-17, 1.665334536937735304E-16, -1.000000000000000000 ) ) ;
#5091 = DIRECTION ( 'NONE',  ( 5.130477113903260708E-17, 1.665334536937735304E-16, -1.000000000000000000 ) ) ;
#5092 = ADVANCED_FACE ( 'NONE', ( #3195 ), #3943, .F. ) ;
#5093 = CARTESIAN_POINT ( 'NONE',  ( -6.476999999999998536, 6.002332419999997448, -1.904999999999997806 ) ) ;
#5094 = ORIENTED_EDGE ( 'NONE', *, *, #2141, .T. ) ;
#5095 = CARTESIAN_POINT ( 'NONE',  ( 6.477000000000002089, -2.717800000000001770, -1.396999999999996689 ) ) ;
#5096 = EDGE_LOOP ( 'NONE', ( #2296, #3854, #783, #4923, #5094, #933, #745, #6241 ) ) ;
#5097 = CARTESIAN_POINT ( 'NONE',  ( 6.223000000000213916, 6.022838767099996105, -0.3809999999999975628 ) ) ;
#5098 = CARTESIAN_POINT ( 'NONE',  ( 4.808421041000002560, 6.218579345899995836, 2.159000000000002917 ) ) ;
#5099 = FACE_OUTER_BOUND ( 'NONE', #2028, .T. ) ;
#5100 = CONICAL_SURFACE ( 'NONE', #3642, 1.778000000000000025, 0.2487383677720243769 ) ;
#5101 = CARTESIAN_POINT ( 'NONE',  ( -6.222999999999998089, 5.895635414699998300, -2.920999999999997598 ) ) ;
#5102 = ORIENTED_EDGE ( 'NONE', *, *, #2868, .F. ) ;
#5103 = CARTESIAN_POINT ( 'NONE',  ( -6.222999999999998089, 4.232135350799996587, 3.175000000000002487 ) ) ;
#5104 = VERTEX_POINT ( 'NONE', #4378 ) ;
#5105 = VERTEX_POINT ( 'NONE', #3873 ) ;
#5106 = DIRECTION ( 'NONE',  ( 5.130477113903260708E-17, 1.665334536937735304E-16, -1.000000000000000000 ) ) ;
#5107 = LINE ( 'NONE', #6736, #730 ) ;
#5108 = DIRECTION ( 'NONE',  ( -5.130477113903260708E-17, -1.665334536937735304E-16, 1.000000000000000000 ) ) ;
#5109 = CARTESIAN_POINT ( 'NONE',  ( -5.029696199582889271, 4.744466099814926174, 2.159000000000003805 ) ) ;
#5110 = EDGE_CURVE ( 'NONE', #4325, #3108, #7362, .T. ) ;
#5111 = DIRECTION ( 'NONE',  ( -5.130477113903260708E-17, -1.665334536937735304E-16, 1.000000000000000000 ) ) ;
#5112 = FACE_OUTER_BOUND ( 'NONE', #4489, .T. ) ;
#5113 = ORIENTED_EDGE ( 'NONE', *, *, #5609, .F. ) ;
#5114 = LINE ( 'NONE', #5638, #2612 ) ;
#5115 = VECTOR ( 'NONE', #7419, 1000.000000000000114 ) ;
#5116 = DIRECTION ( 'NONE',  ( 6.054179465614428618E-17, 0.7071067811865475727, -0.7071067811865474617 ) ) ;
#5117 = EDGE_CURVE ( 'NONE', #2965, #2133, #341, .T. ) ;
#5118 = CARTESIAN_POINT ( 'NONE',  ( -5.140909707197997669, 4.825999999999996959, 2.159000000000002917 ) ) ;
#5119 = DIRECTION ( 'NONE',  ( 3.431425595409362857E-17, 1.000000000000000000, 0.000000000000000000 ) ) ;
#5120 = VERTEX_POINT ( 'NONE', #1015 ) ;
#5121 = VERTEX_POINT ( 'NONE', #5098 ) ;
#5122 = EDGE_CURVE ( 'NONE', #3181, #2277, #1581, .T. ) ;
#5123 = CARTESIAN_POINT ( 'NONE',  ( -6.476999999999999424, 0.5079999999999963434, 4.699000000000003396 ) ) ;
#5124 = LINE ( 'NONE', #7436, #7261 ) ;
#5125 = CARTESIAN_POINT ( 'NONE',  ( 6.223000000000001641, -2.717800000000001770, -1.396999999999996689 ) ) ;
#5126 = ORIENTED_EDGE ( 'NONE', *, *, #6249, .T. ) ;
#5127 = CARTESIAN_POINT ( 'NONE',  ( -5.371941468077998216, 5.947322718753697224, 3.175000000000002487 ) ) ;
#5128 = VERTEX_POINT ( 'NONE', #7410 ) ;
#5129 = CARTESIAN_POINT ( 'NONE',  ( 4.808421041000002560, 4.469740654099997101, -0.3809999999999976739 ) ) ;
#5130 = ORIENTED_EDGE ( 'NONE', *, *, #404, .F. ) ;
#5131 = DIRECTION ( 'NONE',  ( 6.054179465614431083E-17, 0.7071067811865475727, -0.7071067811865474617 ) ) ;
#5132 = DIRECTION ( 'NONE',  ( 1.000000000000000000, -3.431425595409362857E-17, 5.130477113903259476E-17 ) ) ;
#5133 = CARTESIAN_POINT ( 'NONE',  ( -4.808421040999999008, 4.469740654099997101, 2.159000000000002917 ) ) ;
#5134 = PRODUCT_DEFINITION_FORMATION_WITH_SPECIFIED_SOURCE ( 'ANY', '', #6737, .NOT_KNOWN. ) ;
#5135 = DIRECTION ( 'NONE',  ( -5.130477113903260092E-17, 1.760485048530960256E-33, 1.000000000000000000 ) ) ;
#5136 = VERTEX_POINT ( 'NONE', #6259 ) ;
#5137 = CARTESIAN_POINT ( 'NONE',  ( 6.223000000000001641, 0.5079999999999980087, -2.920999999999997154 ) ) ;
#5138 = ORIENTED_EDGE ( 'NONE', *, *, #6987, .F. ) ;
#5139 = ORIENTED_EDGE ( 'NONE', *, *, #4934, .F. ) ;
#5140 = LINE ( 'NONE', #5215, #2271 ) ;
#5141 = FACE_OUTER_BOUND ( 'NONE', #4546, .T. ) ;
#5142 = LINE ( 'NONE', #3383, #931 ) ;
#5143 = LINE ( 'NONE', #3458, #6712 ) ;
#5144 = CARTESIAN_POINT ( 'NONE',  ( -4.808421040999999008, 6.218579345899996724, 2.159000000000002917 ) ) ;
#5145 = SURFACE_SIDE_STYLE ('',( #28 ) ) ;
#5146 = ORIENTED_EDGE ( 'NONE', *, *, #1292, .F. ) ;
#5147 = DIRECTION ( 'NONE',  ( -3.431425595409362857E-17, -1.000000000000000000, -0.000000000000000000 ) ) ;
#5148 = CARTESIAN_POINT ( 'NONE',  ( -3.962399999999997924, 1.777999999999996694, -4.524399999999998201 ) ) ;
#5149 = EDGE_CURVE ( 'NONE', #1171, #4964, #405, .T. ) ;
#5150 = CARTESIAN_POINT ( 'NONE',  ( 6.223000000000000753, -2.794000000000002260, 3.683000000000002050 ) ) ;
#5151 = DIRECTION ( 'NONE',  ( -5.130477113903260708E-17, -1.665334536937735304E-16, 1.000000000000000000 ) ) ;
#5152 = CARTESIAN_POINT ( 'NONE',  ( -5.679736218422998917, 4.689207125507998342, -4.444999999999997620 ) ) ;
#5153 = ADVANCED_FACE ( 'NONE', ( #6692 ), #1390, .F. ) ;
#5154 = ORIENTED_EDGE ( 'NONE', *, *, #5714, .F. ) ;
#5155 = EDGE_CURVE ( 'NONE', #3267, #2797, #3835, .T. ) ;
#5156 = ORIENTED_EDGE ( 'NONE', *, *, #1356, .F. ) ;
#5157 = EDGE_CURVE ( 'NONE', #3584, #3626, #371, .T. ) ;
#5158 = CARTESIAN_POINT ( 'NONE',  ( -6.222999999999998089, 4.792684585299997302, 2.159000000000002917 ) ) ;
#5159 = CARTESIAN_POINT ( 'NONE',  ( 6.477000000000002089, 6.364590498671997665, -4.444999999999996732 ) ) ;
#5160 = PLANE ( 'NONE',  #5780 ) ;
#5161 = CARTESIAN_POINT ( 'NONE',  ( 4.980928443000002481, 6.472079448499996168, 3.175000000000002487 ) ) ;
#5162 = ORIENTED_EDGE ( 'NONE', *, *, #2321, .T. ) ;
#5163 = LINE ( 'NONE', #1202, #4740 ) ;
#5164 = VERTEX_POINT ( 'NONE', #1127 ) ;
#5165 = FACE_OUTER_BOUND ( 'NONE', #4591, .T. ) ;
#5166 = PLANE ( 'NONE',  #433 ) ;
#5167 = CARTESIAN_POINT ( 'NONE',  ( 6.477000000000002089, -2.794000000000002260, 1.143000000000001570 ) ) ;
#5168 = VECTOR ( 'NONE', #3917, 1000.000000000000000 ) ;
#5169 = EDGE_CURVE ( 'NONE', #6779, #5234, #7470, .T. ) ;
#5170 = CARTESIAN_POINT ( 'NONE',  ( 1.397000000000002462, 7.112000000000000988, -12.57299999999999685 ) ) ;
#5171 = EDGE_LOOP ( 'NONE', ( #2223, #5621, #1393, #1506 ) ) ;
#5172 = CARTESIAN_POINT ( 'NONE',  ( 5.140909707198000334, 5.862319999999997755, 4.699000000000003396 ) ) ;
#5173 = ORIENTED_EDGE ( 'NONE', *, *, #3198, .F. ) ;
#5174 = PRESENTATION_LAYER_ASSIGNMENT (  '', '', ( #7473 ) ) ;
#5175 = LINE ( 'NONE', #4570, #7374 ) ;
#5176 = LINE ( 'NONE', #5779, #5835 ) ;
#5177 = VECTOR ( 'NONE', #3216, 1000.000000000000000 ) ;
#5178 = CARTESIAN_POINT ( 'NONE',  ( -5.507748381188420694, 5.862319999999709097, 0.6350000000000032285 ) ) ;
#5179 = AXIS2_PLACEMENT_3D ( 'NONE', #2759, #900, #2685 ) ;
#5180 = CARTESIAN_POINT ( 'NONE',  ( 5.507748381189002451, 5.862319999999995979, 2.159000000000002917 ) ) ;
#5181 = CARTESIAN_POINT ( 'NONE',  ( 5.029696186834001992, 4.744466083986996985, -4.444999999999997620 ) ) ;
#5182 = AXIS2_PLACEMENT_3D ( 'NONE', #1776, #1170, #6266 ) ;
#5183 = CARTESIAN_POINT ( 'NONE',  ( 5.507748381188442011, 5.862319999999709097, 0.6350000000000027844 ) ) ;
#5184 = ORIENTED_EDGE ( 'NONE', *, *, #2458, .T. ) ;
#5185 = CARTESIAN_POINT ( 'NONE',  ( -6.109955650406998728, 4.159618444802997139, 2.159000000000002917 ) ) ;
#5186 = EDGE_CURVE ( 'NONE', #1843, #3267, #2227, .T. ) ;
#5187 = VECTOR ( 'NONE', #4309, 1000.000000000000000 ) ;
#5188 = VECTOR ( 'NONE', #4653, 1000.000000000000000 ) ;
#5189 = CARTESIAN_POINT ( 'NONE',  ( 4.980928443000002481, 4.216240551499995881, 2.159000000000002917 ) ) ;
#5190 = DIRECTION ( 'NONE',  ( 1.000000000000000000, 0.000000000000000000, 0.000000000000000000 ) ) ;
#5191 = VECTOR ( 'NONE', #7045, 1000.000000000000000 ) ;
#5192 = CARTESIAN_POINT ( 'NONE',  ( 6.477000000000002089, -2.602085213965210642E-15, 1.143000000000002458 ) ) ;
#5193 = VECTOR ( 'NONE', #3527, 1000.000000000000000 ) ;
#5194 = DIRECTION ( 'NONE',  ( -3.431425595409362857E-17, -1.000000000000000000, -0.000000000000000000 ) ) ;
#5195 = ORIENTED_EDGE ( 'NONE', *, *, #2056, .T. ) ;
#5196 = ORIENTED_EDGE ( 'NONE', *, *, #785, .F. ) ;
#5197 = AXIS2_PLACEMENT_3D ( 'NONE', #5454, #7162, #7201 ) ;
#5198 = AXIS2_PLACEMENT_3D ( 'NONE', #6638, #3710, #3032 ) ;
#5199 = DIRECTION ( 'NONE',  ( -5.130477113903260708E-17, -1.665334536937735304E-16, 1.000000000000000000 ) ) ;
#5200 = DIRECTION ( 'NONE',  ( -3.431425595409362857E-17, -1.000000000000000000, -0.000000000000000000 ) ) ;
#5201 = EDGE_CURVE ( 'NONE', #4979, #2797, #2399, .T. ) ;
#5202 = LINE ( 'NONE', #1154, #3597 ) ;
#5203 = ORIENTED_EDGE ( 'NONE', *, *, #5619, .T. ) ;
#5204 = DIRECTION ( 'NONE',  ( -1.000000000000000000, 3.431425595409362857E-17, -5.130477113903259476E-17 ) ) ;
#5205 = ORIENTED_EDGE ( 'NONE', *, *, #3680, .F. ) ;
#5206 = CARTESIAN_POINT ( 'NONE',  ( 5.679736218423002470, 5.999112874491996372, 2.159000000000002917 ) ) ;
#5207 = VERTEX_POINT ( 'NONE', #6866 ) ;
#5208 = CARTESIAN_POINT ( 'NONE',  ( 4.808421041000002560, 6.218579345899996724, 0.6350000000000027844 ) ) ;
#5209 = DIRECTION ( 'NONE',  ( 0.000000000000000000, 0.000000000000000000, -1.000000000000000000 ) ) ;
#5210 = CARTESIAN_POINT ( 'NONE',  ( 5.507748381189002451, 4.825999999999996959, -1.904999999999996918 ) ) ;
#5211 = CARTESIAN_POINT ( 'NONE',  ( -5.507748381188998898, 4.825999999999996959, 2.159000000000002917 ) ) ;
#5212 = ORIENTED_EDGE ( 'NONE', *, *, #1233, .T. ) ;
#5213 = DIRECTION ( 'NONE',  ( 5.130477113903260708E-17, 1.665334536937735304E-16, -1.000000000000000000 ) ) ;
#5214 = ORIENTED_EDGE ( 'NONE', *, *, #3065, .F. ) ;
#5215 = CARTESIAN_POINT ( 'NONE',  ( 4.808421041000002560, 6.218579345899995836, 2.159000000000002917 ) ) ;
#5216 = ADVANCED_FACE ( 'NONE', ( #3447 ), #2606, .T. ) ;
#5217 = ORIENTED_EDGE ( 'NONE', *, *, #1533, .T. ) ;
#5218 = CARTESIAN_POINT ( 'NONE',  ( 6.223000000000210363, 6.022838767100003210, -4.444999999999997620 ) ) ;
#5219 = CARTESIAN_POINT ( 'NONE',  ( -6.222999999999998089, 4.232135350799998363, -2.920999999999997598 ) ) ;
#5220 = VECTOR ( 'NONE', #834, 1000.000000000000000 ) ;
#5221 = DIRECTION ( 'NONE',  ( -5.130477113903260708E-17, -1.665334536937735304E-16, 1.000000000000000000 ) ) ;
#5222 = CARTESIAN_POINT ( 'NONE',  ( -4.919058028974524710, 6.081215945592886030, 3.175000000000000711 ) ) ;
#5223 = CARTESIAN_POINT ( 'NONE',  ( 6.223000000000001641, 6.022838767099996993, 0.6350000000000027844 ) ) ;
#5224 = ORIENTED_EDGE ( 'NONE', *, *, #3431, .T. ) ;
#5225 = CARTESIAN_POINT ( 'NONE',  ( 5.679736218423002470, 5.999112874491998149, -4.444999999999996732 ) ) ;
#5226 = DIRECTION ( 'NONE',  ( 0.000000000000000000, 0.000000000000000000, -1.000000000000000000 ) ) ;
#5227 = VECTOR ( 'NONE', #1732, 1000.000000000000000 ) ;
#5228 =( LENGTH_UNIT ( ) NAMED_UNIT ( * ) SI_UNIT ( .MILLI., .METRE. ) );
#5229 = ADVANCED_FACE ( 'NONE', ( #3986 ), #5166, .T. ) ;
#5230 = CARTESIAN_POINT ( 'NONE',  ( 6.223000000000001641, 4.825999999999997847, 4.953000000000003844 ) ) ;
#5231 = LINE ( 'NONE', #5869, #4007 ) ;
#5232 = VECTOR ( 'NONE', #2931, 999.9999999999998863 ) ;
#5233 = CARTESIAN_POINT ( 'NONE',  ( 6.477000000000002089, 6.002332419999996560, 2.159000000000002917 ) ) ;
#5234 = VERTEX_POINT ( 'NONE', #5768 ) ;
#5235 = ORIENTED_EDGE ( 'NONE', *, *, #4362, .T. ) ;
#5236 = AXIS2_PLACEMENT_3D ( 'NONE', #1741, #3007, #1708 ) ;
#5237 = DIRECTION ( 'NONE',  ( 3.431425595409362857E-17, 1.000000000000000000, 0.000000000000000000 ) ) ;
#5238 = CARTESIAN_POINT ( 'NONE',  ( -5.507748380830430612, 5.862319999714975083, 4.699000000000005173 ) ) ;
#5239 = DIRECTION ( 'NONE',  ( -1.000000000000000000, 3.431425595409362857E-17, -5.130477113903259476E-17 ) ) ;
#5240 = DIRECTION ( 'NONE',  ( -1.000000000000000000, 3.431425595409362857E-17, -5.130477113903259476E-17 ) ) ;
#5241 = EDGE_LOOP ( 'NONE', ( #670, #3594, #5410, #6606 ) ) ;
#5242 = CARTESIAN_POINT ( 'NONE',  ( 1.448032414851892886E-15, 5.344159999999996913, 0.6350000000000027844 ) ) ;
#5243 = ORIENTED_EDGE ( 'NONE', *, *, #1008, .F. ) ;
#5244 = ADVANCED_FACE ( 'NONE', ( #6984 ), #1205, .F. ) ;
#5245 = CARTESIAN_POINT ( 'NONE',  ( -4.808421040999999008, 4.469740654099997101, 0.6350000000000027844 ) ) ;
#5246 = DIRECTION ( 'NONE',  ( 1.000000000000000000, -3.431425595409362857E-17, 5.130477113903259476E-17 ) ) ;
#5247 = DIRECTION ( 'NONE',  ( -0.000000000000000000, -0.000000000000000000, 1.000000000000000000 ) ) ;
#5248 = VERTEX_POINT ( 'NONE', #519 ) ;
#5249 = EDGE_CURVE ( 'NONE', #4197, #716, #1699, .T. ) ;
#5250 = DIRECTION ( 'NONE',  ( 0.8267333594788779383, -0.5625939497761849317, 4.241536580106739084E-17 ) ) ;
#5251 = ORIENTED_EDGE ( 'NONE', *, *, #270, .F. ) ;
#5252 = ADVANCED_FACE ( 'NONE', ( #6947 ), #4988, .T. ) ;
#5253 = VERTEX_POINT ( 'NONE', #483 ) ;
#5254 = LINE ( 'NONE', #641, #1944 ) ;
#5255 = ADVANCED_FACE ( 'NONE', ( #596 ), #4142, .F. ) ;
#5256 = CARTESIAN_POINT ( 'NONE',  ( 6.223000000000000753, -2.794000000000002260, 3.683000000000002050 ) ) ;
#5257 = CARTESIAN_POINT ( 'NONE',  ( 5.140909726420280101, 4.826000014092433510, -4.444999999999996732 ) ) ;
#5258 = CARTESIAN_POINT ( 'NONE',  ( 4.808421041000002560, 4.469740654099997990, -4.444999999999997620 ) ) ;
#5259 = CARTESIAN_POINT ( 'NONE',  ( 7.772400000000001086, -2.602085213965210642E-15, 1.651000000000002244 ) ) ;
#5260 = ORIENTED_EDGE ( 'NONE', *, *, #1189, .F. ) ;
#5261 = CARTESIAN_POINT ( 'NONE',  ( 5.959238081891437666, 6.445103080431096032, 0.6350000000000032285 ) ) ;
#5262 = FACE_OUTER_BOUND ( 'NONE', #6980, .T. ) ;
#5263 = CARTESIAN_POINT ( 'NONE',  ( -2.158999999999999364, 3.556000000000001826, -8.524399999721003596 ) ) ;
#5264 = EDGE_CURVE ( 'NONE', #6717, #4620, #50, .T. ) ;
#5265 = CARTESIAN_POINT ( 'NONE',  ( 6.223000000000001641, -2.794000000000000483, -4.952999999999997627 ) ) ;
#5266 = ORIENTED_EDGE ( 'NONE', *, *, #2597, .F. ) ;
#5267 = ORIENTED_EDGE ( 'NONE', *, *, #7399, .F. ) ;
#5268 = VERTEX_POINT ( 'NONE', #4296 ) ;
#5269 = ORIENTED_EDGE ( 'NONE', *, *, #5821, .T. ) ;
#5270 = LINE ( 'NONE', #7170, #1659 ) ;
#5271 = CARTESIAN_POINT ( 'NONE',  ( 6.223000000000000753, -2.717800000000003546, 4.191000000000001613 ) ) ;
#5272 = CARTESIAN_POINT ( 'NONE',  ( 5.029696186834001992, 5.943853916012995953, 4.699000000000003396 ) ) ;
#5273 = ORIENTED_EDGE ( 'NONE', *, *, #2964, .F. ) ;
#5274 = DIRECTION ( 'NONE',  ( 5.130477113903260708E-17, 1.665334536937735304E-16, -1.000000000000000000 ) ) ;
#5275 = EDGE_LOOP ( 'NONE', ( #2353, #2626, #2337, #3053 ) ) ;
#5276 = DIRECTION ( 'NONE',  ( 0.000000000000000000, -0.000000000000000000, -1.000000000000000000 ) ) ;
#5277 = CARTESIAN_POINT ( 'NONE',  ( 4.919058028974504282, 6.081215945592893135, 3.175000000000001599 ) ) ;
#5278 = CARTESIAN_POINT ( 'NONE',  ( -6.477000000000476376, 6.002332419999980573, -4.444999999999998508 ) ) ;
#5279 = ADVANCED_FACE ( 'NONE', ( #3601 ), #5926, .F. ) ;
#5280 = ORIENTED_EDGE ( 'NONE', *, *, #5641, .T. ) ;
#5281 = DIRECTION ( 'NONE',  ( -5.130477113903260708E-17, -1.665334536937735304E-16, 1.000000000000000000 ) ) ;
#5282 = ORIENTED_EDGE ( 'NONE', *, *, #4700, .T. ) ;
#5283 = ORIENTED_EDGE ( 'NONE', *, *, #2103, .F. ) ;
#5284 = CARTESIAN_POINT ( 'NONE',  ( 6.222999999999740517, 5.895635414699995636, -4.444999999999997620 ) ) ;
#5285 = CARTESIAN_POINT ( 'NONE',  ( 6.477000000000001201, -2.794000000000002260, 3.683000000000002050 ) ) ;
#5286 = DIRECTION ( 'NONE',  ( 0.000000000000000000, 0.000000000000000000, -1.000000000000000000 ) ) ;
#5287 = FACE_OUTER_BOUND ( 'NONE', #6631, .T. ) ;
#5288 = DIRECTION ( 'NONE',  ( 3.431425595409362857E-17, 1.000000000000000000, 0.000000000000000000 ) ) ;
#5289 = EDGE_CURVE ( 'NONE', #1954, #4425, #854, .T. ) ;
#5290 = ORIENTED_EDGE ( 'NONE', *, *, #76, .F. ) ;
#5291 = ADVANCED_FACE ( 'NONE', ( #2496 ), #6040, .F. ) ;
#5292 = VECTOR ( 'NONE', #5448, 1000.000000000000000 ) ;
#5293 = CARTESIAN_POINT ( 'NONE',  ( 5.507748377663717498, 4.826000002803738198, -0.3809999999999972298 ) ) ;
#5294 = PLANE ( 'NONE',  #2634 ) ;
#5295 = CARTESIAN_POINT ( 'NONE',  ( -4.808421040999999008, 6.218579345899997612, -1.904999999999997806 ) ) ;
#5296 =( GEOMETRIC_REPRESENTATION_CONTEXT ( 3 ) GLOBAL_UNCERTAINTY_ASSIGNED_CONTEXT ( ( #276 ) ) GLOBAL_UNIT_ASSIGNED_CONTEXT ( ( #1254, #5979, #2117 ) ) REPRESENTATION_CONTEXT ( 'NONE', 'WORKASPACE' ) );
#5297 =( NAMED_UNIT ( * ) PLANE_ANGLE_UNIT ( ) SI_UNIT ( $, .RADIAN. ) );
#5298 = CARTESIAN_POINT ( 'NONE',  ( -6.222999999999998089, 4.825999999999997847, -4.952999999999998515 ) ) ;
#5299 = CIRCLE ( 'NONE', #1759, 0.05400000000000022837 ) ;
#5300 = CARTESIAN_POINT ( 'NONE',  ( -5.959238082003998294, 4.243216919750996574, -0.3809999999999976739 ) ) ;
#5301 = EDGE_LOOP ( 'NONE', ( #1589, #2069, #1871, #3524 ) ) ;
#5302 = AXIS2_PLACEMENT_3D ( 'NONE', #3336, #4955, #1508 ) ;
#5303 = ORIENTED_EDGE ( 'NONE', *, *, #5588, .T. ) ;
#5304 = ORIENTED_EDGE ( 'NONE', *, *, #1526, .T. ) ;
#5305 = ORIENTED_EDGE ( 'NONE', *, *, #642, .F. ) ;
#5306 = AXIS2_PLACEMENT_3D ( 'NONE', #914, #5557, #6805 ) ;
#5307 = EDGE_CURVE ( 'NONE', #4646, #6768, #6449, .T. ) ;
#5308 = CARTESIAN_POINT ( 'NONE',  ( 2.159000000000001140, 7.112000000000000988, -12.57299999999999862 ) ) ;
#5309 = VECTOR ( 'NONE', #3550, 999.9999999999998863 ) ;
#5310 = PRODUCT_CONTEXT ( 'NONE', #4944, 'mechanical' ) ;
#5311 = CARTESIAN_POINT ( 'NONE',  ( -6.222999999999998089, -2.794000000000002260, 4.191000000000001613 ) ) ;
#5312 = CARTESIAN_POINT ( 'NONE',  ( 4.980928443000002481, 4.216240551499995881, 3.175000000000002487 ) ) ;
#5313 = AXIS2_PLACEMENT_3D ( 'NONE', #79, #809, #3137 ) ;
#5314 = ORIENTED_EDGE ( 'NONE', *, *, #5617, .F. ) ;
#5315 = ORIENTED_EDGE ( 'NONE', *, *, #5576, .T. ) ;
#5316 = VECTOR ( 'NONE', #3190, 1000.000000000000000 ) ;
#5317 = CARTESIAN_POINT ( 'NONE',  ( -5.085678860472625296, 6.287389423200527183, 4.699000000000004285 ) ) ;
#5318 = ORIENTED_EDGE ( 'NONE', *, *, #495, .F. ) ;
#5319 = LINE ( 'NONE', #4217, #5427 ) ;
#5320 = DIRECTION ( 'NONE',  ( -1.000000000000000000, 0.000000000000000000, 0.000000000000000000 ) ) ;
#5321 = EDGE_CURVE ( 'NONE', #5838, #4723, #2422, .T. ) ;
#5322 = CARTESIAN_POINT ( 'NONE',  ( -5.085678860472624407, 6.287389423200528071, -4.444999999999998508 ) ) ;
#5323 = ORIENTED_EDGE ( 'NONE', *, *, #2114, .F. ) ;
#5324 = CARTESIAN_POINT ( 'NONE',  ( -6.223000000000181053, 6.022838767100044066, -0.3809999999999970632 ) ) ;
#5325 = ORIENTED_EDGE ( 'NONE', *, *, #2080, .T. ) ;
#5326 = ORIENTED_EDGE ( 'NONE', *, *, #2893, .T. ) ;
#5327 = CARTESIAN_POINT ( 'NONE',  ( -5.679736218422998917, 5.999112874491997260, 0.6350000000000027844 ) ) ;
#5328 = PLANE ( 'NONE',  #3239 ) ;
#5329 = CARTESIAN_POINT ( 'NONE',  ( 3.962400000000000588, 1.977999999999996206, 4.470400000000003260 ) ) ;
#5330 = B_SPLINE_CURVE_WITH_KNOTS ( 'NONE', 3,
 ( #7140, #4752, #2419, #4717 ),
 .UNSPECIFIED., .F., .F.,
 ( 4, 4 ),
 ( 0.000000000000000000, 1.000000000000000000 ),
 .UNSPECIFIED. ) ;
#5331 = PLANE ( 'NONE',  #1650 ) ;
#5332 = FACE_OUTER_BOUND ( 'NONE', #2683, .T. ) ;
#5333 = ORIENTED_EDGE ( 'NONE', *, *, #5762, .F. ) ;
#5334 = LINE ( 'NONE', #107, #4321 ) ;
#5335 = DIRECTION ( 'NONE',  ( 5.130477113903260708E-17, 1.665334536937735304E-16, -1.000000000000000000 ) ) ;
#5336 = CARTESIAN_POINT ( 'NONE',  ( 6.223000000000001641, 4.792684585299998190, -2.920999999999997154 ) ) ;
#5337 = EDGE_CURVE ( 'NONE', #4794, #1959, #4754, .T. ) ;
#5338 = CARTESIAN_POINT ( 'NONE',  ( 5.029696191436746844, 5.943853910299274013, -2.920999999999997598 ) ) ;
#5339 = DIRECTION ( 'NONE',  ( -1.000000000000000000, 3.431425595409362857E-17, -5.130477113903259476E-17 ) ) ;
#5340 = CARTESIAN_POINT ( 'NONE',  ( 5.085678860472626184, 6.287389423200526295, 4.699000000000003396 ) ) ;
#5341 = VERTEX_POINT ( 'NONE', #4259 ) ;
#5342 = VECTOR ( 'NONE', #6723, 1000.000000000000000 ) ;
#5343 = ORIENTED_EDGE ( 'NONE', *, *, #7243, .T. ) ;
#5344 = EDGE_CURVE ( 'NONE', #5088, #7324, #3155, .T. ) ;
#5345 = ORIENTED_EDGE ( 'NONE', *, *, #4270, .T. ) ;
#5346 = EDGE_LOOP ( 'NONE', ( #3455, #5314, #3377, #1932 ) ) ;
#5347 = EDGE_CURVE ( 'NONE', #1843, #4199, #665, .T. ) ;
#5348 = CARTESIAN_POINT ( 'NONE',  ( 6.223000000000213916, 6.022838767099996105, -1.904999999999997362 ) ) ;
#5349 = CARTESIAN_POINT ( 'NONE',  ( 5.959238080889495137, 4.243216917964849344, 2.159000000000003361 ) ) ;
#5350 = CIRCLE ( 'NONE', #4992, 0.1999999999999996503 ) ;
#5351 = LINE ( 'NONE', #2488, #5795 ) ;
#5352 = DIRECTION ( 'NONE',  ( -0.5625939497761849317, 0.8267333594788778273, -2.886375383747156989E-17 ) ) ;
#5353 = ORIENTED_EDGE ( 'NONE', *, *, #985, .T. ) ;
#5354 = LINE ( 'NONE', #4826, #4484 ) ;
#5355 = VECTOR ( 'NONE', #7043, 1000.000000000000000 ) ;
#5356 = VERTEX_POINT ( 'NONE', #7097 ) ;
#5357 = FACE_OUTER_BOUND ( 'NONE', #3035, .T. ) ;
#5358 = CARTESIAN_POINT ( 'NONE',  ( -6.222999999999998089, -1.734723475976807094E-15, -3.936999999999997613 ) ) ;
#5359 = DIRECTION ( 'NONE',  ( 0.000000000000000000, 0.000000000000000000, -1.000000000000000000 ) ) ;
#5360 = CARTESIAN_POINT ( 'NONE',  ( -5.825466848180997914, 6.796669658390998237, -2.920999999999997598 ) ) ;
#5361 = EDGE_CURVE ( 'NONE', #979, #5104, #666, .T. ) ;
#5362 = ORIENTED_EDGE ( 'NONE', *, *, #4887, .T. ) ;
#5363 = CARTESIAN_POINT ( 'NONE',  ( -4.980928442999998929, 4.216240551499584654, 3.175000000000002931 ) ) ;
#5364 = ORIENTED_EDGE ( 'NONE', *, *, #4504, .F. ) ;
#5365 = DIRECTION ( 'NONE',  ( 1.000000000000000000, 0.000000000000000000, 0.000000000000000000 ) ) ;
#5366 = ADVANCED_BREP_SHAPE_REPRESENTATION ( '4525-DS3A001DP', ( #7101, #7005, #7089, #7065, #4506, #2158, #4558, #4469, #2172, #7196, #2070, #3311 ), #391 ) ;
#5367 = DIRECTION ( 'NONE',  ( -3.431425595409362857E-17, -1.000000000000000000, -0.000000000000000000 ) ) ;
#5368 = CARTESIAN_POINT ( 'NONE',  ( 3.962400000000001477, 1.977999999999997982, -4.470399999999997043 ) ) ;
#5369 = CARTESIAN_POINT ( 'NONE',  ( 6.477000000000002089, 0.5079999999999963434, 3.175000000000002487 ) ) ;
#5370 = ORIENTED_EDGE ( 'NONE', *, *, #239, .T. ) ;
#5371 = EDGE_CURVE ( 'NONE', #855, #5837, #7180, .T. ) ;
#5372 = CARTESIAN_POINT ( 'NONE',  ( -6.223000000000181053, 6.022838767100044066, 0.6350000000000032285 ) ) ;
#5373 = CARTESIAN_POINT ( 'NONE',  ( 4.016400000000003523, 8.889999999999997016, -4.470399999999997931 ) ) ;
#5374 = VECTOR ( 'NONE', #4159, 1000.000000000000000 ) ;
#5375 =( NAMED_UNIT ( * ) SI_UNIT ( $, .STERADIAN. ) SOLID_ANGLE_UNIT ( ) );
#5376 = CARTESIAN_POINT ( 'NONE',  ( 4.808421040999547813, 4.469740654100035293, -1.904999999999997362 ) ) ;
#5377 = DIRECTION ( 'NONE',  ( 5.130477113903260708E-17, 1.665334536937735304E-16, -1.000000000000000000 ) ) ;
#5378 = AXIS2_PLACEMENT_3D ( 'NONE', #7182, #7222, #4687 ) ;
#5379 = DIRECTION ( 'NONE',  ( -5.130477113903260708E-17, -1.665334536937735304E-16, 1.000000000000000000 ) ) ;
#5380 = VERTEX_POINT ( 'NONE', #2997 ) ;
#5381 = LINE ( 'NONE', #4812, #4684 ) ;
#5382 = B_SPLINE_CURVE_WITH_KNOTS ( 'NONE', 3,
 ( #6110, #6362, #2865, #1079, #3364, #4051 ),
 .UNSPECIFIED., .F., .F.,
 ( 4, 1, 1, 4 ),
 ( 0.000000000000000000, 0.2287047143702000129, 0.6617565739328999941, 1.000000000000000000 ),
 .UNSPECIFIED. ) ;
#5383 = EDGE_CURVE ( 'NONE', #7083, #4725, #2122, .T. ) ;
#5384 = ORIENTED_EDGE ( 'NONE', *, *, #3935, .F. ) ;
#5385 = ORIENTED_EDGE ( 'NONE', *, *, #3492, .T. ) ;
#5386 = ORIENTED_EDGE ( 'NONE', *, *, #6032, .F. ) ;
#5387 = CARTESIAN_POINT ( 'NONE',  ( 6.223000000000009635, 4.232135350800139584, 4.699000000000003396 ) ) ;
#5388 = CARTESIAN_POINT ( 'NONE',  ( 5.679736216059525944, 4.689207129279827413, 0.6350000000000035616 ) ) ;
#5389 = CARTESIAN_POINT ( 'NONE',  ( -6.222999999999998089, 5.895635414699997412, 3.175000000000002487 ) ) ;
#5390 = CARTESIAN_POINT ( 'NONE',  ( 4.808421041000002560, 4.469740654099996213, 3.175000000000002487 ) ) ;
#5391 = EDGE_CURVE ( 'NONE', #5837, #1142, #5319, .T. ) ;
#5392 = VERTEX_POINT ( 'NONE', #4174 ) ;
#5393 = ORIENTED_EDGE ( 'NONE', *, *, #4224, .T. ) ;
#5394 = EDGE_CURVE ( 'NONE', #1679, #5908, #6380, .T. ) ;
#5395 = CARTESIAN_POINT ( 'NONE',  ( -6.222999999999998089, 4.232135350799998363, -2.920999999999997598 ) ) ;
#5396 = ORIENTED_EDGE ( 'NONE', *, *, #1717, .T. ) ;
#5397 = DIRECTION ( 'NONE',  ( 6.054179465614431083E-17, 0.7071067811865475727, -0.7071067811865474617 ) ) ;
#5398 = B_SPLINE_SURFACE_WITH_KNOTS ( 'NONE', 3, 1, ( 
 ( #7112, #4889 ),
 ( #5939, #7193 ),
 ( #684, #3088 ),
 ( #5411, #5372 ),
 ( #2590, #7232 ) ),
 .UNSPECIFIED., .F., .F., .F.,
 ( 4, 1, 4 ),
 ( 2, 2 ),
 ( 0.4590319158780777897, 0.7875696945507000279, 0.9898432121845823772 ),
 ( 0.000000000000000000, 1.000000000000000000 ),
 .UNSPECIFIED. ) ;
#5399 = CARTESIAN_POINT ( 'NONE',  ( 6.223000000000000753, 4.232135350799996587, 4.699000000000003396 ) ) ;
#5400 = LINE ( 'NONE', #6487, #821 ) ;
#5401 = LINE ( 'NONE', #7026, #3592 ) ;
#5402 = ORIENTED_EDGE ( 'NONE', *, *, #3645, .F. ) ;
#5403 = FACE_OUTER_BOUND ( 'NONE', #6037, .T. ) ;
#5404 = ORIENTED_EDGE ( 'NONE', *, *, #5776, .F. ) ;
#5405 = CARTESIAN_POINT ( 'NONE',  ( -5.959238080889503131, 4.243216917964876878, 2.159000000000002473 ) ) ;
#5406 = EDGE_CURVE ( 'NONE', #3947, #3267, #4399, .T. ) ;
#5407 = DIRECTION ( 'NONE',  ( 0.000000000000000000, 0.000000000000000000, 1.000000000000000000 ) ) ;
#5408 = LINE ( 'NONE', #3691, #2857 ) ;
#5409 = DIRECTION ( 'NONE',  ( -1.000000000000000000, 3.431425595409362857E-17, -5.130477113903259476E-17 ) ) ;
#5410 = ORIENTED_EDGE ( 'NONE', *, *, #2654, .F. ) ;
#5411 = CARTESIAN_POINT ( 'NONE',  ( -6.223000000000181053, 6.022838767100044066, 2.159000000000002917 ) ) ;
#5412 = CARTESIAN_POINT ( 'NONE',  ( -4.808421040999999008, 4.469740654099997101, 3.175000000000002487 ) ) ;
#5413 = DIRECTION ( 'NONE',  ( -3.431425595409362857E-17, -1.000000000000000000, -0.000000000000000000 ) ) ;
#5414 = CARTESIAN_POINT ( 'NONE',  ( -6.476999999999998536, 6.002332419999997448, -2.920999999999997598 ) ) ;
#5415 = CARTESIAN_POINT ( 'NONE',  ( 5.825466848181001467, 6.796669658390996460, 2.159000000000002917 ) ) ;
#5416 = EDGE_CURVE ( 'NONE', #6412, #1722, #4475, .T. ) ;
#5417 = CARTESIAN_POINT ( 'NONE',  ( 7.772400000000001086, -1.734723475976807094E-15, -3.936999999999996724 ) ) ;
#5418 = ORIENTED_EDGE ( 'NONE', *, *, #1838, .T. ) ;
#5419 = CARTESIAN_POINT ( 'NONE',  ( 4.808421041000002560, 6.218579345899995836, 3.175000000000002487 ) ) ;
#5420 = ORIENTED_EDGE ( 'NONE', *, *, #7228, .F. ) ;
#5421 = ORIENTED_EDGE ( 'NONE', *, *, #6354, .T. ) ;
#5422 = LINE ( 'NONE', #206, #6557 ) ;
#5423 = CIRCLE ( 'NONE', #2618, 0.3810000000000002829 ) ;
#5424 = CARTESIAN_POINT ( 'NONE',  ( 6.223000000000001641, 5.895635414699997412, -2.920999999999997154 ) ) ;
#5425 = VECTOR ( 'NONE', #2221, 1000.000000000000000 ) ;
#5426 = FACE_OUTER_BOUND ( 'NONE', #6371, .T. ) ;
#5427 = VECTOR ( 'NONE', #788, 1000.000000000000114 ) ;
#5428 = CARTESIAN_POINT ( 'NONE',  ( -5.507748381188998898, 4.825999999999997847, -4.444999999999997620 ) ) ;
#5429 = CIRCLE ( 'NONE', #7482, 0.2539999999999998925 ) ;
#5430 = ORIENTED_EDGE ( 'NONE', *, *, #337, .T. ) ;
#5431 = EDGE_LOOP ( 'NONE', ( #376, #2326, #4691, #5030 ) ) ;
#5432 = ORIENTED_EDGE ( 'NONE', *, *, #1873, .T. ) ;
#5433 = VECTOR ( 'NONE', #6315, 1000.000000000000000 ) ;
#5434 = VECTOR ( 'NONE', #3303, 1000.000000000000000 ) ;
#5435 = CARTESIAN_POINT ( 'NONE',  ( -6.222999999999998089, 5.895635414699997412, -0.3809999999999976739 ) ) ;
#5436 = DIRECTION ( 'NONE',  ( 5.130477113903260708E-17, 1.665334536937735304E-16, -1.000000000000000000 ) ) ;
#5437 = EDGE_CURVE ( 'NONE', #4409, #3750, #2996, .T. ) ;
#5438 = FACE_OUTER_BOUND ( 'NONE', #2483, .T. ) ;
#5439 = AXIS2_PLACEMENT_3D ( 'NONE', #6236, #5493, #4575 ) ;
#5440 = VECTOR ( 'NONE', #6651, 1000.000000000000000 ) ;
#5441 = CARTESIAN_POINT ( 'NONE',  ( 4.808421041000002560, 6.218579345899996724, 0.6350000000000027844 ) ) ;
#5442 = ORIENTED_EDGE ( 'NONE', *, *, #7308, .T. ) ;
#5443 = CARTESIAN_POINT ( 'NONE',  ( -5.507748380830430612, 5.862319999714975971, -0.3809999999999971187 ) ) ;
#5444 = VERTEX_POINT ( 'NONE', #1432 ) ;
#5445 = LINE ( 'NONE', #2469, #5840 ) ;
#5446 = CARTESIAN_POINT ( 'NONE',  ( -3.962399999999997924, 24.22086697599999638, 4.470400000000003260 ) ) ;
#5447 = LINE ( 'NONE', #143, #5541 ) ;
#5448 = DIRECTION ( 'NONE',  ( 5.130477113903260708E-17, 1.665334536937735304E-16, -1.000000000000000000 ) ) ;
#5449 = ORIENTED_EDGE ( 'NONE', *, *, #3563, .F. ) ;
#5450 = CARTESIAN_POINT ( 'NONE',  ( 4.980928443000002481, 4.216240551499996769, -0.3809999999999976739 ) ) ;
#5451 = CARTESIAN_POINT ( 'NONE',  ( 7.772400000000001086, -2.602085213965210642E-15, 1.143000000000002458 ) ) ;
#5452 = B_SPLINE_CURVE_WITH_KNOTS ( 'NONE', 3,
 ( #7458, #2243, #4578, #7157, #1977, #2435 ),
 .UNSPECIFIED., .F., .F.,
 ( 4, 1, 1, 4 ),
 ( 0.000000000000000000, 0.3382434260671000059, 0.7712952856297999871, 1.000000000000000000 ),
 .UNSPECIFIED. ) ;
#5453 = FACE_OUTER_BOUND ( 'NONE', #6597, .T. ) ;
#5454 = CARTESIAN_POINT ( 'NONE',  ( 6.223000000000001641, 4.792684585299997302, -0.3809999999999976739 ) ) ;
#5455 = CARTESIAN_POINT ( 'NONE',  ( 3.962400000000000588, 1.777999999999994918, 4.524400000000002642 ) ) ;
#5456 = ORIENTED_EDGE ( 'NONE', *, *, #3445, .T. ) ;
#5457 = DIRECTION ( 'NONE',  ( -1.000000000000000000, 3.431425595409362857E-17, -5.130477113903259476E-17 ) ) ;
#5458 = ORIENTED_EDGE ( 'NONE', *, *, #6914, .F. ) ;
#5459 = B_SPLINE_SURFACE_WITH_KNOTS ( 'NONE', 3, 1, ( 
 ( #4053, #6325 ),
 ( #1121, #6479 ),
 ( #6411, #4749 ),
 ( #7055, #701 ),
 ( #4015, #2260 ),
 ( #2377, #6365 ) ),
 .UNSPECIFIED., .F., .F., .F.,
 ( 4, 1, 1, 4 ),
 ( 2, 2 ),
 ( 0.007490355435017930288, 0.4025913527100000167, 0.7332758799206000599, 0.9915633411122035668 ),
 ( 0.000000000000000000, 1.000000000000000000 ),
 .UNSPECIFIED. ) ;
#5460 = ORIENTED_EDGE ( 'NONE', *, *, #5169, .F. ) ;
#5461 = CARTESIAN_POINT ( 'NONE',  ( 5.724327148806001020, 4.081300973171996915, 4.699000000000003396 ) ) ;
#5462 = ADVANCED_FACE ( 'NONE', ( #974 ), #3904, .T. ) ;
#5463 = CARTESIAN_POINT ( 'NONE',  ( 4.016400000000000858, 8.689999999999994174, 4.470400000000003260 ) ) ;
#5464 = CARTESIAN_POINT ( 'NONE',  ( 7.772400000000001086, -2.602085213965210642E-15, -1.396999999999996689 ) ) ;
#5465 = AXIS2_PLACEMENT_3D ( 'NONE', #4961, #2733, #4383 ) ;
#5466 = CARTESIAN_POINT ( 'NONE',  ( -6.222999999999998089, 5.862319999999997755, 4.953000000000003844 ) ) ;
#5467 = EDGE_LOOP ( 'NONE', ( #5303, #5604, #1211, #6012, #6885, #6749, #696, #6972, #627, #1014, #2754, #5325, #4472, #5535 ) ) ;
#5468 = ORIENTED_EDGE ( 'NONE', *, *, #3985, .T. ) ;
#5469 = ORIENTED_EDGE ( 'NONE', *, *, #1751, .T. ) ;
#5470 = DIRECTION ( 'NONE',  ( 5.130477113903260708E-17, 1.665334536937735304E-16, -1.000000000000000000 ) ) ;
#5471 = STYLED_ITEM ( 'NONE', ( #2821 ), #4469 ) ;
#5472 = CARTESIAN_POINT ( 'NONE',  ( 6.477000000000002089, -1.734723475976807094E-15, -3.428999999999997161 ) ) ;
#5473 = DIRECTION ( 'NONE',  ( 0.8267333594788779383, 0.5625939497761849317, 1.361060792845168385E-16 ) ) ;
#5474 = DIRECTION ( 'NONE',  ( 3.431425595409362857E-17, 1.000000000000000000, 0.000000000000000000 ) ) ;
#5475 = VECTOR ( 'NONE', #4615, 999.9999999999998863 ) ;
#5476 = CARTESIAN_POINT ( 'NONE',  ( 6.109955650407427719, 4.159618444802801740, -0.3809999999999980069 ) ) ;
#5477 = ORIENTED_EDGE ( 'NONE', *, *, #4552, .F. ) ;
#5478 = CARTESIAN_POINT ( 'NONE',  ( -4.980928442999998929, 4.216240551499584654, 4.699000000000003396 ) ) ;
#5479 = ORIENTED_EDGE ( 'NONE', *, *, #6598, .T. ) ;
#5480 = EDGE_CURVE ( 'NONE', #6225, #3246, #6182, .T. ) ;
#5481 = PLANE ( 'NONE',  #6639 ) ;
#5482 = CARTESIAN_POINT ( 'NONE',  ( 5.825466848181001467, 6.796669658390997348, -1.904999999999998250 ) ) ;
#5483 = FACE_OUTER_BOUND ( 'NONE', #5627, .T. ) ;
#5484 = ADVANCED_FACE ( 'NONE', ( #2106 ), #3865, .F. ) ;
#5485 = CARTESIAN_POINT ( 'NONE',  ( -4.016399999999999082, 8.889999999999998792, -4.470399999999997931 ) ) ;
#5486 = ORIENTED_EDGE ( 'NONE', *, *, #4447, .T. ) ;
#5487 = ADVANCED_FACE ( 'NONE', ( #2071 ), #7479, .T. ) ;
#5488 = CARTESIAN_POINT ( 'NONE',  ( -6.476999999999998536, 6.002332419999997448, -0.3809999999999976739 ) ) ;
#5489 = EDGE_CURVE ( 'NONE', #2425, #5253, #7249, .T. ) ;
#5490 = CARTESIAN_POINT ( 'NONE',  ( -5.140909707198050960, 5.862319999999994202, 3.175000000000002487 ) ) ;
#5491 = DIRECTION ( 'NONE',  ( 0.000000000000000000, 0.000000000000000000, -1.000000000000000000 ) ) ;
#5492 = CARTESIAN_POINT ( 'NONE',  ( 6.223000000000001641, 4.665481232899995945, 3.175000000000002487 ) ) ;
#5493 = DIRECTION ( 'NONE',  ( -0.000000000000000000, -0.000000000000000000, 1.000000000000000000 ) ) ;
#5494 = FACE_OUTER_BOUND ( 'NONE', #6993, .T. ) ;
#5495 = EDGE_LOOP ( 'NONE', ( #1756, #3609 ) ) ;
#5496 = DIRECTION ( 'NONE',  ( 0.8267333594788779383, -0.5625939497761849317, 4.241536580106739084E-17 ) ) ;
#5497 = VERTEX_POINT ( 'NONE', #5089 ) ;
#5498 = LINE ( 'NONE', #3708, #1338 ) ;
#5499 = FACE_OUTER_BOUND ( 'NONE', #7128, .T. ) ;
#5500 = EDGE_CURVE ( 'NONE', #7313, #1765, #3189, .T. ) ;
#5501 = CARTESIAN_POINT ( 'NONE',  ( -5.140909707197997669, 5.862319999999996867, 2.159000000000002917 ) ) ;
#5502 = ORIENTED_EDGE ( 'NONE', *, *, #5394, .F. ) ;
#5503 = ORIENTED_EDGE ( 'NONE', *, *, #4202, .F. ) ;
#5504 = DIRECTION ( 'NONE',  ( -3.431425595409362857E-17, -1.000000000000000000, -0.000000000000000000 ) ) ;
#5505 = DIRECTION ( 'NONE',  ( -1.000000000000000000, 3.431425595409362857E-17, -5.130477113903259476E-17 ) ) ;
#5506 = CARTESIAN_POINT ( 'NONE',  ( -4.808421040999999896, 4.469740654099996213, 4.699000000000003396 ) ) ;
#5507 = VERTEX_POINT ( 'NONE', #5537 ) ;
#5508 = CARTESIAN_POINT ( 'NONE',  ( 6.477000000000002089, -2.794000000000000483, -1.396999999999997133 ) ) ;
#5509 = ORIENTED_EDGE ( 'NONE', *, *, #3806, .T. ) ;
#5510 = CARTESIAN_POINT ( 'NONE',  ( -6.476999999999998536, 0.5079999999999971205, 2.159000000000002917 ) ) ;
#5511 = CARTESIAN_POINT ( 'NONE',  ( 4.980928442999965178, 6.472079448499693299, -0.3809999999999972298 ) ) ;
#5512 = EDGE_CURVE ( 'NONE', #3324, #1442, #7400, .T. ) ;
#5513 = DIRECTION ( 'NONE',  ( 5.130477113903260708E-17, 1.665334536937735304E-16, -1.000000000000000000 ) ) ;
#5514 = EDGE_LOOP ( 'NONE', ( #1927, #283, #480, #1615 ) ) ;
#5515 = CARTESIAN_POINT ( 'NONE',  ( 7.772400000000001086, -2.717800000000001770, -1.396999999999996689 ) ) ;
#5516 = EDGE_LOOP ( 'NONE', ( #6530, #5874, #403, #5623 ) ) ;
#5517 = DIRECTION ( 'NONE',  ( -3.431425595409362857E-17, -1.000000000000000000, -0.000000000000000000 ) ) ;
#5518 = DIRECTION ( 'NONE',  ( -5.130477113903260708E-17, -1.665334536937735304E-16, 1.000000000000000000 ) ) ;
#5519 = B_SPLINE_SURFACE_WITH_KNOTS ( 'NONE', 3, 1, ( 
 ( #2509, #4798 ),
 ( #4379, #7107 ),
 ( #718, #5482 ),
 ( #1899, #2620 ),
 ( #6618, #3084 ),
 ( #5511, #1369 ) ),
 .UNSPECIFIED., .F., .F., .F.,
 ( 4, 1, 1, 4 ),
 ( 2, 2 ),
 ( 0.007490355435017930288, 0.4025913527100000167, 0.7332758799206000599, 0.9915633411122035668 ),
 ( 0.000000000000000000, 1.000000000000000000 ),
 .UNSPECIFIED. ) ;
#5520 = DIRECTION ( 'NONE',  ( 3.431425595409362857E-17, 1.000000000000000000, 0.000000000000000000 ) ) ;
#5521 = ADVANCED_FACE ( 'NONE', ( #3827 ), #5585, .F. ) ;
#5522 = DIRECTION ( 'NONE',  ( -3.431425595409362857E-17, -1.000000000000000000, -0.000000000000000000 ) ) ;
#5523 = DIRECTION ( 'NONE',  ( -5.130477113903260092E-17, 1.760485048530960256E-33, 1.000000000000000000 ) ) ;
#5524 = ORIENTED_EDGE ( 'NONE', *, *, #1436, .T. ) ;
#5525 = CARTESIAN_POINT ( 'NONE',  ( -4.980928442999999817, 6.472079448499996168, 4.699000000000003396 ) ) ;
#5526 = ORIENTED_EDGE ( 'NONE', *, *, #4249, .T. ) ;
#5527 = LINE ( 'NONE', #3144, #479 ) ;
#5528 = ORIENTED_EDGE ( 'NONE', *, *, #2658, .F. ) ;
#5529 = DIRECTION ( 'NONE',  ( 0.000000000000000000, 1.000000000000000000, 0.000000000000000000 ) ) ;
#5530 = CIRCLE ( 'NONE', #1151, 0.1999999999999996503 ) ;
#5531 = DIRECTION ( 'NONE',  ( 6.054179465614428618E-17, 0.7071067811865475727, -0.7071067811865474617 ) ) ;
#5532 = CARTESIAN_POINT ( 'NONE',  ( 5.140909707198001222, 4.825999999999996959, -0.3809999999999976739 ) ) ;
#5533 = ORIENTED_EDGE ( 'NONE', *, *, #5361, .F. ) ;
#5534 = AXIS2_PLACEMENT_3D ( 'NONE', #1858, #1407, #230 ) ;
#5535 = ORIENTED_EDGE ( 'NONE', *, *, #4671, .T. ) ;
#5536 = EDGE_CURVE ( 'NONE', #5567, #4300, #7326, .T. ) ;
#5537 = CARTESIAN_POINT ( 'NONE',  ( -6.222999999999998089, 4.232135350799996587, 3.175000000000002487 ) ) ;
#5538 = VECTOR ( 'NONE', #4918, 1000.000000000000000 ) ;
#5539 = CARTESIAN_POINT ( 'NONE',  ( 2.159000000000000696, 8.382000000000001450, -4.724399999999997490 ) ) ;
#5540 = VECTOR ( 'NONE', #1093, 1000.000000000000000 ) ;
#5541 = VECTOR ( 'NONE', #2549, 1000.000000000000000 ) ;
#5542 = CARTESIAN_POINT ( 'NONE',  ( 4.808421041000002560, 4.469740654099996213, 2.159000000000002917 ) ) ;
#5543 = VERTEX_POINT ( 'NONE', #2148 ) ;
#5544 = AXIS2_PLACEMENT_3D ( 'NONE', #2776, #5108, #5529 ) ;
#5545 = FACE_OUTER_BOUND ( 'NONE', #2433, .T. ) ;
#5546 = ORIENTED_EDGE ( 'NONE', *, *, #5687, .F. ) ;
#5547 = CARTESIAN_POINT ( 'NONE',  ( 4.919058033047577716, 4.607104059464186108, 3.175000000000002487 ) ) ;
#5548 = EDGE_CURVE ( 'NONE', #7017, #1229, #678, .T. ) ;
#5549 = DIRECTION ( 'NONE',  ( 3.431425595409362857E-17, 1.000000000000000000, 0.000000000000000000 ) ) ;
#5550 = AXIS2_PLACEMENT_3D ( 'NONE', #3147, #2569, #5878 ) ;
#5551 = CARTESIAN_POINT ( 'NONE',  ( -5.085870582803918794, 4.401186195567421855, 0.6350000000000032285 ) ) ;
#5552 = ORIENTED_EDGE ( 'NONE', *, *, #5249, .T. ) ;
#5553 = DIRECTION ( 'NONE',  ( 1.000000000000000000, 0.000000000000000000, 0.000000000000000000 ) ) ;
#5554 = AXIS2_PLACEMENT_3D ( 'NONE', #5945, #3058, #151 ) ;
#5555 = AXIS2_PLACEMENT_3D ( 'NONE', #5464, #4904, #2415 ) ;
#5556 = VERTEX_POINT ( 'NONE', #6079 ) ;
#5557 = DIRECTION ( 'NONE',  ( 5.130477113903260092E-17, 1.665334536937735304E-16, -1.000000000000000000 ) ) ;
#5558 = CARTESIAN_POINT ( 'NONE',  ( 4.980928443000002481, 4.216240551499996769, -1.904999999999996918 ) ) ;
#5559 = CARTESIAN_POINT ( 'NONE',  ( -5.507748377663705952, 4.826000002803728428, -1.904999999999997584 ) ) ;
#5560 = CARTESIAN_POINT ( 'NONE',  ( 6.109955650407002281, 4.159618444802997139, -0.3809999999999976739 ) ) ;
#5561 = LINE ( 'NONE', #460, #7357 ) ;
#5562 = ORIENTED_EDGE ( 'NONE', *, *, #4168, .T. ) ;
#5563 = CARTESIAN_POINT ( 'NONE',  ( 2.159000000000000696, 8.166099999999998360, -8.524399999720996490 ) ) ;
#5564 = ORIENTED_EDGE ( 'NONE', *, *, #3542, .T. ) ;
#5565 = EDGE_CURVE ( 'NONE', #3843, #4553, #5064, .T. ) ;
#5566 = CYLINDRICAL_SURFACE ( 'NONE', #6682, 0.1999999999999996503 ) ;
#5567 = VERTEX_POINT ( 'NONE', #6683 ) ;
#5568 = VECTOR ( 'NONE', #1035, 1000.000000000000000 ) ;
#5569 = CARTESIAN_POINT ( 'NONE',  ( 6.223000000000001641, 4.792684585299996414, 2.159000000000002917 ) ) ;
#5570 = FACE_OUTER_BOUND ( 'NONE', #4681, .T. ) ;
#5571 = FACE_OUTER_BOUND ( 'NONE', #3159, .T. ) ;
#5572 = EDGE_CURVE ( 'NONE', #6288, #4602, #5382, .T. ) ;
#5573 = VERTEX_POINT ( 'NONE', #1039 ) ;
#5574 = EDGE_CURVE ( 'NONE', #5105, #2643, #2183, .T. ) ;
#5575 = ORIENTED_EDGE ( 'NONE', *, *, #4008, .T. ) ;
#5576 = EDGE_CURVE ( 'NONE', #100, #1959, #6248, .T. ) ;
#5577 = CARTESIAN_POINT ( 'NONE',  ( -3.962399999999998812, 8.689999999999995950, 4.470400000000003260 ) ) ;
#5578 = VECTOR ( 'NONE', #7528, 1000.000000000000000 ) ;
#5579 = CARTESIAN_POINT ( 'NONE',  ( 6.223000000000001641, 6.022838767099996993, -1.904999999999996918 ) ) ;
#5580 = DIRECTION ( 'NONE',  ( 5.130477113903260708E-17, 1.665334536937735304E-16, -1.000000000000000000 ) ) ;
#5581 = EDGE_LOOP ( 'NONE', ( #125, #2456, #5932, #2444 ) ) ;
#5582 = CARTESIAN_POINT ( 'NONE',  ( -4.808421040999997231, 6.218579345900026034, 0.6350000000000023404 ) ) ;
#5583 = VECTOR ( 'NONE', #4517, 1000.000000000000000 ) ;
#5584 = EDGE_LOOP ( 'NONE', ( #3775, #5130, #4612, #4760 ) ) ;
#5585 = B_SPLINE_SURFACE_WITH_KNOTS ( 'NONE', 3, 1, ( 
 ( #6218, #4403 ),
 ( #6650, #2610 ),
 ( #7361, #3220 ),
 ( #332, #6752 ),
 ( #3295, #3793 ),
 ( #6718, #5013 ) ),
 .UNSPECIFIED., .F., .F., .F.,
 ( 4, 1, 1, 4 ),
 ( 2, 2 ),
 ( 0.007958995328084188248, 0.3406152971556999920, 0.7665139843748000059, 0.9914409422889685075 ),
 ( 0.000000000000000000, 1.000000000000000000 ),
 .UNSPECIFIED. ) ;
#5586 = DIRECTION ( 'NONE',  ( 5.130477113903260708E-17, 1.665334536937735304E-16, -1.000000000000000000 ) ) ;
#5587 = DIRECTION ( 'NONE',  ( 0.5625939497761849317, 0.8267333594788778273, 2.886375383747156989E-17 ) ) ;
#5588 = EDGE_CURVE ( 'NONE', #6022, #2809, #1152, .T. ) ;
#5589 = VECTOR ( 'NONE', #6026, 1000.000000000000000 ) ;
#5590 = EDGE_CURVE ( 'NONE', #3511, #1005, #3399, .T. ) ;
#5591 = CARTESIAN_POINT ( 'NONE',  ( -5.085870582803918794, 4.401186195567421855, 2.159000000000002917 ) ) ;
#5592 = ORIENTED_EDGE ( 'NONE', *, *, #2078, .F. ) ;
#5593 = CARTESIAN_POINT ( 'NONE',  ( -5.724327148805998355, 4.081300973171996915, 3.175000000000002487 ) ) ;
#5594 = VERTEX_POINT ( 'NONE', #1651 ) ;
#5595 = ORIENTED_EDGE ( 'NONE', *, *, #4695, .F. ) ;
#5596 = FACE_OUTER_BOUND ( 'NONE', #2102, .T. ) ;
#5597 = COLOUR_RGB ( '',0.7921568627450980005, 0.8196078431372548767, 0.9333333333333333481 ) ;
#5598 = DIRECTION ( 'NONE',  ( 5.130477113903260708E-17, 1.665334536937735304E-16, -1.000000000000000000 ) ) ;
#5599 = B_SPLINE_CURVE_WITH_KNOTS ( 'NONE', 3,
 ( #4759, #5971, #3687, #178 ),
 .UNSPECIFIED., .F., .F.,
 ( 4, 4 ),
 ( 0.000000000000000000, 1.000000000000000000 ),
 .UNSPECIFIED. ) ;
#5600 = CARTESIAN_POINT ( 'NONE',  ( 6.223000000000001641, 4.792684585299998190, -2.920999999999997154 ) ) ;
#5601 = EDGE_CURVE ( 'NONE', #3750, #302, #3479, .T. ) ;
#5602 = DIRECTION ( 'NONE',  ( 1.000000000000000000, 0.000000000000000000, 0.000000000000000000 ) ) ;
#5603 = DIRECTION ( 'NONE',  ( 0.000000000000000000, 1.000000000000000000, 1.665334536937735304E-16 ) ) ;
#5604 = ORIENTED_EDGE ( 'NONE', *, *, #4352, .T. ) ;
#5605 = CARTESIAN_POINT ( 'NONE',  ( -6.476999999999997648, -2.794000000000002260, 1.143000000000001570 ) ) ;
#5606 = VERTEX_POINT ( 'NONE', #6896 ) ;
#5607 = LINE ( 'NONE', #7504, #109 ) ;
#5608 = DIRECTION ( 'NONE',  ( 5.130477113903260708E-17, 1.665334536937735304E-16, -1.000000000000000000 ) ) ;
#5609 = EDGE_CURVE ( 'NONE', #6140, #979, #2794, .T. ) ;
#5610 = LINE ( 'NONE', #5532, #4701 ) ;
#5611 = ORIENTED_EDGE ( 'NONE', *, *, #5264, .F. ) ;
#5612 = ORIENTED_EDGE ( 'NONE', *, *, #2193, .T. ) ;
#5613 = COLOUR_RGB ( '',0.7921568627450980005, 0.8196078431372548767, 0.9333333333333333481 ) ;
#5614 = DIRECTION ( 'NONE',  ( 6.054179465614431083E-17, 0.7071067811865475727, -0.7071067811865474617 ) ) ;
#5615 = CARTESIAN_POINT ( 'NONE',  ( -3.962399999999997924, 1.977999999999996650, -4.524399999999998201 ) ) ;
#5616 = ADVANCED_FACE ( 'NONE', ( #5801 ), #5728, .F. ) ;
#5617 = EDGE_CURVE ( 'NONE', #6378, #2773, #14, .T. ) ;
#5618 = DIRECTION ( 'NONE',  ( 5.130477113903260708E-17, 1.665334536937735304E-16, -1.000000000000000000 ) ) ;
#5619 = EDGE_CURVE ( 'NONE', #1468, #6547, #6, .T. ) ;
#5620 = DIRECTION ( 'NONE',  ( -1.000000000000000000, 3.431425595409362857E-17, -5.130477113903259476E-17 ) ) ;
#5621 = ORIENTED_EDGE ( 'NONE', *, *, #5941, .T. ) ;
#5622 = DIRECTION ( 'NONE',  ( 1.000000000000000000, 0.000000000000000000, 0.000000000000000000 ) ) ;
#5623 = ORIENTED_EDGE ( 'NONE', *, *, #6931, .F. ) ;
#5624 = CARTESIAN_POINT ( 'NONE',  ( 5.371700992471001079, 4.741020151570097596, -4.444999999999996732 ) ) ;
#5625 = LINE ( 'NONE', #407, #2866 ) ;
#5626 = DIRECTION ( 'NONE',  ( 0.5625939497761849317, 0.8267333594788779383, 2.886375383747156989E-17 ) ) ;
#5627 = EDGE_LOOP ( 'NONE', ( #1731, #7234, #3062, #3118 ) ) ;
#5628 = CARTESIAN_POINT ( 'NONE',  ( -4.919058026673998718, 4.607104051550197532, 2.159000000000002917 ) ) ;
#5629 = ORIENTED_EDGE ( 'NONE', *, *, #1825, .F. ) ;
#5630 = ORIENTED_EDGE ( 'NONE', *, *, #4276, .T. ) ;
#5631 = LINE ( 'NONE', #2627, #3478 ) ;
#5632 = ADVANCED_FACE ( 'NONE', ( #1760 ), #2219, .F. ) ;
#5633 = DIRECTION ( 'NONE',  ( 1.000000000000000000, -3.431425595409362857E-17, 5.130477113903260092E-17 ) ) ;
#5634 = CARTESIAN_POINT ( 'NONE',  ( 5.085870582803002193, 4.401186195567396986, -2.920999999999997154 ) ) ;
#5635 = DIRECTION ( 'NONE',  ( 1.000000000000000000, 0.000000000000000000, 0.000000000000000000 ) ) ;
#5636 = PLANE ( 'NONE',  #4568 ) ;
#5637 = ORIENTED_EDGE ( 'NONE', *, *, #4937, .F. ) ;
#5638 = CARTESIAN_POINT ( 'NONE',  ( 4.808421041000001672, 4.469740654099996213, 4.699000000000003396 ) ) ;
#5639 = LINE ( 'NONE', #4933, #436 ) ;
#5640 = DIRECTION ( 'NONE',  ( 5.130477113903260708E-17, 1.665334536937735304E-16, -1.000000000000000000 ) ) ;
#5641 = EDGE_CURVE ( 'NONE', #2572, #1379, #6408, .T. ) ;
#5642 = CARTESIAN_POINT ( 'NONE',  ( -4.016399999999999970, 8.689999999999995950, 4.953000000000002956 ) ) ;
#5643 = CARTESIAN_POINT ( 'NONE',  ( 0.3810000000000011156, 7.112000000000000988, -8.524399999720998267 ) ) ;
#5644 = VERTEX_POINT ( 'NONE', #1192 ) ;
#5645 = ORIENTED_EDGE ( 'NONE', *, *, #4447, .F. ) ;
#5646 = AXIS2_PLACEMENT_3D ( 'NONE', #3424, #1824, #5750 ) ;
#5647 = DIRECTION ( 'NONE',  ( 1.000000000000000000, 0.000000000000000000, 0.000000000000000000 ) ) ;
#5648 = DIRECTION ( 'NONE',  ( 5.130477113903260708E-17, 1.665334536937735304E-16, -1.000000000000000000 ) ) ;
#5649 = LINE ( 'NONE', #2186, #3468 ) ;
#5650 = CIRCLE ( 'NONE', #7238, 0.2539999999999998925 ) ;
#5651 = VERTEX_POINT ( 'NONE', #3515 ) ;
#5652 = CARTESIAN_POINT ( 'NONE',  ( -2.158999999999999364, 3.556000000000001826, -8.524399999721003596 ) ) ;
#5653 = VERTEX_POINT ( 'NONE', #5158 ) ;
#5654 = PLANE ( 'NONE',  #847 ) ;
#5655 = ORIENTED_EDGE ( 'NONE', *, *, #7251, .F. ) ;
#5656 = B_SPLINE_CURVE_WITH_KNOTS ( 'NONE', 3,
 ( #5658, #6764, #2728, #1626 ),
 .UNSPECIFIED., .F., .F.,
 ( 4, 4 ),
 ( 0.000000000000000000, 1.000000000000000000 ),
 .UNSPECIFIED. ) ;
#5657 = EDGE_CURVE ( 'NONE', #4019, #1594, #545, .T. ) ;
#5658 = CARTESIAN_POINT ( 'NONE',  ( -4.808421040999999008, 6.218579345899996724, -0.3809999999999976739 ) ) ;
#5659 = VECTOR ( 'NONE', #832, 1000.000000000000000 ) ;
#5660 = FACE_OUTER_BOUND ( 'NONE', #204, .T. ) ;
#5661 = VECTOR ( 'NONE', #5618, 1000.000000000000000 ) ;
#5662 = AXIS2_PLACEMENT_3D ( 'NONE', #7105, #1366, #1896 ) ;
#5663 = CARTESIAN_POINT ( 'NONE',  ( 4.980928443000002481, 6.472079448499997056, -1.904999999999996918 ) ) ;
#5664 = ORIENTED_EDGE ( 'NONE', *, *, #6546, .T. ) ;
#5665 = EDGE_CURVE ( 'NONE', #6863, #4794, #623, .T. ) ;
#5666 = VECTOR ( 'NONE', #5204, 1000.000000000000000 ) ;
#5667 = CARTESIAN_POINT ( 'NONE',  ( -4.808421040999999008, 4.469740654099997101, 2.159000000000002917 ) ) ;
#5668 = ORIENTED_EDGE ( 'NONE', *, *, #1312, .T. ) ;
#5669 = ORIENTED_EDGE ( 'NONE', *, *, #2413, .F. ) ;
#5670 = CARTESIAN_POINT ( 'NONE',  ( -6.476999999999998536, 0.5079999999999971205, 2.159000000000002917 ) ) ;
#5671 = AXIS2_PLACEMENT_3D ( 'NONE', #6699, #6165, #7272 ) ;
#5672 = LINE ( 'NONE', #492, #7412 ) ;
#5673 = VECTOR ( 'NONE', #1709, 1000.000000000000000 ) ;
#5674 = DIRECTION ( 'NONE',  ( 3.431425595409362857E-17, 1.000000000000000000, 0.000000000000000000 ) ) ;
#5675 = CARTESIAN_POINT ( 'NONE',  ( -6.222999999999998977, 6.022838767099996105, 4.699000000000003396 ) ) ;
#5676 = VECTOR ( 'NONE', #2092, 1000.000000000000000 ) ;
#5677 = CARTESIAN_POINT ( 'NONE',  ( 5.679736218183011331, 5.999112874108535998, 4.699000000000003396 ) ) ;
#5678 = VERTEX_POINT ( 'NONE', #2256 ) ;
#5679 = VECTOR ( 'NONE', #6789, 1000.000000000000000 ) ;
#5680 = DIRECTION ( 'NONE',  ( 0.000000000000000000, 0.000000000000000000, -1.000000000000000000 ) ) ;
#5681 = EDGE_CURVE ( 'NONE', #6267, #5787, #4594, .T. ) ;
#5682 = LINE ( 'NONE', #1943, #558 ) ;
#5683 = DIRECTION ( 'NONE',  ( 0.000000000000000000, 0.000000000000000000, 1.000000000000000000 ) ) ;
#5684 = PRESENTATION_STYLE_ASSIGNMENT (( #581 ) ) ;
#5685 = CARTESIAN_POINT ( 'NONE',  ( 5.140909707198001222, 5.862319999999996867, -0.3809999999999976739 ) ) ;
#5686 = ORIENTED_EDGE ( 'NONE', *, *, #2555, .F. ) ;
#5687 = EDGE_CURVE ( 'NONE', #4125, #2277, #4635, .T. ) ;
#5688 = ORIENTED_EDGE ( 'NONE', *, *, #2822, .T. ) ;
#5689 = DIRECTION ( 'NONE',  ( -1.000000000000000000, 3.431425595409362857E-17, -5.130477113903259476E-17 ) ) ;
#5690 = DIRECTION ( 'NONE',  ( 4.546194912651008167E-17, -0.1527322659034993368, -0.9882676029051962185 ) ) ;
#5691 = CARTESIAN_POINT ( 'NONE',  ( -6.476999999999998536, -2.717800000000003546, 1.143000000000002458 ) ) ;
#5692 = EDGE_CURVE ( 'NONE', #862, #1954, #5270, .T. ) ;
#5693 = EDGE_LOOP ( 'NONE', ( #4879, #1078, #3356, #1230 ) ) ;
#5694 = CARTESIAN_POINT ( 'NONE',  ( 6.477000000000002089, 6.364590498671996777, 3.175000000000002487 ) ) ;
#5695 = EDGE_LOOP ( 'NONE', ( #3568, #5362 ) ) ;
#5696 = LINE ( 'NONE', #2877, #3389 ) ;
#5697 = EDGE_LOOP ( 'NONE', ( #2907, #7269, #3706, #3386 ) ) ;
#5698 = LINE ( 'NONE', #7087, #2677 ) ;
#5699 = DIRECTION ( 'NONE',  ( -3.431425595409362857E-17, -1.000000000000000000, -0.000000000000000000 ) ) ;
#5700 = FACE_OUTER_BOUND ( 'NONE', #3405, .T. ) ;
#5701 = VECTOR ( 'NONE', #4795, 1000.000000000000000 ) ;
#5702 = CARTESIAN_POINT ( 'NONE',  ( 5.825466848181001467, 6.796669658390997348, -1.904999999999996918 ) ) ;
#5703 = EDGE_CURVE ( 'NONE', #7332, #5740, #2107, .T. ) ;
#5704 = VERTEX_POINT ( 'NONE', #6522 ) ;
#5705 = CARTESIAN_POINT ( 'NONE',  ( -5.029696186833999327, 4.744466083986996985, -0.3809999999999976739 ) ) ;
#5706 = VERTEX_POINT ( 'NONE', #3588 ) ;
#5707 = CARTESIAN_POINT ( 'NONE',  ( -3.962399999999997924, 4.825999999999997847, -4.724399999999997490 ) ) ;
#5708 = DIRECTION ( 'NONE',  ( -1.000000000000000000, 3.431425595409362857E-17, -5.130477113903259476E-17 ) ) ;
#5709 = CIRCLE ( 'NONE', #6077, 1.270000000000000240 ) ;
#5710 = DIRECTION ( 'NONE',  ( 3.431425595409362857E-17, 1.000000000000000000, 0.000000000000000000 ) ) ;
#5711 = EDGE_CURVE ( 'NONE', #913, #6454, #2486, .T. ) ;
#5712 = CARTESIAN_POINT ( 'NONE',  ( 6.477000000000002089, 6.002332419999997448, -2.920999999999997154 ) ) ;
#5713 = FACE_OUTER_BOUND ( 'NONE', #5584, .T. ) ;
#5714 = EDGE_CURVE ( 'NONE', #3403, #18, #5996, .T. ) ;
#5715 = CARTESIAN_POINT ( 'NONE',  ( -4.980928442999998929, 6.472079448499997945, -1.904999999999997806 ) ) ;
#5716 = ORIENTED_EDGE ( 'NONE', *, *, #6641, .F. ) ;
#5717 = ADVANCED_FACE ( 'NONE', ( #5876 ), #3768, .T. ) ;
#5718 = CARTESIAN_POINT ( 'NONE',  ( -2.158999999999999364, 3.556000000000001826, -8.524399999721003596 ) ) ;
#5719 = CIRCLE ( 'NONE', #7540, 0.05400000000000022837 ) ;
#5720 = DIRECTION ( 'NONE',  ( 5.130477113903260708E-17, 1.665334536937735304E-16, -1.000000000000000000 ) ) ;
#5721 = CARTESIAN_POINT ( 'NONE',  ( 4.216400000000001036, 1.977999999999994873, 4.524400000000001754 ) ) ;
#5722 = SURFACE_STYLE_FILL_AREA ( #7506 ) ;
#5723 = DIRECTION ( 'NONE',  ( -5.130477113903260092E-17, 1.760485048530960256E-33, 1.000000000000000000 ) ) ;
#5724 = LINE ( 'NONE', #1794, #6750 ) ;
#5725 = VERTEX_POINT ( 'NONE', #3634 ) ;
#5726 = EDGE_LOOP ( 'NONE', ( #2058, #7027, #516, #640 ) ) ;
#5727 = EDGE_CURVE ( 'NONE', #7057, #263, #6152, .T. ) ;
#5728 = PLANE ( 'NONE',  #6870 ) ;
#5729 = CARTESIAN_POINT ( 'NONE',  ( 5.825466848181001467, 6.796669658390998237, -4.444999999999996732 ) ) ;
#5730 = CARTESIAN_POINT ( 'NONE',  ( 6.477000000000479929, 6.002332419999979685, 0.6350000000000027844 ) ) ;
#5731 = DIRECTION ( 'NONE',  ( -5.130477113903260708E-17, -1.665334536937735304E-16, 1.000000000000000000 ) ) ;
#5732 = ORIENTED_EDGE ( 'NONE', *, *, #1010, .T. ) ;
#5733 = CARTESIAN_POINT ( 'NONE',  ( -5.724327148805998355, 4.081300973171996915, -0.3809999999999976739 ) ) ;
#5734 = ORIENTED_EDGE ( 'NONE', *, *, #6931, .T. ) ;
#5735 = CARTESIAN_POINT ( 'NONE',  ( 6.222999999999739629, 5.895635414699983201, -0.3809999999999975628 ) ) ;
#5736 = CARTESIAN_POINT ( 'NONE',  ( -4.980928442999961625, 6.472079448499694188, -0.3809999999999977294 ) ) ;
#5737 = LINE ( 'NONE', #6451, #209 ) ;
#5738 = VECTOR ( 'NONE', #7454, 1000.000000000000000 ) ;
#5739 = CARTESIAN_POINT ( 'NONE',  ( 5.085678860472001794, 6.287389423200496985, -1.904999999999996918 ) ) ;
#5740 = VERTEX_POINT ( 'NONE', #6562 ) ;
#5741 = CARTESIAN_POINT ( 'NONE',  ( 2.159000000000001140, 7.112000000000000988, -8.524399999720998267 ) ) ;
#5742 = ORIENTED_EDGE ( 'NONE', *, *, #3953, .T. ) ;
#5743 = CARTESIAN_POINT ( 'NONE',  ( -0.3809999999999993947, 3.556000000000001826, -8.524399999721003596 ) ) ;
#5744 = DIRECTION ( 'NONE',  ( -1.000000000000000000, 3.431425595409362857E-17, -5.130477113903259476E-17 ) ) ;
#5745 = CARTESIAN_POINT ( 'NONE',  ( 4.919058033047578604, 4.607104059464186108, 0.6350000000000035616 ) ) ;
#5746 = CARTESIAN_POINT ( 'NONE',  ( -4.919058033047590150, 4.607104059464244727, 2.159000000000003805 ) ) ;
#5747 = CARTESIAN_POINT ( 'NONE',  ( -4.808421040999998120, 6.218579345900026034, 4.699000000000003396 ) ) ;
#5748 =( NAMED_UNIT ( * ) PLANE_ANGLE_UNIT ( ) SI_UNIT ( $, .RADIAN. ) );
#5749 = ORIENTED_EDGE ( 'NONE', *, *, #2842, .T. ) ;
#5750 = DIRECTION ( 'NONE',  ( -1.000000000000000000, 3.431425595409362857E-17, -5.130477113903259476E-17 ) ) ;
#5751 = CARTESIAN_POINT ( 'NONE',  ( 6.223000000000001641, -2.794000000000000483, -1.396999999999997133 ) ) ;
#5752 = DIRECTION ( 'NONE',  ( -5.130477113903260708E-17, -1.665334536937735304E-16, 1.000000000000000000 ) ) ;
#5753 = EDGE_CURVE ( 'NONE', #3194, #3145, #1351, .T. ) ;
#5754 = CARTESIAN_POINT ( 'NONE',  ( -5.679736216059511733, 4.689207129279837183, -2.920999999999998042 ) ) ;
#5755 = DIRECTION ( 'NONE',  ( 5.130477113903260708E-17, 1.665334536937735304E-16, -1.000000000000000000 ) ) ;
#5756 = ORIENTED_EDGE ( 'NONE', *, *, #3474, .T. ) ;
#5757 = ORIENTED_EDGE ( 'NONE', *, *, #4950, .T. ) ;
#5758 = DIRECTION ( 'NONE',  ( 5.130477113903260708E-17, 1.665334536937735304E-16, -1.000000000000000000 ) ) ;
#5759 = DIRECTION ( 'NONE',  ( 3.431425595409362857E-17, 1.000000000000000000, 0.000000000000000000 ) ) ;
#5760 = DIRECTION ( 'NONE',  ( -1.000000000000000000, 3.431425595409362857E-17, -5.130477113903259476E-17 ) ) ;
#5761 = CARTESIAN_POINT ( 'NONE',  ( -4.016400000000000858, 1.977999999999994873, 4.953000000000002956 ) ) ;
#5762 = EDGE_CURVE ( 'NONE', #2724, #3014, #2287, .T. ) ;
#5763 = ORIENTED_EDGE ( 'NONE', *, *, #6813, .F. ) ;
#5764 = CARTESIAN_POINT ( 'NONE',  ( -4.919058033047590150, 4.607104059464244727, -1.904999999999997584 ) ) ;
#5765 = EDGE_LOOP ( 'NONE', ( #3344, #2162, #5778, #118 ) ) ;
#5766 = B_SPLINE_CURVE_WITH_KNOTS ( 'NONE', 3,
 ( #1979, #4310, #6625, #3743 ),
 .UNSPECIFIED., .F., .F.,
 ( 4, 4 ),
 ( 0.000000000000000000, 1.000000000000000000 ),
 .UNSPECIFIED. ) ;
#5767 = LINE ( 'NONE', #6865, #2060 ) ;
#5768 = CARTESIAN_POINT ( 'NONE',  ( -4.808421040999999008, 4.469740654099997101, 0.6350000000000027844 ) ) ;
#5769 = CARTESIAN_POINT ( 'NONE',  ( 5.029696191436578978, 5.943853910299162990, 4.699000000000003396 ) ) ;
#5770 = AXIS2_PLACEMENT_3D ( 'NONE', #5652, #1728, #513 ) ;
#5771 = CARTESIAN_POINT ( 'NONE',  ( -2.158999999999999364, 3.556000000000000050, -5.422899999999997611 ) ) ;
#5772 = ORIENTED_EDGE ( 'NONE', *, *, #1990, .T. ) ;
#5773 = CARTESIAN_POINT ( 'NONE',  ( 5.507748381189001563, 4.825999999999996071, 4.699000000000003396 ) ) ;
#5774 = VERTEX_POINT ( 'NONE', #5424 ) ;
#5775 = VECTOR ( 'NONE', #4886, 1000.000000000000000 ) ;
#5776 = EDGE_CURVE ( 'NONE', #3064, #3514, #3735, .T. ) ;
#5777 = DIRECTION ( 'NONE',  ( -3.431425595409362857E-17, -1.000000000000000000, -0.000000000000000000 ) ) ;
#5778 = ORIENTED_EDGE ( 'NONE', *, *, #3019, .F. ) ;
#5779 = CARTESIAN_POINT ( 'NONE',  ( -4.980928442999998929, 6.472079448499997056, -0.3809999999999976739 ) ) ;
#5780 = AXIS2_PLACEMENT_3D ( 'NONE', #7471, #5016, #3033 ) ;
#5781 = CARTESIAN_POINT ( 'NONE',  ( -4.808421040999999008, 4.469740654099997990, -4.444999999999997620 ) ) ;
#5782 = VECTOR ( 'NONE', #7266, 1000.000000000000000 ) ;
#5783 = LINE ( 'NONE', #3921, #5988 ) ;
#5784 = DIRECTION ( 'NONE',  ( -5.130477113903260708E-17, -1.665334536937735304E-16, 1.000000000000000000 ) ) ;
#5785 = VECTOR ( 'NONE', #3804, 1000.000000000000000 ) ;
#5786 =( NAMED_UNIT ( * ) SI_UNIT ( $, .STERADIAN. ) SOLID_ANGLE_UNIT ( ) );
#5787 = VERTEX_POINT ( 'NONE', #3146 ) ;
#5788 = CARTESIAN_POINT ( 'NONE',  ( 6.223000000000001641, 5.895635414699998300, -4.444999999999996732 ) ) ;
#5789 = AXIS2_PLACEMENT_3D ( 'NONE', #838, #2585, #4919 ) ;
#5790 = CARTESIAN_POINT ( 'NONE',  ( 6.223000000000001641, -2.794000000000002260, 1.143000000000001570 ) ) ;
#5791 = SURFACE_STYLE_USAGE ( .BOTH. , #2900 ) ;
#5792 = B_SPLINE_CURVE_WITH_KNOTS ( 'NONE', 3,
 ( #6620, #6056, #4846, #842 ),
 .UNSPECIFIED., .F., .F.,
 ( 4, 4 ),
 ( 0.000000000000000000, 1.000000000000000000 ),
 .UNSPECIFIED. ) ;
#5793 = VECTOR ( 'NONE', #3888, 1000.000000000000000 ) ;
#5794 = CARTESIAN_POINT ( 'NONE',  ( -4.808421040999999008, 6.218579345899996724, 0.6350000000000027844 ) ) ;
#5795 = VECTOR ( 'NONE', #88, 1000.000000000000000 ) ;
#5796 = CARTESIAN_POINT ( 'NONE',  ( -6.222999999999998089, 4.792684585299998190, -4.444999999999997620 ) ) ;
#5797 = ADVANCED_FACE ( 'NONE', ( #208 ), #2476, .F. ) ;
#5798 = EDGE_LOOP ( 'NONE', ( #461, #702, #4868, #6381 ) ) ;
#5799 = ORIENTED_EDGE ( 'NONE', *, *, #65, .F. ) ;
#5800 = TOROIDAL_SURFACE ( 'NONE', #3859, 0.05399999999999998551, 0.2000000000000000111 ) ;
#5801 = FACE_OUTER_BOUND ( 'NONE', #2372, .T. ) ;
#5802 = FACE_OUTER_BOUND ( 'NONE', #3121, .T. ) ;
#5803 = EDGE_CURVE ( 'NONE', #6874, #6819, #160, .T. ) ;
#5804 = LINE ( 'NONE', #6939, #6504 ) ;
#5805 = EDGE_CURVE ( 'NONE', #868, #5028, #6195, .T. ) ;
#5806 = LINE ( 'NONE', #4599, #7118 ) ;
#5807 = ORIENTED_EDGE ( 'NONE', *, *, #3328, .T. ) ;
#5808 = EDGE_CURVE ( 'NONE', #4646, #6863, #1387, .T. ) ;
#5809 = FACE_OUTER_BOUND ( 'NONE', #1498, .T. ) ;
#5810 = ORIENTED_EDGE ( 'NONE', *, *, #110, .F. ) ;
#5811 = CARTESIAN_POINT ( 'NONE',  ( 5.507748380830438606, 5.862319999714967089, -0.3809999999999975628 ) ) ;
#5812 = CARTESIAN_POINT ( 'NONE',  ( -6.477000000000476376, 6.002332419999980573, -1.904999999999997806 ) ) ;
#5813 = DIRECTION ( 'NONE',  ( -0.5625939497761849317, 0.8267333594788778273, -2.886375383747156989E-17 ) ) ;
#5814 = AXIS2_PLACEMENT_3D ( 'NONE', #3861, #3361, #4977 ) ;
#5815 = CARTESIAN_POINT ( 'NONE',  ( -5.140909714137219311, 5.862319994912644994, -2.920999999999997598 ) ) ;
#5816 = ORIENTED_EDGE ( 'NONE', *, *, #4138, .F. ) ;
#5817 = CARTESIAN_POINT ( 'NONE',  ( 6.223000000000001641, 4.232135350799997475, -2.920999999999997154 ) ) ;
#5818 = ORIENTED_EDGE ( 'NONE', *, *, #4421, .F. ) ;
#5819 = ORIENTED_EDGE ( 'NONE', *, *, #4855, .T. ) ;
#5820 = CARTESIAN_POINT ( 'NONE',  ( -4.808421040999999008, 4.469740654099997990, -2.920999999999997598 ) ) ;
#5821 = EDGE_CURVE ( 'NONE', #4199, #2797, #6636, .T. ) ;
#5822 = ADVANCED_FACE ( 'NONE', ( #2603 ), #3255, .T. ) ;
#5823 = DIRECTION ( 'NONE',  ( -1.000000000000000000, 3.431425595409362857E-17, -5.130477113903259476E-17 ) ) ;
#5824 = AXIS2_PLACEMENT_3D ( 'NONE', #2426, #4146, #222 ) ;
#5825 = CARTESIAN_POINT ( 'NONE',  ( -3.962399999999998812, 1.977999999999996206, 4.470400000000003260 ) ) ;
#5826 = CARTESIAN_POINT ( 'NONE',  ( -5.959238082003999182, 6.445103080248996363, 4.699000000000003396 ) ) ;
#5827 = LINE ( 'NONE', #2935, #5775 ) ;
#5828 = ORIENTED_EDGE ( 'NONE', *, *, #6975, .T. ) ;
#5829 = CARTESIAN_POINT ( 'NONE',  ( 4.980928443000002481, 4.216240551499995881, 2.159000000000002917 ) ) ;
#5830 = PLANE ( 'NONE',  #71 ) ;
#5831 = VECTOR ( 'NONE', #4045, 1000.000000000000000 ) ;
#5832 = DIRECTION ( 'NONE',  ( -1.000000000000000000, 3.431425595409362857E-17, -5.130477113903259476E-17 ) ) ;
#5833 = SURFACE_STYLE_FILL_AREA ( #2330 ) ;
#5834 = DIRECTION ( 'NONE',  ( 1.000000000000000000, 0.000000000000000000, 0.000000000000000000 ) ) ;
#5835 = VECTOR ( 'NONE', #605, 999.9999999999998863 ) ;
#5836 = CARTESIAN_POINT ( 'NONE',  ( 5.959238082004001846, 4.243216919750997462, -4.444999999999996732 ) ) ;
#5837 = VERTEX_POINT ( 'NONE', #4975 ) ;
#5838 = VERTEX_POINT ( 'NONE', #1425 ) ;
#5839 = ORIENTED_EDGE ( 'NONE', *, *, #3292, .T. ) ;
#5840 = VECTOR ( 'NONE', #4761, 1000.000000000000000 ) ;
#5841 = ORIENTED_EDGE ( 'NONE', *, *, #2586, .F. ) ;
#5842 = CARTESIAN_POINT ( 'NONE',  ( 6.223000000000001641, 5.862319999999997755, -4.952999999999998515 ) ) ;
#5843 = EDGE_CURVE ( 'NONE', #302, #5838, #2752, .T. ) ;
#5844 = CARTESIAN_POINT ( 'NONE',  ( 5.507748381188819486, 4.826000000000000512, 0.6350000000000035616 ) ) ;
#5845 = DIRECTION ( 'NONE',  ( -1.656100224901131855E-15, 1.665334536937735797E-16, -1.000000000000000000 ) ) ;
#5846 = VERTEX_POINT ( 'NONE', #6071 ) ;
#5847 = LINE ( 'NONE', #6902, #5583 ) ;
#5848 = VERTEX_POINT ( 'NONE', #1066 ) ;
#5849 = ADVANCED_FACE ( 'NONE', ( #4359 ), #928, .T. ) ;
#5850 = CARTESIAN_POINT ( 'NONE',  ( 6.223000000000001641, 4.825999999999997847, 4.953000000000003844 ) ) ;
#5851 = EDGE_CURVE ( 'NONE', #5497, #5725, #7003, .T. ) ;
#5852 = FACE_OUTER_BOUND ( 'NONE', #2408, .T. ) ;
#5853 = EDGE_CURVE ( 'NONE', #1554, #2409, #5142, .T. ) ;
#5854 = CARTESIAN_POINT ( 'NONE',  ( -4.980928442999998929, 6.472079448499997945, -2.920999999999997598 ) ) ;
#5855 = ORIENTED_EDGE ( 'NONE', *, *, #2334, .T. ) ;
#5856 = LINE ( 'NONE', #5817, #5578 ) ;
#5857 = EDGE_LOOP ( 'NONE', ( #4679, #389, #3766, #413 ) ) ;
#5858 = ORIENTED_EDGE ( 'NONE', *, *, #6145, .T. ) ;
#5859 = CIRCLE ( 'NONE', #4157, 1.054100000000000481 ) ;
#5860 = PLANE ( 'NONE',  #560 ) ;
#5861 = CYLINDRICAL_SURFACE ( 'NONE', #4161, 0.3810000000000002829 ) ;
#5862 = FILL_AREA_STYLE ('',( #3537 ) ) ;
#5863 = VERTEX_POINT ( 'NONE', #2644 ) ;
#5864 = CARTESIAN_POINT ( 'NONE',  ( 5.959238082004001846, 6.445103080248997252, -4.444999999999996732 ) ) ;
#5865 = AXIS2_PLACEMENT_3D ( 'NONE', #3205, #6738, #885 ) ;
#5866 = EDGE_CURVE ( 'NONE', #2418, #4166, #1495, .T. ) ;
#5867 = CARTESIAN_POINT ( 'NONE',  ( -4.216399999999998371, 8.689999999999997726, -4.470399999999997931 ) ) ;
#5868 = DIRECTION ( 'NONE',  ( -3.431425595409362857E-17, -1.000000000000000000, -0.000000000000000000 ) ) ;
#5869 = CARTESIAN_POINT ( 'NONE',  ( -4.808421040999999008, 4.469740654099997990, -1.904999999999997806 ) ) ;
#5870 = DIRECTION ( 'NONE',  ( -1.000000000000000000, 3.431425595409362857E-17, -5.130477113903259476E-17 ) ) ;
#5871 = ORIENTED_EDGE ( 'NONE', *, *, #1812, .T. ) ;
#5872 = ORIENTED_EDGE ( 'NONE', *, *, #2923, .F. ) ;
#5873 = EDGE_LOOP ( 'NONE', ( #6456, #4860, #3640, #2992, #4463, #6024, #362, #4675 ) ) ;
#5874 = ORIENTED_EDGE ( 'NONE', *, *, #5803, .F. ) ;
#5875 = EDGE_CURVE ( 'NONE', #1431, #1467, #6677, .T. ) ;
#5876 = FACE_OUTER_BOUND ( 'NONE', #1541, .T. ) ;
#5877 =( NAMED_UNIT ( * ) SI_UNIT ( $, .STERADIAN. ) SOLID_ANGLE_UNIT ( ) );
#5878 = DIRECTION ( 'NONE',  ( 0.000000000000000000, -1.000000000000000000, 0.000000000000000000 ) ) ;
#5879 = CARTESIAN_POINT ( 'NONE',  ( 6.477000000000002089, -2.794000000000000483, -1.396999999999997133 ) ) ;
#5880 = ORIENTED_EDGE ( 'NONE', *, *, #1825, .T. ) ;
#5881 = CARTESIAN_POINT ( 'NONE',  ( 6.223000000000000753, -2.717800000000003546, 4.699000000000003396 ) ) ;
#5882 = ORIENTED_EDGE ( 'NONE', *, *, #5889, .F. ) ;
#5883 = DIRECTION ( 'NONE',  ( -1.000000000000000000, 3.431425595409362857E-17, -5.130477113903259476E-17 ) ) ;
#5884 = CARTESIAN_POINT ( 'NONE',  ( 1.448032414851892886E-15, 5.344159999999996913, 0.6350000000000027844 ) ) ;
#5885 = DIRECTION ( 'NONE',  ( -3.431425595409499675E-17, -1.000000000000000000, 2.665968374394000077E-14 ) ) ;
#5886 = ORIENTED_EDGE ( 'NONE', *, *, #6962, .T. ) ;
#5887 = DIRECTION ( 'NONE',  ( 1.000000000000000000, 0.000000000000000000, 0.000000000000000000 ) ) ;
#5888 = VERTEX_POINT ( 'NONE', #2237 ) ;
#5889 = EDGE_CURVE ( 'NONE', #1703, #3547, #1100, .T. ) ;
#5890 = CARTESIAN_POINT ( 'NONE',  ( 6.223000000000210363, 6.022838767100003210, -2.920999999999997154 ) ) ;
#5891 = AXIS2_PLACEMENT_3D ( 'NONE', #7241, #5496, #1305 ) ;
#5892 = CARTESIAN_POINT ( 'NONE',  ( 5.507748381189002451, 4.825999999999996071, 3.175000000000002487 ) ) ;
#5893 = CARTESIAN_POINT ( 'NONE',  ( -6.222999999999998977, 4.232135350799996587, 4.699000000000003396 ) ) ;
#5894 = PLANE ( 'NONE',  #6264 ) ;
#5895 = EDGE_CURVE ( 'NONE', #5268, #3584, #2567, .T. ) ;
#5896 = DIRECTION ( 'NONE',  ( 1.201410850312336183E-17, -0.7071067811865474617, -0.7071067811865475727 ) ) ;
#5897 = ORIENTED_EDGE ( 'NONE', *, *, #5, .F. ) ;
#5898 = EDGE_CURVE ( 'NONE', #1738, #1780, #6879, .T. ) ;
#5899 = VECTOR ( 'NONE', #646, 999.9999999999998863 ) ;
#5900 = PLANE ( 'NONE',  #6623 ) ;
#5901 = CARTESIAN_POINT ( 'NONE',  ( -2.158999999999999364, 3.556000000000000938, -8.524399999720996490 ) ) ;
#5902 = CARTESIAN_POINT ( 'NONE',  ( -2.158999999999999364, 3.556000000000001826, -12.57299999999996132 ) ) ;
#5903 = EDGE_CURVE ( 'NONE', #5970, #2589, #6921, .T. ) ;
#5904 = FACE_OUTER_BOUND ( 'NONE', #734, .T. ) ;
#5905 = CYLINDRICAL_SURFACE ( 'NONE', #5313, 1.054100000000000037 ) ;
#5906 = AXIS2_PLACEMENT_3D ( 'NONE', #1253, #1288, #3653 ) ;
#5907 = DIRECTION ( 'NONE',  ( -1.000000000000000000, 3.431425595409362857E-17, -5.130477113903259476E-17 ) ) ;
#5908 = VERTEX_POINT ( 'NONE', #1463 ) ;
#5909 = VECTOR ( 'NONE', #7290, 1000.000000000000000 ) ;
#5910 = EDGE_LOOP ( 'NONE', ( #3738, #2113, #7137, #2954 ) ) ;
#5911 = ORIENTED_EDGE ( 'NONE', *, *, #1416, .T. ) ;
#5912 = VERTEX_POINT ( 'NONE', #7421 ) ;
#5913 = VECTOR ( 'NONE', #4235, 1000.000000000000000 ) ;
#5914 = CARTESIAN_POINT ( 'NONE',  ( -6.222999999999736964, 5.895635414700080013, -4.444999999999997620 ) ) ;
#5915 = VECTOR ( 'NONE', #1723, 1000.000000000000000 ) ;
#5916 =( LENGTH_UNIT ( ) NAMED_UNIT ( * ) SI_UNIT ( .MILLI., .METRE. ) );
#5917 = CARTESIAN_POINT ( 'NONE',  ( 5.140909707198273004, 5.862319999999994202, -2.920999999999997598 ) ) ;
#5918 = DIRECTION ( 'NONE',  ( 1.000000000000000000, -3.431425595409362857E-17, 5.130477113903259476E-17 ) ) ;
#5919 = VECTOR ( 'NONE', #769, 1000.000000000000000 ) ;
#5920 = VERTEX_POINT ( 'NONE', #1675 ) ;
#5921 = ORIENTED_EDGE ( 'NONE', *, *, #6960, .T. ) ;
#5922 = VECTOR ( 'NONE', #2532, 1000.000000000000000 ) ;
#5923 = CARTESIAN_POINT ( 'NONE',  ( -5.371941468077999104, 5.947322718753697224, 3.175000000000003375 ) ) ;
#5924 = VERTEX_POINT ( 'NONE', #4902 ) ;
#5925 = CARTESIAN_POINT ( 'NONE',  ( 3.962400000000000588, 8.722359999999996560, 4.724400000000001931 ) ) ;
#5926 = PLANE ( 'NONE',  #63 ) ;
#5927 = CARTESIAN_POINT ( 'NONE',  ( -6.222999999999998089, 4.825999999999996959, -0.3809999999999976739 ) ) ;
#5928 = EDGE_CURVE ( 'NONE', #5888, #6154, #1993, .T. ) ;
#5929 = FACE_OUTER_BOUND ( 'NONE', #5726, .T. ) ;
#5930 = ORIENTED_EDGE ( 'NONE', *, *, #4026, .T. ) ;
#5931 = CARTESIAN_POINT ( 'NONE',  ( 4.216400000000001036, 8.722359999999996560, 4.470400000000003260 ) ) ;
#5932 = ORIENTED_EDGE ( 'NONE', *, *, #543, .T. ) ;
#5933 = ORIENTED_EDGE ( 'NONE', *, *, #1107, .T. ) ;
#5934 = CARTESIAN_POINT ( 'NONE',  ( -6.222999999999998977, -3.469446951953614189E-15, 4.191000000000001613 ) ) ;
#5935 = LINE ( 'NONE', #142, #1775 ) ;
#5936 = ADVANCED_FACE ( 'NONE', ( #5499 ), #6126, .F. ) ;
#5937 = CARTESIAN_POINT ( 'NONE',  ( 5.959238080889494249, 4.243216917964848456, 3.175000000000002487 ) ) ;
#5938 = ORIENTED_EDGE ( 'NONE', *, *, #5416, .T. ) ;
#5939 = CARTESIAN_POINT ( 'NONE',  ( -5.679736218183029983, 5.999112874108566196, 2.159000000000002917 ) ) ;
#5940 = CARTESIAN_POINT ( 'NONE',  ( -4.808421040999999896, 4.469740654099996213, 4.699000000000003396 ) ) ;
#5941 = EDGE_CURVE ( 'NONE', #3677, #3503, #4072, .T. ) ;
#5942 = CYLINDRICAL_SURFACE ( 'NONE', #114, 0.3810000000000002829 ) ;
#5943 = EDGE_CURVE ( 'NONE', #4553, #5725, #1819, .T. ) ;
#5944 = CARTESIAN_POINT ( 'NONE',  ( 4.919058033047578604, 4.607104059464186108, -1.904999999999997362 ) ) ;
#5945 = CARTESIAN_POINT ( 'NONE',  ( 2.159000000000001140, 7.112000000000000988, -8.524399999720998267 ) ) ;
#5946 = EDGE_CURVE ( 'NONE', #4630, #6057, #24, .T. ) ;
#5947 = DIRECTION ( 'NONE',  ( 0.000000000000000000, 0.000000000000000000, 1.000000000000000000 ) ) ;
#5948 = EDGE_LOOP ( 'NONE', ( #3450, #7023, #1255, #7304 ) ) ;
#5949 = DIRECTION ( 'NONE',  ( 1.000000000000000000, 0.000000000000000000, 0.000000000000000000 ) ) ;
#5950 = AXIS2_PLACEMENT_3D ( 'NONE', #5242, #11, #1842 ) ;
#5951 = ORIENTED_EDGE ( 'NONE', *, *, #5805, .F. ) ;
#5952 = ORIENTED_EDGE ( 'NONE', *, *, #3542, .F. ) ;
#5953 = ORIENTED_EDGE ( 'NONE', *, *, #4036, .T. ) ;
#5954 = CARTESIAN_POINT ( 'NONE',  ( 5.679736218183011331, 5.999112874108536886, -0.3809999999999975628 ) ) ;
#5955 = DIRECTION ( 'NONE',  ( -1.000000000000000000, 3.431425595409362857E-17, -5.130477113903259476E-17 ) ) ;
#5956 = VECTOR ( 'NONE', #554, 1000.000000000000000 ) ;
#5957 = CARTESIAN_POINT ( 'NONE',  ( 6.477000000000002089, 0.5079999999999971205, 2.159000000000002917 ) ) ;
#5958 = CARTESIAN_POINT ( 'NONE',  ( -5.371700992470997527, 4.741020151570097596, -2.920999999999998042 ) ) ;
#5959 = ORIENTED_EDGE ( 'NONE', *, *, #2860, .F. ) ;
#5960 = VERTEX_POINT ( 'NONE', #4616 ) ;
#5961 = DIRECTION ( 'NONE',  ( 3.431425595409362857E-17, 1.000000000000000000, 0.000000000000000000 ) ) ;
#5962 = AXIS2_PLACEMENT_3D ( 'NONE', #6467, #5752, #6968 ) ;
#5963 = VERTEX_POINT ( 'NONE', #6996 ) ;
#5964 = EDGE_CURVE ( 'NONE', #489, #2181, #7370, .T. ) ;
#5965 = DIRECTION ( 'NONE',  ( 1.000000000000000000, 0.000000000000000000, 0.000000000000000000 ) ) ;
#5966 = B_SPLINE_CURVE_WITH_KNOTS ( 'NONE', 3,
 ( #1983, #1262, #3745, #1341 ),
 .UNSPECIFIED., .F., .F.,
 ( 4, 4 ),
 ( 0.000000000000000000, 1.000000000000000000 ),
 .UNSPECIFIED. ) ;
#5967 = CARTESIAN_POINT ( 'NONE',  ( -5.825466848180998802, 6.796669658390996460, 4.699000000000003396 ) ) ;
#5968 = CARTESIAN_POINT ( 'NONE',  ( -5.140909707197997669, 4.825999999999996959, -0.3809999999999976739 ) ) ;
#5969 = CARTESIAN_POINT ( 'NONE',  ( 2.159000000000001140, 7.112000000000000988, -11.52441814999999714 ) ) ;
#5970 = VERTEX_POINT ( 'NONE', #3009 ) ;
#5971 = CARTESIAN_POINT ( 'NONE',  ( -5.029696186833999327, 4.744466083986997873, -4.444999999999997620 ) ) ;
#5972 = ORIENTED_EDGE ( 'NONE', *, *, #6405, .T. ) ;
#5973 = EDGE_CURVE ( 'NONE', #6197, #7425, #2967, .T. ) ;
#5974 = CARTESIAN_POINT ( 'NONE',  ( -6.223000000000387111, 4.792684585299991973, 2.159000000000002473 ) ) ;
#5975 = EDGE_CURVE ( 'NONE', #4814, #4432, #607, .T. ) ;
#5976 = LINE ( 'NONE', #7229, #3125 ) ;
#5977 = LINE ( 'NONE', #2511, #4444 ) ;
#5978 = B_SPLINE_CURVE_WITH_KNOTS ( 'NONE', 3,
 ( #3482, #4097, #3553, #6445, #1691, #4713 ),
 .UNSPECIFIED., .F., .F.,
 ( 4, 1, 1, 4 ),
 ( 0.000000000000000000, 0.4014956229037000002, 0.7375322085786999438, 1.000000000000000000 ),
 .UNSPECIFIED. ) ;
#5979 =( NAMED_UNIT ( * ) PLANE_ANGLE_UNIT ( ) SI_UNIT ( $, .RADIAN. ) );
#5980 = ORIENTED_EDGE ( 'NONE', *, *, #1618, .F. ) ;
#5981 = CARTESIAN_POINT ( 'NONE',  ( -5.140909714137239739, 5.862319994912671639, -1.904999999999998028 ) ) ;
#5982 = B_SPLINE_CURVE_WITH_KNOTS ( 'NONE', 3,
 ( #5663, #5739, #7485, #5702, #4564, #521 ),
 .UNSPECIFIED., .F., .F.,
 ( 4, 1, 1, 4 ),
 ( 0.000000000000000000, 0.2624677914213000007, 0.5985043770962999998, 1.000000000000000000 ),
 .UNSPECIFIED. ) ;
#5983 = DIRECTION ( 'NONE',  ( 5.130477113903260708E-17, 1.665334536937735304E-16, -1.000000000000000000 ) ) ;
#5984 = DIRECTION ( 'NONE',  ( 0.000000000000000000, -1.000000000000000000, 0.000000000000000000 ) ) ;
#5985 = UNCERTAINTY_MEASURE_WITH_UNIT (LENGTH_MEASURE( 1.000000000000000082E-05 ), #5228, 'distance_accuracy_value', 'NONE');
#5986 = CARTESIAN_POINT ( 'NONE',  ( 5.140909714137317899, 5.862319994912774668, -4.444999999999997620 ) ) ;
#5987 = DIRECTION ( 'NONE',  ( -3.431425595409362857E-17, -1.000000000000000000, -0.000000000000000000 ) ) ;
#5988 = VECTOR ( 'NONE', #5674, 1000.000000000000000 ) ;
#5989 = LINE ( 'NONE', #3138, #6986 ) ;
#5990 = EDGE_LOOP ( 'NONE', ( #3789, #253, #5266, #185 ) ) ;
#5991 = CARTESIAN_POINT ( 'NONE',  ( 3.962400000000001477, 8.689999999999995950, -4.524399999999997313 ) ) ;
#5992 = ORIENTED_EDGE ( 'NONE', *, *, #5548, .F. ) ;
#5993 = ORIENTED_EDGE ( 'NONE', *, *, #5394, .T. ) ;
#5994 = EDGE_CURVE ( 'NONE', #423, #57, #7534, .T. ) ;
#5995 = CARTESIAN_POINT ( 'NONE',  ( -2.920999999999998042, 3.556000000000001826, -12.57299999999995954 ) ) ;
#5996 = LINE ( 'NONE', #1875, #6273 ) ;
#5997 = CARTESIAN_POINT ( 'NONE',  ( 6.477000000000002089, -1.734723475976807094E-15, -3.936999999999996724 ) ) ;
#5998 = CARTESIAN_POINT ( 'NONE',  ( -6.222999999999998089, -2.717800000000003546, 1.651000000000002244 ) ) ;
#5999 = ORIENTED_EDGE ( 'NONE', *, *, #4661, .T. ) ;
#6000 = ORIENTED_EDGE ( 'NONE', *, *, #1499, .T. ) ;
#6001 = CARTESIAN_POINT ( 'NONE',  ( 4.808421041000001672, 6.218579345899995836, 4.699000000000003396 ) ) ;
#6002 = CARTESIAN_POINT ( 'NONE',  ( -6.222999999999998977, 4.792684585299996414, 4.699000000000003396 ) ) ;
#6003 = DIRECTION ( 'NONE',  ( 3.431425595409362857E-17, 1.000000000000000000, 0.000000000000000000 ) ) ;
#6004 = EDGE_CURVE ( 'NONE', #2607, #4839, #4686, .T. ) ;
#6005 = LINE ( 'NONE', #1848, #673 ) ;
#6006 = EDGE_LOOP ( 'NONE', ( #3992, #4569, #3275, #2678 ) ) ;
#6007 = CARTESIAN_POINT ( 'NONE',  ( -6.109955650407425054, 4.159618444802801740, 4.699000000000003396 ) ) ;
#6008 = ORIENTED_EDGE ( 'NONE', *, *, #6167, .T. ) ;
#6009 = DIRECTION ( 'NONE',  ( -5.130477113903260708E-17, -1.665334536937735304E-16, 1.000000000000000000 ) ) ;
#6010 = LINE ( 'NONE', #1287, #1169 ) ;
#6011 = DIRECTION ( 'NONE',  ( 0.5625939497761849317, 0.8267333594788778273, 2.886375383747156989E-17 ) ) ;
#6012 = ORIENTED_EDGE ( 'NONE', *, *, #3675, .T. ) ;
#6013 = DIRECTION ( 'NONE',  ( 3.431425595409362857E-17, 1.000000000000000000, 0.000000000000000000 ) ) ;
#6014 = ADVANCED_FACE ( 'NONE', ( #1216 ), #5328, .F. ) ;
#6015 = VECTOR ( 'NONE', #154, 1000.000000000000000 ) ;
#6016 = CARTESIAN_POINT ( 'NONE',  ( 6.223000000000001641, 4.792684585299997302, -1.904999999999996918 ) ) ;
#6017 = CARTESIAN_POINT ( 'NONE',  ( -5.507748381188792841, 4.826000000000000512, 0.6350000000000023404 ) ) ;
#6018 = PRESENTATION_STYLE_ASSIGNMENT (( #3699 ) ) ;
#6019 = FACE_OUTER_BOUND ( 'NONE', #7038, .T. ) ;
#6020 = VECTOR ( 'NONE', #6630, 1000.000000000000000 ) ;
#6021 = CARTESIAN_POINT ( 'NONE',  ( -6.222999999999998089, 6.022838767099996993, 3.175000000000002487 ) ) ;
#6022 = VERTEX_POINT ( 'NONE', #6425 ) ;
#6023 = FACE_OUTER_BOUND ( 'NONE', #7440, .T. ) ;
#6024 = ORIENTED_EDGE ( 'NONE', *, *, #2688, .F. ) ;
#6025 = ORIENTED_EDGE ( 'NONE', *, *, #4649, .F. ) ;
#6026 = DIRECTION ( 'NONE',  ( -5.130477113903260708E-17, -1.665334536937735304E-16, 1.000000000000000000 ) ) ;
#6027 = VECTOR ( 'NONE', #3341, 1000.000000000000000 ) ;
#6028 = CARTESIAN_POINT ( 'NONE',  ( -6.223000000000173948, 6.022838767100056501, -4.444999999999997620 ) ) ;
#6029 = VECTOR ( 'NONE', #6011, 999.9999999999998863 ) ;
#6030 = CARTESIAN_POINT ( 'NONE',  ( 5.085678860472001794, 6.287389423200496097, 0.6350000000000027844 ) ) ;
#6031 = VECTOR ( 'NONE', #5237, 1000.000000000000000 ) ;
#6032 = EDGE_CURVE ( 'NONE', #2409, #378, #62, .T. ) ;
#6033 = CARTESIAN_POINT ( 'NONE',  ( 2.159000000000000696, 7.112000000000000988, -8.524399999720996490 ) ) ;
#6034 = VECTOR ( 'NONE', #6941, 1000.000000000000000 ) ;
#6035 = EDGE_LOOP ( 'NONE', ( #4011, #6974, #3265, #590, #1514, #1061, #3832, #1747, #4974, #2505, #7299, #7518, #5280, #3224 ) ) ;
#6036 = ORIENTED_EDGE ( 'NONE', *, *, #2568, .T. ) ;
#6037 = EDGE_LOOP ( 'NONE', ( #3235, #1859, #7397, #1629 ) ) ;
#6038 = VECTOR ( 'NONE', #649, 1000.000000000000000 ) ;
#6039 = CARTESIAN_POINT ( 'NONE',  ( 3.962400000000001477, 5.862319999999997755, -4.724399999999997490 ) ) ;
#6040 = CYLINDRICAL_SURFACE ( 'NONE', #193, 0.3809999999999998388 ) ;
#6041 = EDGE_CURVE ( 'NONE', #7278, #1672, #6344, .T. ) ;
#6042 = CARTESIAN_POINT ( 'NONE',  ( -6.222999999999998089, -2.602085213965210642E-15, -1.396999999999997577 ) ) ;
#6043 = EDGE_CURVE ( 'NONE', #5644, #2826, #481, .T. ) ;
#6044 = DIRECTION ( 'NONE',  ( 5.130477113903260708E-17, 1.665334536937735304E-16, -1.000000000000000000 ) ) ;
#6045 = AXIS2_PLACEMENT_3D ( 'NONE', #6232, #1739, #7530 ) ;
#6046 = AXIS2_PLACEMENT_3D ( 'NONE', #4755, #3042, #5359 ) ;
#6047 = ADVANCED_FACE ( 'NONE', ( #3499 ), #5860, .F. ) ;
#6048 = LINE ( 'NONE', #5506, #5659 ) ;
#6049 = B_SPLINE_CURVE_WITH_KNOTS ( 'NONE', 3,
 ( #1991, #2485, #3751, #6599, #3100, #4816 ),
 .UNSPECIFIED., .F., .F.,
 ( 4, 1, 1, 4 ),
 ( 0.000000000000000000, 0.4014956229037000002, 0.7375322085786999438, 1.000000000000000000 ),
 .UNSPECIFIED. ) ;
#6050 = VERTEX_POINT ( 'NONE', #4151 ) ;
#6051 = CARTESIAN_POINT ( 'NONE',  ( -6.222999999999998089, 5.895635414699998300, -4.444999999999997620 ) ) ;
#6052 = VERTEX_POINT ( 'NONE', #1251 ) ;
#6053 = FACE_OUTER_BOUND ( 'NONE', #2890, .T. ) ;
#6054 = CARTESIAN_POINT ( 'NONE',  ( -5.507748381188816822, 4.826000000000001400, -2.920999999999997598 ) ) ;
#6055 = DIRECTION ( 'NONE',  ( -1.000000000000000000, 0.000000000000000000, 0.000000000000000000 ) ) ;
#6056 = CARTESIAN_POINT ( 'NONE',  ( 4.919058026674002271, 4.607104051550197532, 0.6350000000000027844 ) ) ;
#6057 = VERTEX_POINT ( 'NONE', #3571 ) ;
#6058 = DIRECTION ( 'NONE',  ( -1.000000000000000000, 3.431425595409362857E-17, -5.130477113903259476E-17 ) ) ;
#6059 = CARTESIAN_POINT ( 'NONE',  ( 5.140909707198001222, 5.862319999999996867, -1.904999999999996918 ) ) ;
#6060 = ADVANCED_FACE ( 'NONE', ( #102 ), #7072, .F. ) ;
#6061 = B_SPLINE_CURVE_WITH_KNOTS ( 'NONE', 3,
 ( #5129, #1660, #3982, #6330 ),
 .UNSPECIFIED., .F., .F.,
 ( 4, 4 ),
 ( 0.000000000000000000, 1.000000000000000000 ),
 .UNSPECIFIED. ) ;
#6062 = DIRECTION ( 'NONE',  ( -1.000000000000000000, 3.431425595409362857E-17, -5.130477113903259476E-17 ) ) ;
#6063 = CARTESIAN_POINT ( 'NONE',  ( 4.808421041000002560, 6.218579345899997612, -4.444999999999997620 ) ) ;
#6064 = CARTESIAN_POINT ( 'NONE',  ( 5.371941468078000881, 5.947322718753696336, 3.175000000000002487 ) ) ;
#6065 = ORIENTED_EDGE ( 'NONE', *, *, #5843, .T. ) ;
#6066 = CARTESIAN_POINT ( 'NONE',  ( 3.175000000000001599, 7.112000000000000988, -8.524399999720998267 ) ) ;
#6067 = B_SPLINE_SURFACE_WITH_KNOTS ( 'NONE', 3, 1, ( 
 ( #2542, #757 ),
 ( #99, #1246 ),
 ( #1850, #6615 ),
 ( #1282, #1401 ),
 ( #7028, #4880 ) ),
 .UNSPECIFIED., .F., .F., .F.,
 ( 4, 1, 4 ),
 ( 2, 2 ),
 ( 0.01043166776921314667, 0.2126490142698000130, 0.5410955592654697055 ),
 ( 0.000000000000000000, 1.000000000000000000 ),
 .UNSPECIFIED. ) ;
#6068 = ORIENTED_EDGE ( 'NONE', *, *, #4501, .T. ) ;
#6069 = DIRECTION ( 'NONE',  ( -5.130477113903260708E-17, -1.665334536937735304E-16, 1.000000000000000000 ) ) ;
#6070 = B_SPLINE_CURVE_WITH_KNOTS ( 'NONE', 3,
 ( #6871, #3449, #448, #2274, #5101 ),
 .UNSPECIFIED., .F., .F.,
 ( 4, 1, 4 ),
 ( 0.000000000000000000, 0.6189351753168998993, 1.000000000000000000 ),
 .UNSPECIFIED. ) ;
#6071 = CARTESIAN_POINT ( 'NONE',  ( 6.223000000000001641, 0.5079999999999971205, 0.6350000000000027844 ) ) ;
#6072 = LINE ( 'NONE', #6138, #388 ) ;
#6073 = VECTOR ( 'NONE', #6379, 999.9999999999998863 ) ;
#6074 = CARTESIAN_POINT ( 'NONE',  ( 5.140909707198001222, 5.862319999999995979, 3.175000000000002487 ) ) ;
#6075 = VERTEX_POINT ( 'NONE', #6497 ) ;
#6076 = VERTEX_POINT ( 'NONE', #5178 ) ;
#6077 = AXIS2_PLACEMENT_3D ( 'NONE', #6319, #1186, #6436 ) ;
#6078 = EDGE_CURVE ( 'NONE', #5164, #703, #3457, .T. ) ;
#6079 = CARTESIAN_POINT ( 'NONE',  ( -4.980928442999998929, 4.216240551499996769, 2.159000000000002917 ) ) ;
#6080 = PLANE ( 'NONE',  #6766 ) ;
#6081 = CARTESIAN_POINT ( 'NONE',  ( 5.029696199582846639, 4.744466099814913740, -4.444999999999995843 ) ) ;
#6082 = AXIS2_PLACEMENT_3D ( 'NONE', #1781, #2844, #6994 ) ;
#6083 = CARTESIAN_POINT ( 'NONE',  ( 5.085870582803922346, 4.401186195567423631, -1.904999999999997140 ) ) ;
#6084 = ORIENTED_EDGE ( 'NONE', *, *, #7494, .F. ) ;
#6085 = CARTESIAN_POINT ( 'NONE',  ( 4.808421040999975915, 6.218579345899993172, 0.6350000000000027844 ) ) ;
#6086 = ORIENTED_EDGE ( 'NONE', *, *, #318, .F. ) ;
#6087 = ADVANCED_FACE ( 'NONE', ( #1405 ), #2471, .F. ) ;
#6088 = CARTESIAN_POINT ( 'NONE',  ( 7.772400000000001086, 0.5079999999999971205, 2.159000000000002917 ) ) ;
#6089 = CARTESIAN_POINT ( 'NONE',  ( -4.808421040999577123, 4.469740654099995325, -2.920999999999997598 ) ) ;
#6090 = LINE ( 'NONE', #5027, #6027 ) ;
#6091 = ORIENTED_EDGE ( 'NONE', *, *, #225, .F. ) ;
#6092 = CARTESIAN_POINT ( 'NONE',  ( 3.962400000000000588, 4.825999999999996071, 4.724400000000001931 ) ) ;
#6093 = ORIENTED_EDGE ( 'NONE', *, *, #3633, .T. ) ;
#6094 = CARTESIAN_POINT ( 'NONE',  ( 7.772400000000001086, -2.717800000000001770, -3.936999999999996724 ) ) ;
#6095 = CARTESIAN_POINT ( 'NONE',  ( 2.159000000000001140, 7.112000000000000988, -12.91441695749999674 ) ) ;
#6096 = FACE_OUTER_BOUND ( 'NONE', #2468, .T. ) ;
#6097 = CARTESIAN_POINT ( 'NONE',  ( 7.772400000000001086, -1.734723475976807094E-15, -3.936999999999996724 ) ) ;
#6098 = EDGE_CURVE ( 'NONE', #7214, #1005, #5935, .T. ) ;
#6099 = CARTESIAN_POINT ( 'NONE',  ( -6.476999999999998536, 6.002332419999998336, -4.444999999999997620 ) ) ;
#6100 = ORIENTED_EDGE ( 'NONE', *, *, #615, .F. ) ;
#6101 = CARTESIAN_POINT ( 'NONE',  ( -6.222999999999998089, 4.232135350799998363, -2.920999999999997598 ) ) ;
#6102 = VECTOR ( 'NONE', #6669, 1000.000000000000000 ) ;
#6103 = ORIENTED_EDGE ( 'NONE', *, *, #5703, .T. ) ;
#6104 = CARTESIAN_POINT ( 'NONE',  ( -4.980928442999998929, 6.472079448499997056, 2.159000000000002917 ) ) ;
#6105 = CARTESIAN_POINT ( 'NONE',  ( -5.140909707197997669, 4.825999999999997847, -2.920999999999997598 ) ) ;
#6106 = CARTESIAN_POINT ( 'NONE',  ( 6.223000000000001641, 4.792684585299996414, 3.175000000000002487 ) ) ;
#6107 = ORIENTED_EDGE ( 'NONE', *, *, #21, .T. ) ;
#6108 = ADVANCED_FACE ( 'NONE', ( #3124 ), #5519, .F. ) ;
#6109 = ORIENTED_EDGE ( 'NONE', *, *, #2640, .T. ) ;
#6110 = CARTESIAN_POINT ( 'NONE',  ( 6.223000000000001641, 4.232135350799996587, 2.159000000000002917 ) ) ;
#6111 = CARTESIAN_POINT ( 'NONE',  ( 6.109955650407427719, 4.159618444802801740, 2.159000000000003805 ) ) ;
#6112 = CARTESIAN_POINT ( 'NONE',  ( 2.159000000000001140, 7.112000000000000988, -8.524399999720998267 ) ) ;
#6113 = ORIENTED_EDGE ( 'NONE', *, *, #2568, .F. ) ;
#6114 = CARTESIAN_POINT ( 'NONE',  ( 5.029696191436579866, 5.943853910299162990, 2.159000000000002917 ) ) ;
#6115 = EDGE_LOOP ( 'NONE', ( #5757, #3773, #116, #6403 ) ) ;
#6116 = CARTESIAN_POINT ( 'NONE',  ( 5.029696199582962990, 4.744466099814836468, 3.175000000000002487 ) ) ;
#6117 = LINE ( 'NONE', #2767, #6395 ) ;
#6118 = CARTESIAN_POINT ( 'NONE',  ( -6.222999999999998089, -2.717800000000001770, -3.428999999999997605 ) ) ;
#6119 = ADVANCED_FACE ( 'NONE', ( #4844 ), #183, .T. ) ;
#6120 = ORIENTED_EDGE ( 'NONE', *, *, #6357, .F. ) ;
#6121 = DIRECTION ( 'NONE',  ( 5.130477113903260092E-17, 1.665334536937735304E-16, -1.000000000000000000 ) ) ;
#6122 = ORIENTED_EDGE ( 'NONE', *, *, #4188, .T. ) ;
#6123 = LINE ( 'NONE', #3171, #1044 ) ;
#6124 = DIRECTION ( 'NONE',  ( 3.431425595409362857E-17, 1.000000000000000000, 0.000000000000000000 ) ) ;
#6125 = EDGE_CURVE ( 'NONE', #4964, #913, #3471, .T. ) ;
#6126 = B_SPLINE_SURFACE_WITH_KNOTS ( 'NONE', 3, 1, ( 
 ( #7246, #2031 ),
 ( #6136, #1634 ),
 ( #2203, #5745 ),
 ( #6459, #2322 ) ),
 .UNSPECIFIED., .F., .F., .F.,
 ( 4, 4 ),
 ( 2, 2 ),
 ( 0.7764366983749713125, 0.9920866337330077611 ),
 ( 0.000000000000000000, 1.000000000000000000 ),
 .UNSPECIFIED. ) ;
#6127 = CARTESIAN_POINT ( 'NONE',  ( 5.959238082004001846, 4.243216919750996574, 3.175000000000002487 ) ) ;
#6128 = CARTESIAN_POINT ( 'NONE',  ( 6.477000000000001201, -2.717800000000003546, 3.683000000000002050 ) ) ;
#6129 = EDGE_CURVE ( 'NONE', #4646, #1923, #300, .T. ) ;
#6130 = FACE_OUTER_BOUND ( 'NONE', #5096, .T. ) ;
#6131 = ORIENTED_EDGE ( 'NONE', *, *, #1289, .T. ) ;
#6132 = CARTESIAN_POINT ( 'NONE',  ( -6.222999999999998089, 5.862319999999997755, 4.953000000000002068 ) ) ;
#6133 = ORIENTED_EDGE ( 'NONE', *, *, #741, .F. ) ;
#6134 = CARTESIAN_POINT ( 'NONE',  ( -6.476999999999998536, -2.602085213965210642E-15, -1.396999999999997577 ) ) ;
#6135 = ORIENTED_EDGE ( 'NONE', *, *, #541, .T. ) ;
#6136 = CARTESIAN_POINT ( 'NONE',  ( 5.029696199582962990, 4.744466099814836468, 2.159000000000003361 ) ) ;
#6137 = CIRCLE ( 'NONE', #4986, 1.015999999999999570 ) ;
#6138 = CARTESIAN_POINT ( 'NONE',  ( 6.223000000000001641, -2.717800000000003546, 1.143000000000002458 ) ) ;
#6139 = DIRECTION ( 'NONE',  ( -1.000000000000000000, 3.431425595409362857E-17, -5.130477113903259476E-17 ) ) ;
#6140 = VERTEX_POINT ( 'NONE', #1331 ) ;
#6141 = VECTOR ( 'NONE', #2335, 1000.000000000000000 ) ;
#6142 = ORIENTED_EDGE ( 'NONE', *, *, #2921, .F. ) ;
#6143 = EDGE_CURVE ( 'NONE', #7338, #1347, #5976, .T. ) ;
#6144 = VECTOR ( 'NONE', #659, 1000.000000000000000 ) ;
#6145 = EDGE_CURVE ( 'NONE', #4839, #3511, #1937, .T. ) ;
#6146 = DIRECTION ( 'NONE',  ( -1.000000000000000000, 1.371699786071155937E-16, 7.238445109071316109E-49 ) ) ;
#6147 = VECTOR ( 'NONE', #3435, 1000.000000000000000 ) ;
#6148 = LINE ( 'NONE', #975, #2758 ) ;
#6149 = VECTOR ( 'NONE', #7515, 1000.000000000000000 ) ;
#6150 = FACE_OUTER_BOUND ( 'NONE', #5514, .T. ) ;
#6151 = ORIENTED_EDGE ( 'NONE', *, *, #880, .T. ) ;
#6152 = CIRCLE ( 'NONE', #2637, 0.1999999999999996503 ) ;
#6153 = CARTESIAN_POINT ( 'NONE',  ( -6.222999999999998089, 4.232135350799998363, -4.444999999999997620 ) ) ;
#6154 = VERTEX_POINT ( 'NONE', #6054 ) ;
#6155 = ADVANCED_FACE ( 'NONE', ( #3652 ), #2670, .T. ) ;
#6156 = CARTESIAN_POINT ( 'NONE',  ( 5.029696199582962990, 4.744466099814836468, 4.699000000000004285 ) ) ;
#6157 = VECTOR ( 'NONE', #4353, 1000.000000000000000 ) ;
#6158 = LINE ( 'NONE', #2228, #3848 ) ;
#6159 = VECTOR ( 'NONE', #6291, 1000.000000000000000 ) ;
#6160 = ORIENTED_EDGE ( 'NONE', *, *, #7291, .T. ) ;
#6161 = CARTESIAN_POINT ( 'NONE',  ( 2.159000000000001140, 7.112000000000000988, -12.31899999999999906 ) ) ;
#6162 = ORIENTED_EDGE ( 'NONE', *, *, #1726, .F. ) ;
#6163 = CIRCLE ( 'NONE', #7139, 0.1999999999999996503 ) ;
#6164 = ORIENTED_EDGE ( 'NONE', *, *, #3111, .F. ) ;
#6165 = DIRECTION ( 'NONE',  ( -1.000000000000000000, 3.431425595409362857E-17, -5.130477113903259476E-17 ) ) ;
#6166 = CARTESIAN_POINT ( 'NONE',  ( 5.029696186834001992, 5.943853916012995953, 3.175000000000002487 ) ) ;
#6167 = EDGE_CURVE ( 'NONE', #2643, #990, #6010, .T. ) ;
#6168 = CARTESIAN_POINT ( 'NONE',  ( -6.476999999999998536, 0.5079999999999980087, -4.444999999999997620 ) ) ;
#6169 = DIRECTION ( 'NONE',  ( 0.000000000000000000, -1.000000000000000000, 0.000000000000000000 ) ) ;
#6170 = FACE_OUTER_BOUND ( 'NONE', #55, .T. ) ;
#6171 = EDGE_LOOP ( 'NONE', ( #775, #4811, #3989, #6861 ) ) ;
#6172 = FACE_OUTER_BOUND ( 'NONE', #7207, .T. ) ;
#6173 = ORIENTED_EDGE ( 'NONE', *, *, #1002, .T. ) ;
#6174 = ADVANCED_FACE ( 'NONE', ( #4305 ), #4957, .T. ) ;
#6175 = DIRECTION ( 'NONE',  ( -0.8267333594788779383, 0.5625939497761849317, 5.127534768238203213E-17 ) ) ;
#6176 = ORIENTED_EDGE ( 'NONE', *, *, #863, .F. ) ;
#6177 = EDGE_CURVE ( 'NONE', #6140, #2929, #2010, .T. ) ;
#6178 = CARTESIAN_POINT ( 'NONE',  ( 6.477000000000002089, 6.364590498671996777, 0.6350000000000027844 ) ) ;
#6179 = LINE ( 'NONE', #326, #4853 ) ;
#6180 = VERTEX_POINT ( 'NONE', #6661 ) ;
#6181 = EDGE_LOOP ( 'NONE', ( #3834, #989, #1849, #6675 ) ) ;
#6182 = LINE ( 'NONE', #1501, #2382 ) ;
#6183 = CONICAL_SURFACE ( 'NONE', #2905, 1.162050000000000027, 0.1533323883983008507 ) ;
#6184 = CARTESIAN_POINT ( 'NONE',  ( 5.140909714137247732, 5.862319994912677856, -0.3809999999999981179 ) ) ;
#6185 = CARTESIAN_POINT ( 'NONE',  ( 6.477000000000002089, 0.5079999999999971205, 0.6350000000000027844 ) ) ;
#6186 = EDGE_CURVE ( 'NONE', #619, #5556, #373, .T. ) ;
#6187 = ORIENTED_EDGE ( 'NONE', *, *, #3473, .T. ) ;
#6188 = DIRECTION ( 'NONE',  ( 1.371699786071155937E-16, 1.000000000000000000, 5.276989311053102048E-33 ) ) ;
#6189 = TOROIDAL_SURFACE ( 'NONE', #4132, 0.7619999999999987894, 0.2539999999999998925 ) ;
#6190 = EDGE_LOOP ( 'NONE', ( #1870, #4741, #6935, #4400 ) ) ;
#6191 = B_SPLINE_SURFACE_WITH_KNOTS ( 'NONE', 3, 1, ( 
 ( #3348, #2778 ),
 ( #5109, #1102 ),
 ( #5746, #529 ),
 ( #6922, #7422 ) ),
 .UNSPECIFIED., .F., .F., .F.,
 ( 4, 4 ),
 ( 2, 2 ),
 ( 0.7764366983754020790, 0.9920866337337073126 ),
 ( 0.000000000000000000, 1.000000000000000000 ),
 .UNSPECIFIED. ) ;
#6192 = DIRECTION ( 'NONE',  ( 1.000000000000000000, 0.000000000000000000, 0.000000000000000000 ) ) ;
#6193 = DIRECTION ( 'NONE',  ( -1.000000000000000000, 3.431425595409362857E-17, -5.130477113903259476E-17 ) ) ;
#6194 = VECTOR ( 'NONE', #3382, 1000.000000000000000 ) ;
#6195 = B_SPLINE_CURVE_WITH_KNOTS ( 'NONE', 3,
 ( #7052, #777, #7132, #7088, #7018, #3669 ),
 .UNSPECIFIED., .F., .F.,
 ( 4, 1, 1, 4 ),
 ( 0.000000000000000000, 0.2287047143702000129, 0.6617565739328999941, 1.000000000000000000 ),
 .UNSPECIFIED. ) ;
#6196 = CARTESIAN_POINT ( 'NONE',  ( -6.476999999999997648, -2.794000000000000483, -1.396999999999998021 ) ) ;
#6197 = VERTEX_POINT ( 'NONE', #446 ) ;
#6198 = CARTESIAN_POINT ( 'NONE',  ( -6.476999999999998536, -2.602085213965210642E-15, 1.143000000000002458 ) ) ;
#6199 = EDGE_LOOP ( 'NONE', ( #2215, #3441, #449, #468 ) ) ;
#6200 = EDGE_CURVE ( 'NONE', #3494, #5380, #4483, .T. ) ;
#6201 = ORIENTED_EDGE ( 'NONE', *, *, #2654, .T. ) ;
#6202 = CARTESIAN_POINT ( 'NONE',  ( -4.919058026673998718, 6.081215948449797182, 3.175000000000002487 ) ) ;
#6203 = AXIS2_PLACEMENT_3D ( 'NONE', #1972, #6009, #4226 ) ;
#6204 = DIRECTION ( 'NONE',  ( 5.594373725583281580E-17, 0.1527322659034996977, -0.9882676029051962185 ) ) ;
#6205 = CARTESIAN_POINT ( 'NONE',  ( 5.724327148806001908, 4.081300973171996915, -2.920999999999997154 ) ) ;
#6206 = FACE_OUTER_BOUND ( 'NONE', #3414, .T. ) ;
#6207 = CARTESIAN_POINT ( 'NONE',  ( 6.477000000000002089, -2.602085213965210642E-15, -1.396999999999996689 ) ) ;
#6208 = ORIENTED_EDGE ( 'NONE', *, *, #4563, .F. ) ;
#6209 = CARTESIAN_POINT ( 'NONE',  ( -6.476999999999998536, 6.002332419999997448, -0.3809999999999976739 ) ) ;
#6210 = ORIENTED_EDGE ( 'NONE', *, *, #5002, .T. ) ;
#6211 = CARTESIAN_POINT ( 'NONE',  ( -3.962399999999997924, 4.825999999999997847, -4.724399999999996602 ) ) ;
#6212 = FACE_OUTER_BOUND ( 'NONE', #2144, .T. ) ;
#6213 = DIRECTION ( 'NONE',  ( 5.130477113903260708E-17, 1.665334536937735304E-16, -1.000000000000000000 ) ) ;
#6214 = ADVANCED_FACE ( 'NONE', ( #3875 ), #908, .F. ) ;
#6215 = ORIENTED_EDGE ( 'NONE', *, *, #174, .T. ) ;
#6216 = EDGE_LOOP ( 'NONE', ( #970, #5458, #3757, #2623 ) ) ;
#6217 = VECTOR ( 'NONE', #196, 1000.000000000000000 ) ;
#6218 = CARTESIAN_POINT ( 'NONE',  ( 4.980928442999956296, 4.216240551499585543, -2.920999999999996266 ) ) ;
#6219 = PLANE ( 'NONE',  #2147 ) ;
#6220 = ADVANCED_FACE ( 'NONE', ( #5099 ), #3824, .T. ) ;
#6221 = CARTESIAN_POINT ( 'NONE',  ( 5.825466848181001467, 6.796669658390996460, 0.6350000000000027844 ) ) ;
#6222 = CARTESIAN_POINT ( 'NONE',  ( -4.216399999999999260, 8.889999999999995239, 4.953000000000002956 ) ) ;
#6223 = ORIENTED_EDGE ( 'NONE', *, *, #1797, .T. ) ;
#6224 = CARTESIAN_POINT ( 'NONE',  ( -4.016399999999998194, 1.977999999999997982, -4.470399999999997931 ) ) ;
#6225 = VERTEX_POINT ( 'NONE', #1509 ) ;
#6226 = B_SPLINE_CURVE_WITH_KNOTS ( 'NONE', 3,
 ( #2352, #3451, #2887, #56, #7487 ),
 .UNSPECIFIED., .F., .F.,
 ( 4, 1, 4 ),
 ( 0.000000000000000000, 0.6189351753168998993, 1.000000000000000000 ),
 .UNSPECIFIED. ) ;
#6227 = DIRECTION ( 'NONE',  ( -0.000000000000000000, -0.000000000000000000, 1.000000000000000000 ) ) ;
#6228 = DIRECTION ( 'NONE',  ( -3.431425595409362241E-17, -1.000000000000000000, -1.665334536937735304E-16 ) ) ;
#6229 = ORIENTED_EDGE ( 'NONE', *, *, #5973, .F. ) ;
#6230 = CARTESIAN_POINT ( 'NONE',  ( 6.223000000000001641, -2.717800000000003546, 1.651000000000002244 ) ) ;
#6231 = ORIENTED_EDGE ( 'NONE', *, *, #7049, .T. ) ;
#6232 = CARTESIAN_POINT ( 'NONE',  ( 3.962400000000000588, 8.689999999999995950, 4.470400000000003260 ) ) ;
#6233 = CARTESIAN_POINT ( 'NONE',  ( -4.980928442999998929, 4.216240551499996769, 2.159000000000002917 ) ) ;
#6234 = B_SPLINE_CURVE_WITH_KNOTS ( 'NONE', 3,
 ( #2737, #273, #1450, #7235, #3310 ),
 .UNSPECIFIED., .F., .F.,
 ( 4, 1, 4 ),
 ( 0.000000000000000000, 0.3810648246831000452, 1.000000000000000000 ),
 .UNSPECIFIED. ) ;
#6235 = PLANE ( 'NONE',  #3678 ) ;
#6236 = CARTESIAN_POINT ( 'NONE',  ( -2.158999999999999364, 3.556000000000001826, -12.31899999999995998 ) ) ;
#6237 = EDGE_CURVE ( 'NONE', #4021, #4930, #983, .T. ) ;
#6238 = CARTESIAN_POINT ( 'NONE',  ( 4.980928442999964290, 6.472079448499693299, 3.175000000000002487 ) ) ;
#6239 = ORIENTED_EDGE ( 'NONE', *, *, #5500, .F. ) ;
#6240 = FACE_OUTER_BOUND ( 'NONE', #6190, .T. ) ;
#6241 = ORIENTED_EDGE ( 'NONE', *, *, #7378, .T. ) ;
#6242 = CARTESIAN_POINT ( 'NONE',  ( -5.140909707198050071, 5.862319999999994202, 0.6350000000000021183 ) ) ;
#6243 = EDGE_CURVE ( 'NONE', #5908, #4104, #1596, .T. ) ;
#6244 = DIRECTION ( 'NONE',  ( -1.000000000000000000, 3.431425595409362857E-17, -5.130477113903259476E-17 ) ) ;
#6245 = ORIENTED_EDGE ( 'NONE', *, *, #1744, .T. ) ;
#6246 = ORIENTED_EDGE ( 'NONE', *, *, #1195, .F. ) ;
#6247 = VECTOR ( 'NONE', #1570, 1000.000000000000000 ) ;
#6248 = LINE ( 'NONE', #4668, #4952 ) ;
#6249 = EDGE_CURVE ( 'NONE', #7215, #6538, #6117, .T. ) ;
#6250 = CARTESIAN_POINT ( 'NONE',  ( 6.223000000000000753, -3.469446951953614189E-15, 3.683000000000002050 ) ) ;
#6251 = DIRECTION ( 'NONE',  ( 1.371699786071155937E-16, 1.000000000000000000, 5.276989311053102048E-33 ) ) ;
#6252 = COLOUR_RGB ( '',1.000000000000000000, 1.000000000000000000, 0.7529411764705882248 ) ;
#6253 = CARTESIAN_POINT ( 'NONE',  ( 5.825466848181001467, 6.796669658390996460, 3.175000000000002487 ) ) ;
#6254 = ORIENTED_EDGE ( 'NONE', *, *, #4473, .F. ) ;
#6255 = DIRECTION ( 'NONE',  ( 3.431425595409362857E-17, 1.000000000000000000, 0.000000000000000000 ) ) ;
#6256 = ORIENTED_EDGE ( 'NONE', *, *, #1104, .T. ) ;
#6257 = EDGE_CURVE ( 'NONE', #177, #290, #1557, .T. ) ;
#6258 = CARTESIAN_POINT ( 'NONE',  ( -6.476999999999998536, -2.794000000000002260, 3.683000000000002050 ) ) ;
#6259 = CARTESIAN_POINT ( 'NONE',  ( -3.936999999999999389, 3.556000000000002270, -8.524399999721003596 ) ) ;
#6260 = ADVANCED_FACE ( 'NONE', ( #5700 ), #6833, .T. ) ;
#6261 = AXIS2_PLACEMENT_3D ( 'NONE', #1472, #6687, #6759 ) ;
#6262 = CARTESIAN_POINT ( 'NONE',  ( 1.369843943636007301E-15, 5.344159999999996913, 2.159000000000002917 ) ) ;
#6263 = ADVANCED_FACE ( 'NONE', ( #5660 ), #2805, .T. ) ;
#6264 = AXIS2_PLACEMENT_3D ( 'NONE', #3012, #2969, #762 ) ;
#6265 = VECTOR ( 'NONE', #2463, 1000.000000000000000 ) ;
#6266 = DIRECTION ( 'NONE',  ( 5.130477113903260708E-17, 1.665334536937735304E-16, -1.000000000000000000 ) ) ;
#6267 = VERTEX_POINT ( 'NONE', #7335 ) ;
#6268 = DIRECTION ( 'NONE',  ( -1.000000000000000000, 0.000000000000000000, 0.000000000000000000 ) ) ;
#6269 = ORIENTED_EDGE ( 'NONE', *, *, #4371, .T. ) ;
#6270 = ORIENTED_EDGE ( 'NONE', *, *, #3019, .T. ) ;
#6271 = LINE ( 'NONE', #5925, #3740 ) ;
#6272 = CARTESIAN_POINT ( 'NONE',  ( 6.223000000000001641, 5.895635414699996524, 2.159000000000002917 ) ) ;
#6273 = VECTOR ( 'NONE', #2531, 1000.000000000000000 ) ;
#6274 = CARTESIAN_POINT ( 'NONE',  ( -5.140909707197997669, 4.825999999999996959, 3.175000000000002487 ) ) ;
#6275 = DIRECTION ( 'NONE',  ( -3.431425595409362241E-17, -1.000000000000000000, -1.665334536937735304E-16 ) ) ;
#6276 = CARTESIAN_POINT ( 'NONE',  ( -6.222999999999998089, 4.825999999999997847, 4.953000000000002068 ) ) ;
#6277 = CIRCLE ( 'NONE', #1543, 0.2539999999999998925 ) ;
#6278 = DIRECTION ( 'NONE',  ( -1.000000000000000000, 3.431425595409362857E-17, -5.130477113903259476E-17 ) ) ;
#6279 = ORIENTED_EDGE ( 'NONE', *, *, #5574, .F. ) ;
#6280 = VECTOR ( 'NONE', #3437, 1000.000000000000000 ) ;
#6281 = CARTESIAN_POINT ( 'NONE',  ( 2.159000000000001140, 7.493000000000002103, -12.57299999999999862 ) ) ;
#6282 = EDGE_CURVE ( 'NONE', #1851, #4970, #5625, .T. ) ;
#6283 = CARTESIAN_POINT ( 'NONE',  ( 6.223000000000001641, 4.792684585299997302, 0.6350000000000027844 ) ) ;
#6284 = DIRECTION ( 'NONE',  ( 1.000000000000000000, -3.431425595409362857E-17, 5.130477113903259476E-17 ) ) ;
#6285 = SURFACE_SIDE_STYLE ('',( #5833 ) ) ;
#6286 = CARTESIAN_POINT ( 'NONE',  ( -6.223000000000387111, 4.792684585299992861, -4.444999999999997620 ) ) ;
#6287 = CARTESIAN_POINT ( 'NONE',  ( -5.140909726420273884, 4.826000014092436174, 4.699000000000003396 ) ) ;
#6288 = VERTEX_POINT ( 'NONE', #7302 ) ;
#6289 = ORIENTED_EDGE ( 'NONE', *, *, #669, .T. ) ;
#6290 = CARTESIAN_POINT ( 'NONE',  ( -5.679736218422998917, 4.689207125507998342, -1.904999999999997806 ) ) ;
#6291 = DIRECTION ( 'NONE',  ( 3.431425595409362857E-17, 1.000000000000000000, 0.000000000000000000 ) ) ;
#6292 = FACE_OUTER_BOUND ( 'NONE', #5241, .T. ) ;
#6293 = DIRECTION ( 'NONE',  ( -3.431425595409362857E-17, -1.000000000000000000, -0.000000000000000000 ) ) ;
#6294 = ORIENTED_EDGE ( 'NONE', *, *, #1033, .T. ) ;
#6295 = CARTESIAN_POINT ( 'NONE',  ( -2.158999999999999364, 3.556000000000001826, -11.52441814999996161 ) ) ;
#6296 = ORIENTED_EDGE ( 'NONE', *, *, #2831, .F. ) ;
#6297 = DIRECTION ( 'NONE',  ( 5.130477113903260708E-17, 1.665334536937735304E-16, -1.000000000000000000 ) ) ;
#6298 = CARTESIAN_POINT ( 'NONE',  ( 6.477000000000002089, 0.5079999999999971205, -0.3809999999999976739 ) ) ;
#6299 = LINE ( 'NONE', #4024, #4963 ) ;
#6300 = AXIS2_PLACEMENT_3D ( 'NONE', #5741, #671, #5887 ) ;
#6301 = FACE_OUTER_BOUND ( 'NONE', #4154, .T. ) ;
#6302 = ORIENTED_EDGE ( 'NONE', *, *, #172, .F. ) ;
#6303 = LINE ( 'NONE', #1096, #6073 ) ;
#6304 = VERTEX_POINT ( 'NONE', #7445 ) ;
#6305 = EDGE_CURVE ( 'NONE', #5888, #3179, #6158, .T. ) ;
#6306 = DIRECTION ( 'NONE',  ( -5.130477113903260708E-17, -1.665334536937735304E-16, 1.000000000000000000 ) ) ;
#6307 = CARTESIAN_POINT ( 'NONE',  ( -4.980928442999998929, 6.472079448499997056, 3.175000000000002487 ) ) ;
#6308 = VECTOR ( 'NONE', #7129, 1000.000000000000000 ) ;
#6309 = DIRECTION ( 'NONE',  ( -1.000000000000000000, 3.431425595409362857E-17, -5.130477113903259476E-17 ) ) ;
#6310 = FACE_OUTER_BOUND ( 'NONE', #158, .T. ) ;
#6311 = CARTESIAN_POINT ( 'NONE',  ( 6.223000000000001641, 4.665481232899996833, -0.3809999999999976739 ) ) ;
#6312 = VERTEX_POINT ( 'NONE', #2157 ) ;
#6313 = CARTESIAN_POINT ( 'NONE',  ( 6.223000000000389775, 4.792684585299983979, -1.904999999999997362 ) ) ;
#6314 = STYLED_ITEM ( 'NONE', ( #1945 ), #4558 ) ;
#6315 = DIRECTION ( 'NONE',  ( -1.000000000000000000, 3.431425595409362857E-17, -5.130477113903259476E-17 ) ) ;
#6316 = CARTESIAN_POINT ( 'NONE',  ( -4.808421040999999008, 4.469740654099997990, -2.920999999999997598 ) ) ;
#6317 = ADVANCED_FACE ( 'NONE', ( #1478 ), #1016, .T. ) ;
#6318 = FILL_AREA_STYLE_COLOUR ( '', #5613 ) ;
#6319 = CARTESIAN_POINT ( 'NONE',  ( 2.159000000000000696, 7.112000000000000099, -4.724399999999997490 ) ) ;
#6320 = PLANE ( 'NONE',  #6410 ) ;
#6321 = ORIENTED_EDGE ( 'NONE', *, *, #785, .T. ) ;
#6322 = ORIENTED_EDGE ( 'NONE', *, *, #7130, .T. ) ;
#6323 = DIRECTION ( 'NONE',  ( -1.000000000000000000, 3.431425595409362857E-17, -5.130477113903259476E-17 ) ) ;
#6324 = CARTESIAN_POINT ( 'NONE',  ( -5.959238081891448324, 6.445103080431075604, 3.175000000000002487 ) ) ;
#6325 = CARTESIAN_POINT ( 'NONE',  ( 6.477000000000479929, 6.002332419999980573, -4.444999999999998508 ) ) ;
#6326 = ADVANCED_FACE ( 'NONE', ( #5025 ), #2998, .T. ) ;
#6327 = ORIENTED_EDGE ( 'NONE', *, *, #2119, .F. ) ;
#6328 = DIRECTION ( 'NONE',  ( 1.000000000000000000, -1.371699786071155937E-16, 5.130477113903259476E-17 ) ) ;
#6329 = ORIENTED_EDGE ( 'NONE', *, *, #639, .F. ) ;
#6330 = CARTESIAN_POINT ( 'NONE',  ( 5.140909707198141554, 4.825999999999997847, -0.3809999999999976739 ) ) ;
#6331 = ORIENTED_EDGE ( 'NONE', *, *, #4111, .F. ) ;
#6332 = VECTOR ( 'NONE', #6626, 1000.000000000000000 ) ;
#6333 = DIRECTION ( 'NONE',  ( 5.130477113903260708E-17, 1.665334536937735304E-16, -1.000000000000000000 ) ) ;
#6334 = CARTESIAN_POINT ( 'NONE',  ( -5.959238082003998294, 4.243216919750996574, 3.175000000000002487 ) ) ;
#6335 = LINE ( 'NONE', #597, #1905 ) ;
#6336 = AXIS2_PLACEMENT_3D ( 'NONE', #4073, #1067, #2282 ) ;
#6337 = DIRECTION ( 'NONE',  ( -5.130477113903260708E-17, -1.665334536937735304E-16, 1.000000000000000000 ) ) ;
#6338 = ORIENTED_EDGE ( 'NONE', *, *, #4232, .T. ) ;
#6339 = CARTESIAN_POINT ( 'NONE',  ( -6.222999999999998089, 5.862319999999997755, 4.953000000000003844 ) ) ;
#6340 = ORIENTED_EDGE ( 'NONE', *, *, #4324, .T. ) ;
#6341 = DIRECTION ( 'NONE',  ( -3.431425595409362857E-17, -1.000000000000000000, -0.000000000000000000 ) ) ;
#6342 = VERTEX_POINT ( 'NONE', #51 ) ;
#6343 = CARTESIAN_POINT ( 'NONE',  ( 5.140909707198001222, 5.862319999999997755, 2.159000000000003361 ) ) ;
#6344 = LINE ( 'NONE', #1179, #6649 ) ;
#6345 = FACE_OUTER_BOUND ( 'NONE', #5171, .T. ) ;
#6346 = EDGE_CURVE ( 'NONE', #3099, #7031, #3410, .T. ) ;
#6347 = CARTESIAN_POINT ( 'NONE',  ( 6.223000000000001641, 4.792684585299997302, -0.3809999999999976739 ) ) ;
#6348 = CARTESIAN_POINT ( 'NONE',  ( 5.679736218423002470, 5.999112874491997260, 0.6350000000000027844 ) ) ;
#6349 = ORIENTED_EDGE ( 'NONE', *, *, #4892, .F. ) ;
#6350 = CARTESIAN_POINT ( 'NONE',  ( 5.959238081891437666, 6.445103080431096032, 2.159000000000003361 ) ) ;
#6351 = CYLINDRICAL_SURFACE ( 'NONE', #1168, 0.2539999999999998925 ) ;
#6352 = EDGE_CURVE ( 'NONE', #1969, #2145, #1374, .T. ) ;
#6353 = CARTESIAN_POINT ( 'NONE',  ( 5.507748381188781295, 4.826000000000002288, -2.920999999999997598 ) ) ;
#6354 = EDGE_CURVE ( 'NONE', #2473, #1722, #6335, .T. ) ;
#6355 = DIRECTION ( 'NONE',  ( 0.000000000000000000, -1.000000000000000000, 0.000000000000000000 ) ) ;
#6356 = CARTESIAN_POINT ( 'NONE',  ( 6.223000000000001641, 5.862319999999997755, -4.952999999999998515 ) ) ;
#6357 = EDGE_CURVE ( 'NONE', #7287, #6225, #5737, .T. ) ;
#6358 = DIRECTION ( 'NONE',  ( 1.201410850312336183E-17, -0.7071067811865474617, -0.7071067811865475727 ) ) ;
#6359 = VERTEX_POINT ( 'NONE', #2310 ) ;
#6360 = ORIENTED_EDGE ( 'NONE', *, *, #3477, .F. ) ;
#6361 = EDGE_CURVE ( 'NONE', #5268, #1238, #16, .T. ) ;
#6362 = CARTESIAN_POINT ( 'NONE',  ( 6.109955650407002281, 4.159618444802997139, 2.159000000000002917 ) ) ;
#6363 = EDGE_CURVE ( 'NONE', #6392, #7433, #7025, .T. ) ;
#6364 = PLANE ( 'NONE',  #3855 ) ;
#6365 = CARTESIAN_POINT ( 'NONE',  ( 4.980928442999965178, 6.472079448499694188, -4.444999999999998508 ) ) ;
#6366 = CARTESIAN_POINT ( 'NONE',  ( -4.980928442999998929, 6.472079448499997056, 3.175000000000002487 ) ) ;
#6367 = ORIENTED_EDGE ( 'NONE', *, *, #6444, .T. ) ;
#6368 = ADVANCED_FACE ( 'NONE', ( #2837 ), #1453, .F. ) ;
#6369 = VECTOR ( 'NONE', #3655, 1000.000000000000000 ) ;
#6370 = CARTESIAN_POINT ( 'NONE',  ( 6.477000000000001201, 0.5079999999999963434, 4.699000000000003396 ) ) ;
#6371 = EDGE_LOOP ( 'NONE', ( #6441, #5420, #5611, #1247, #958 ) ) ;
#6372 = ADVANCED_FACE ( 'NONE', ( #1667 ), #7523, .T. ) ;
#6373 = CARTESIAN_POINT ( 'NONE',  ( -6.476999999999998536, 0.5079999999999971205, 0.6350000000000027844 ) ) ;
#6374 = CARTESIAN_POINT ( 'NONE',  ( -5.371941468077998216, 5.947322718753697224, 0.6350000000000027844 ) ) ;
#6375 = CARTESIAN_POINT ( 'NONE',  ( -6.222999999999998089, 4.792684585299998190, -1.904999999999997806 ) ) ;
#6376 = TOROIDAL_SURFACE ( 'NONE', #47, 0.05399999999999998551, 0.2000000000000000111 ) ;
#6377 = DIRECTION ( 'NONE',  ( 0.000000000000000000, 0.000000000000000000, 1.000000000000000000 ) ) ;
#6378 = VERTEX_POINT ( 'NONE', #6375 ) ;
#6379 = DIRECTION ( 'NONE',  ( 0.5625939497761849317, 0.8267333594788778273, 2.886375383747156989E-17 ) ) ;
#6380 = B_SPLINE_CURVE_WITH_KNOTS ( 'NONE', 3,
 ( #6535, #1929, #6486, #3643, #1276, #3681 ),
 .UNSPECIFIED., .F., .F.,
 ( 4, 1, 1, 4 ),
 ( 0.000000000000000000, 0.4014956229037000002, 0.7375322085786999438, 1.000000000000000000 ),
 .UNSPECIFIED. ) ;
#6381 = ORIENTED_EDGE ( 'NONE', *, *, #3111, .T. ) ;
#6382 = EDGE_CURVE ( 'NONE', #7382, #38, #4607, .T. ) ;
#6383 = VECTOR ( 'NONE', #3024, 1000.000000000000000 ) ;
#6384 = ORIENTED_EDGE ( 'NONE', *, *, #1681, .F. ) ;
#6385 = LINE ( 'NONE', #6307, #5232 ) ;
#6386 = AXIS2_PLACEMENT_3D ( 'NONE', #5368, #3085, #1901 ) ;
#6387 = CARTESIAN_POINT ( 'NONE',  ( 4.808421041000002560, 4.469740654099997101, -1.904999999999996918 ) ) ;
#6388 = CARTESIAN_POINT ( 'NONE',  ( -6.222999999999998089, -2.602085213965210642E-15, 1.143000000000002458 ) ) ;
#6389 = CARTESIAN_POINT ( 'NONE',  ( -5.029696191436586084, 5.943853910299153220, 3.175000000000000711 ) ) ;
#6390 = AXIS2_PLACEMENT_3D ( 'NONE', #1628, #7526, #3946 ) ;
#6391 = CARTESIAN_POINT ( 'NONE',  ( 6.477000000000002089, 0.5079999999999980087, -2.920999999999997154 ) ) ;
#6392 = VERTEX_POINT ( 'NONE', #1811 ) ;
#6393 = CARTESIAN_POINT ( 'NONE',  ( 6.222999999999739629, 5.895635414699983201, 0.6350000000000032285 ) ) ;
#6394 = AXIS2_PLACEMENT_3D ( 'NONE', #5451, #2436, #1978 ) ;
#6395 = VECTOR ( 'NONE', #5587, 999.9999999999998863 ) ;
#6396 = CARTESIAN_POINT ( 'NONE',  ( 4.016400000000001747, 1.777999999999996694, -4.470399999999997043 ) ) ;
#6397 = EDGE_CURVE ( 'NONE', #2651, #4163, #1734, .T. ) ;
#6398 = AXIS2_PLACEMENT_3D ( 'NONE', #3109, #827, #5965 ) ;
#6399 =( NAMED_UNIT ( * ) PLANE_ANGLE_UNIT ( ) SI_UNIT ( $, .RADIAN. ) );
#6400 = CARTESIAN_POINT ( 'NONE',  ( 4.980928443000002481, 4.216240551499996769, -2.920999999999997154 ) ) ;
#6401 = AXIS2_PLACEMENT_3D ( 'NONE', #2272, #6417, #6948 ) ;
#6402 = CARTESIAN_POINT ( 'NONE',  ( 6.223000000000001641, 4.665481232899997721, -4.444999999999996732 ) ) ;
#6403 = ORIENTED_EDGE ( 'NONE', *, *, #5975, .T. ) ;
#6404 = ORIENTED_EDGE ( 'NONE', *, *, #6145, .F. ) ;
#6405 = EDGE_CURVE ( 'NONE', #1345, #7192, #4143, .T. ) ;
#6406 = ORIENTED_EDGE ( 'NONE', *, *, #2119, .T. ) ;
#6407 = EDGE_CURVE ( 'NONE', #3014, #6057, #4106, .T. ) ;
#6408 = LINE ( 'NONE', #2827, #4573 ) ;
#6409 = CARTESIAN_POINT ( 'NONE',  ( -5.679736218183029983, 5.999112874108564419, 3.175000000000003375 ) ) ;
#6410 = AXIS2_PLACEMENT_3D ( 'NONE', #3469, #583, #34 ) ;
#6411 = CARTESIAN_POINT ( 'NONE',  ( 5.825466848181001467, 6.796669658390997348, -2.920999999999997154 ) ) ;
#6412 = VERTEX_POINT ( 'NONE', #3491 ) ;
#6413 = EDGE_LOOP ( 'NONE', ( #1308, #6817, #1176, #2118, #4284, #7356, #3981, #2709 ) ) ;
#6414 = CARTESIAN_POINT ( 'NONE',  ( -4.980928442999998929, 4.216240551499996769, -0.3809999999999976739 ) ) ;
#6415 = ORIENTED_EDGE ( 'NONE', *, *, #2686, .F. ) ;
#6416 = CARTESIAN_POINT ( 'NONE',  ( -5.085678860472624407, 6.287389423200527183, 2.159000000000002917 ) ) ;
#6417 = DIRECTION ( 'NONE',  ( -5.130477113903260708E-17, -1.665334536937735304E-16, 1.000000000000000000 ) ) ;
#6418 = ADVANCED_FACE ( 'NONE', ( #5852 ), #6907, .T. ) ;
#6419 = DIRECTION ( 'NONE',  ( 0.000000000000000000, -0.000000000000000000, -1.000000000000000000 ) ) ;
#6420 = ORIENTED_EDGE ( 'NONE', *, *, #893, .T. ) ;
#6421 = DIRECTION ( 'NONE',  ( 3.431425595409362857E-17, 1.000000000000000000, 0.000000000000000000 ) ) ;
#6422 = ORIENTED_EDGE ( 'NONE', *, *, #857, .T. ) ;
#6423 = ORIENTED_EDGE ( 'NONE', *, *, #4501, .F. ) ;
#6424 = CARTESIAN_POINT ( 'NONE',  ( 5.140909707198140666, 4.825999999999996071, 0.6350000000000035616 ) ) ;
#6425 = CARTESIAN_POINT ( 'NONE',  ( -6.476999999999998536, 0.5079999999999971205, -1.904999999999997806 ) ) ;
#6426 = VECTOR ( 'NONE', #6421, 1000.000000000000000 ) ;
#6427 = DIRECTION ( 'NONE',  ( 0.000000000000000000, 0.000000000000000000, -1.000000000000000000 ) ) ;
#6428 = DIRECTION ( 'NONE',  ( 5.130477113903260708E-17, 1.665334536937735304E-16, -1.000000000000000000 ) ) ;
#6429 = CARTESIAN_POINT ( 'NONE',  ( 5.959238082004001846, 6.445103080248997252, 0.6350000000000027844 ) ) ;
#6430 = ORIENTED_EDGE ( 'NONE', *, *, #2777, .F. ) ;
#6431 = LINE ( 'NONE', #3576, #2977 ) ;
#6432 = EDGE_CURVE ( 'NONE', #835, #4555, #6299, .T. ) ;
#6433 = B_SPLINE_CURVE_WITH_KNOTS ( 'NONE', 3,
 ( #4162, #2904, #5836, #6402, #1720 ),
 .UNSPECIFIED., .F., .F.,
 ( 4, 1, 4 ),
 ( 0.000000000000000000, 0.6189351753168998993, 1.000000000000000000 ),
 .UNSPECIFIED. ) ;
#6434 = CARTESIAN_POINT ( 'NONE',  ( 6.223000000000001641, 4.665481232899996833, 0.6350000000000027844 ) ) ;
#6435 = MECHANICAL_DESIGN_GEOMETRIC_PRESENTATION_REPRESENTATION (  '', ( #5471 ), #4746 ) ;
#6436 = DIRECTION ( 'NONE',  ( 0.000000000000000000, -1.000000000000000000, 0.000000000000000000 ) ) ;
#6437 = VECTOR ( 'NONE', #2853, 1000.000000000000000 ) ;
#6438 = CARTESIAN_POINT ( 'NONE',  ( 4.980928443000002481, 4.216240551499996769, -1.904999999999996918 ) ) ;
#6439 = ORIENTED_EDGE ( 'NONE', *, *, #2434, .T. ) ;
#6440 = ORIENTED_EDGE ( 'NONE', *, *, #4632, .T. ) ;
#6441 = ORIENTED_EDGE ( 'NONE', *, *, #4688, .T. ) ;
#6442 = DIRECTION ( 'NONE',  ( 1.000000000000000000, -3.431425595409362857E-17, 5.130477113903259476E-17 ) ) ;
#6443 = CARTESIAN_POINT ( 'NONE',  ( 6.477000000000002089, 6.002332419999997448, -4.444999999999996732 ) ) ;
#6444 = EDGE_CURVE ( 'NONE', #5678, #4401, #3987, .T. ) ;
#6445 = CARTESIAN_POINT ( 'NONE',  ( -5.371941468077998216, 5.947322718753698112, -0.3809999999999976739 ) ) ;
#6446 = VERTEX_POINT ( 'NONE', #6042 ) ;
#6447 = LINE ( 'NONE', #1807, #1573 ) ;
#6448 = ORIENTED_EDGE ( 'NONE', *, *, #1522, .T. ) ;
#6449 = LINE ( 'NONE', #1240, #6506 ) ;
#6450 = EDGE_CURVE ( 'NONE', #4620, #7021, #447, .T. ) ;
#6451 = CARTESIAN_POINT ( 'NONE',  ( -3.962399999999998812, 8.689999999999995950, 4.724400000000001931 ) ) ;
#6452 = VECTOR ( 'NONE', #6891, 1000.000000000000114 ) ;
#6453 = DIRECTION ( 'NONE',  ( -3.431425595409362241E-17, -1.000000000000000000, -1.665334536937735304E-16 ) ) ;
#6454 = VERTEX_POINT ( 'NONE', #3076 ) ;
#6455 = CARTESIAN_POINT ( 'NONE',  ( -5.959238081891447436, 6.445103080431076492, -0.3809999999999970632 ) ) ;
#6456 = ORIENTED_EDGE ( 'NONE', *, *, #6346, .T. ) ;
#6457 = ORIENTED_EDGE ( 'NONE', *, *, #239, .F. ) ;
#6458 = CARTESIAN_POINT ( 'NONE',  ( 5.959238081891438554, 6.445103080431094256, -4.444999999999996732 ) ) ;
#6459 = CARTESIAN_POINT ( 'NONE',  ( 4.808421040999547813, 4.469740654100035293, 2.159000000000003361 ) ) ;
#6460 = EDGE_CURVE ( 'NONE', #7029, #7057, #5400, .T. ) ;
#6461 = CARTESIAN_POINT ( 'NONE',  ( -6.222999999999998089, 0.5079999999999980087, -4.444999999999997620 ) ) ;
#6462 = DIRECTION ( 'NONE',  ( -5.130477113903260708E-17, -1.665334536937735304E-16, 1.000000000000000000 ) ) ;
#6463 = DIRECTION ( 'NONE',  ( 5.130477113903260092E-17, 1.665334536937735304E-16, -1.000000000000000000 ) ) ;
#6464 = ORIENTED_EDGE ( 'NONE', *, *, #6444, .F. ) ;
#6465 = FACE_OUTER_BOUND ( 'NONE', #6006, .T. ) ;
#6466 = CARTESIAN_POINT ( 'NONE',  ( -5.029696186834000216, 4.744466083986996097, 4.699000000000003396 ) ) ;
#6467 = CARTESIAN_POINT ( 'NONE',  ( 2.159000000000000696, 7.112000000000000099, -4.724399999999997490 ) ) ;
#6468 = FACE_OUTER_BOUND ( 'NONE', #961, .T. ) ;
#6469 = DIRECTION ( 'NONE',  ( -3.431425595409362857E-17, -1.000000000000000000, -0.000000000000000000 ) ) ;
#6470 = CARTESIAN_POINT ( 'NONE',  ( -6.222999999999998089, -2.602085213965210642E-15, -0.8889999999999974589 ) ) ;
#6471 = ORIENTED_EDGE ( 'NONE', *, *, #6601, .T. ) ;
#6472 = VERTEX_POINT ( 'NONE', #3682 ) ;
#6473 = B_SPLINE_SURFACE_WITH_KNOTS ( 'NONE', 3, 1, ( 
 ( #3351, #6809 ),
 ( #5677, #1568 ),
 ( #3923, #2206 ),
 ( #7277, #957 ),
 ( #3284, #3815 ) ),
 .UNSPECIFIED., .F., .F., .F.,
 ( 4, 1, 4 ),
 ( 2, 2 ),
 ( 0.4590319158801968724, 0.7875696945514999436, 0.9898432121846414411 ),
 ( 0.000000000000000000, 1.000000000000000000 ),
 .UNSPECIFIED. ) ;
#6474 = ORIENTED_EDGE ( 'NONE', *, *, #2358, .F. ) ;
#6475 = ORIENTED_EDGE ( 'NONE', *, *, #5169, .T. ) ;
#6476 = ADVANCED_FACE ( 'NONE', ( #5438 ), #3602, .T. ) ;
#6477 = CARTESIAN_POINT ( 'NONE',  ( 6.223000000000001641, 5.895635414699997412, -0.3809999999999976739 ) ) ;
#6478 = CARTESIAN_POINT ( 'NONE',  ( -6.222999999999998089, 0.5079999999999971205, -0.3809999999999976739 ) ) ;
#6479 = CARTESIAN_POINT ( 'NONE',  ( 6.477000000000029623, 6.364590498671153895, -4.444999999999999396 ) ) ;
#6480 = ORIENTED_EDGE ( 'NONE', *, *, #5943, .F. ) ;
#6481 = ORIENTED_EDGE ( 'NONE', *, *, #2999, .T. ) ;
#6482 = CARTESIAN_POINT ( 'NONE',  ( -6.477000000000026958, 6.364590498671153007, 3.175000000000003375 ) ) ;
#6483 = ORIENTED_EDGE ( 'NONE', *, *, #4352, .F. ) ;
#6484 = DIRECTION ( 'NONE',  ( -0.5625939497761849317, 0.8267333594788778273, -2.886375383747156989E-17 ) ) ;
#6485 = EDGE_CURVE ( 'NONE', #3232, #6378, #7099, .T. ) ;
#6486 = CARTESIAN_POINT ( 'NONE',  ( -5.825466848180997914, 6.796669658390997348, 0.6350000000000027844 ) ) ;
#6487 = CARTESIAN_POINT ( 'NONE',  ( 3.962400000000001477, 4.825999999999997847, -4.724399999999997490 ) ) ;
#6488 = DIRECTION ( 'NONE',  ( 5.130477113903260708E-17, 1.665334536937735304E-16, -1.000000000000000000 ) ) ;
#6489 = ORIENTED_EDGE ( 'NONE', *, *, #5040, .F. ) ;
#6490 = EDGE_CURVE ( 'NONE', #1594, #5960, #1396, .T. ) ;
#6491 = CARTESIAN_POINT ( 'NONE',  ( 6.223000000000000753, 0.5079999999999963434, 4.699000000000003396 ) ) ;
#6492 = EDGE_LOOP ( 'NONE', ( #7372, #261, #4708, #117 ) ) ;
#6493 = ADVANCED_FACE ( 'NONE', ( #865 ), #6080, .T. ) ;
#6494 = CARTESIAN_POINT ( 'NONE',  ( 6.477000000000001201, -2.794000000000002260, 3.683000000000002050 ) ) ;
#6495 = EDGE_CURVE ( 'NONE', #1923, #4896, #4330, .T. ) ;
#6496 = VECTOR ( 'NONE', #387, 1000.000000000000000 ) ;
#6497 = CARTESIAN_POINT ( 'NONE',  ( -6.222999999999998089, 0.5079999999999963434, 3.175000000000002487 ) ) ;
#6498 = CARTESIAN_POINT ( 'NONE',  ( 6.223000000000231680, 4.665481232899942654, 3.175000000000002487 ) ) ;
#6499 = CARTESIAN_POINT ( 'NONE',  ( 7.772400000000001086, -1.734723475976807094E-15, -3.428999999999997161 ) ) ;
#6500 = VERTEX_POINT ( 'NONE', #258 ) ;
#6501 = AXIS2_PLACEMENT_3D ( 'NONE', #5417, #2480, #3661 ) ;
#6502 = FACE_BOUND ( 'NONE', #5495, .T. ) ;
#6503 = DIRECTION ( 'NONE',  ( 5.130477113903260708E-17, 1.665334536937735304E-16, -1.000000000000000000 ) ) ;
#6504 = VECTOR ( 'NONE', #5918, 1000.000000000000000 ) ;
#6505 = LINE ( 'NONE', #4925, #3398 ) ;
#6506 = VECTOR ( 'NONE', #5436, 1000.000000000000000 ) ;
#6507 = CONICAL_SURFACE ( 'NONE', #927, 1.778000000000000025, 0.2487383677720203801 ) ;
#6508 = UNCERTAINTY_MEASURE_WITH_UNIT (LENGTH_MEASURE( 1.000000000000000082E-05 ), #4662, 'distance_accuracy_value', 'NONE');
#6509 = LINE ( 'NONE', #1300, #630 ) ;
#6510 = CARTESIAN_POINT ( 'NONE',  ( -6.476999999999998536, -2.717800000000003546, 1.651000000000002244 ) ) ;
#6511 = VECTOR ( 'NONE', #2150, 1000.000000000000000 ) ;
#6512 = EDGE_CURVE ( 'NONE', #5706, #3232, #1930, .T. ) ;
#6513 = DIRECTION ( 'NONE',  ( 1.000000000000000000, -3.431425595409362857E-17, 5.130477113903260092E-17 ) ) ;
#6514 = ORIENTED_EDGE ( 'NONE', *, *, #4421, .T. ) ;
#6515 = AXIS2_PLACEMENT_3D ( 'NONE', #6262, #4443, #3338 ) ;
#6516 = FACE_OUTER_BOUND ( 'NONE', #3585, .T. ) ;
#6517 = ORIENTED_EDGE ( 'NONE', *, *, #5344, .F. ) ;
#6518 = ORIENTED_EDGE ( 'NONE', *, *, #3464, .T. ) ;
#6519 = EDGE_LOOP ( 'NONE', ( #2446, #3900, #2886, #629 ) ) ;
#6520 = FACE_OUTER_BOUND ( 'NONE', #241, .T. ) ;
#6521 = CLOSED_SHELL ( 'NONE', ( #2151, #6260, #749, #3227, #1800, #2005, #1339, #4127, #3391, #5521, #1389, #2919, #453, #3567, #7505, #1130, #7149, #4831, #7153, #7391 ) ) ;
#6522 = CARTESIAN_POINT ( 'NONE',  ( -3.962399999999997924, 1.977999999999997982, -4.724399999999997490 ) ) ;
#6523 = VECTOR ( 'NONE', #398, 1000.000000000000000 ) ;
#6524 = APPLICATION_PROTOCOL_DEFINITION ( 'draft international standard', 'automotive_design', 1998, #4944 ) ;
#6525 = CARTESIAN_POINT ( 'NONE',  ( -3.962399999999996147, 8.889999999999998792, -4.524399999999998201 ) ) ;
#6526 = AXIS2_PLACEMENT_3D ( 'NONE', #2753, #5086, #7286 ) ;
#6527 = CARTESIAN_POINT ( 'NONE',  ( -5.085870582802928475, 4.401186195567422743, -2.920999999999998042 ) ) ;
#6528 = VECTOR ( 'NONE', #5397, 1000.000000000000114 ) ;
#6529 = ORIENTED_EDGE ( 'NONE', *, *, #5943, .T. ) ;
#6530 = ORIENTED_EDGE ( 'NONE', *, *, #7378, .F. ) ;
#6531 = CIRCLE ( 'NONE', #5198, 0.7619999999999987894 ) ;
#6532 = CARTESIAN_POINT ( 'NONE',  ( -4.980928442999998929, 4.216240551499997657, -2.920999999999997598 ) ) ;
#6533 = VERTEX_POINT ( 'NONE', #6536 ) ;
#6534 = DIRECTION ( 'NONE',  ( 5.130477113903260708E-17, 1.665334536937735304E-16, -1.000000000000000000 ) ) ;
#6535 = CARTESIAN_POINT ( 'NONE',  ( -6.476999999999998536, 6.002332419999997448, 0.6350000000000027844 ) ) ;
#6536 = CARTESIAN_POINT ( 'NONE',  ( 6.223000000000000753, 4.792684585299996414, 4.699000000000003396 ) ) ;
#6537 = DIRECTION ( 'NONE',  ( 5.130477113903260708E-17, 1.665334536937735304E-16, -1.000000000000000000 ) ) ;
#6538 = VERTEX_POINT ( 'NONE', #4260 ) ;
#6539 = CARTESIAN_POINT ( 'NONE',  ( -5.724327148805999244, 4.081300973171996915, 3.175000000000002931 ) ) ;
#6540 = ORIENTED_EDGE ( 'NONE', *, *, #2035, .T. ) ;
#6541 = CARTESIAN_POINT ( 'NONE',  ( 2.159000000000001140, 7.112000000000000988, -8.524399999720998267 ) ) ;
#6542 = CARTESIAN_POINT ( 'NONE',  ( -5.085678860471998242, 6.287389423200496985, 2.159000000000002917 ) ) ;
#6543 = CARTESIAN_POINT ( 'NONE',  ( 6.477000000000002089, 6.002332419999996560, 0.6350000000000027844 ) ) ;
#6544 = B_SPLINE_SURFACE_WITH_KNOTS ( 'NONE', 3, 1, ( 
 ( #339, #5582 ),
 ( #369, #5020 ),
 ( #550, #4556 ),
 ( #6982, #2833 ) ),
 .UNSPECIFIED., .F., .F., .F.,
 ( 4, 4 ),
 ( 2, 2 ),
 ( 0.007915563352697763816, 0.2236253938848379863 ),
 ( 0.000000000000000000, 1.000000000000000000 ),
 .UNSPECIFIED. ) ;
#6545 = LINE ( 'NONE', #5369, #4077 ) ;
#6546 = EDGE_CURVE ( 'NONE', #2980, #1005, #2576, .T. ) ;
#6547 = VERTEX_POINT ( 'NONE', #4218 ) ;
#6548 = CARTESIAN_POINT ( 'NONE',  ( -4.808421040999997231, 6.218579345900026922, -1.904999999999998028 ) ) ;
#6549 = LINE ( 'NONE', #6016, #3968 ) ;
#6550 = CARTESIAN_POINT ( 'NONE',  ( 2.159000000000000696, 8.166099999999998360, -6.121399999999997732 ) ) ;
#6551 = CIRCLE ( 'NONE', #5824, 0.1999999999999996503 ) ;
#6552 = B_SPLINE_SURFACE_WITH_KNOTS ( 'NONE', 3, 1, ( 
 ( #4122, #3578 ),
 ( #808, #7120 ),
 ( #2439, #5944 ),
 ( #4852, #5376 ) ),
 .UNSPECIFIED., .F., .F., .F.,
 ( 4, 4 ),
 ( 2, 2 ),
 ( 0.7764366983749713125, 0.9920866337330077611 ),
 ( 0.000000000000000000, 1.000000000000000000 ),
 .UNSPECIFIED. ) ;
#6553 = CARTESIAN_POINT ( 'NONE',  ( 4.980928443000002481, 6.472079448499996168, 2.159000000000002917 ) ) ;
#6554 = DIRECTION ( 'NONE',  ( 5.130477113903260708E-17, 1.665334536937735304E-16, -1.000000000000000000 ) ) ;
#6555 = ORIENTED_EDGE ( 'NONE', *, *, #2184, .F. ) ;
#6556 = DIRECTION ( 'NONE',  ( -1.000000000000000000, 3.431425595409362857E-17, -5.130477113903259476E-17 ) ) ;
#6557 = VECTOR ( 'NONE', #4319, 1000.000000000000000 ) ;
#6558 = ORIENTED_EDGE ( 'NONE', *, *, #6684, .F. ) ;
#6559 = ORIENTED_EDGE ( 'NONE', *, *, #4932, .F. ) ;
#6560 = DIRECTION ( 'NONE',  ( -1.000000000000000000, 3.431425595409362857E-17, -5.130477113903259476E-17 ) ) ;
#6561 = EDGE_CURVE ( 'NONE', #6197, #6724, #4910, .T. ) ;
#6562 = CARTESIAN_POINT ( 'NONE',  ( 5.507748381188442011, 5.862319999999709097, -0.3809999999999975628 ) ) ;
#6563 = VECTOR ( 'NONE', #2528, 1000.000000000000000 ) ;
#6564 = CARTESIAN_POINT ( 'NONE',  ( 5.029696186834001992, 5.943853916012996841, -2.920999999999997154 ) ) ;
#6565 = CARTESIAN_POINT ( 'NONE',  ( -6.223000000000006082, 4.232135350800141360, -2.920999999999998042 ) ) ;
#6566 = ORIENTED_EDGE ( 'NONE', *, *, #1575, .F. ) ;
#6567 = ORIENTED_EDGE ( 'NONE', *, *, #669, .F. ) ;
#6568 = CIRCLE ( 'NONE', #5962, 1.270000000000000240 ) ;
#6569 = ORIENTED_EDGE ( 'NONE', *, *, #3570, .T. ) ;
#6570 = CARTESIAN_POINT ( 'NONE',  ( 6.223000000000001641, 0.5079999999999971205, -0.3809999999999976739 ) ) ;
#6571 = CARTESIAN_POINT ( 'NONE',  ( -4.980928442999999817, 6.472079448499996168, 4.699000000000003396 ) ) ;
#6572 = DIRECTION ( 'NONE',  ( 5.130477113903260708E-17, 1.665334536937735304E-16, -1.000000000000000000 ) ) ;
#6573 = EDGE_CURVE ( 'NONE', #3676, #4393, #7493, .T. ) ;
#6574 = CARTESIAN_POINT ( 'NONE',  ( -5.085678860472624407, 6.287389423200528071, -2.920999999999997598 ) ) ;
#6575 = ORIENTED_EDGE ( 'NONE', *, *, #6561, .T. ) ;
#6576 = FACE_OUTER_BOUND ( 'NONE', #2573, .T. ) ;
#6577 = ORIENTED_EDGE ( 'NONE', *, *, #5002, .F. ) ;
#6578 = CARTESIAN_POINT ( 'NONE',  ( -5.029696186834000216, 5.943853916012996841, 4.699000000000003396 ) ) ;
#6579 = DIRECTION ( 'NONE',  ( 1.201410850312336183E-17, -0.7071067811865474617, -0.7071067811865475727 ) ) ;
#6580 = PLANE ( 'NONE',  #5906 ) ;
#6581 = PRESENTATION_STYLE_ASSIGNMENT (( #1822 ) ) ;
#6582 = VERTEX_POINT ( 'NONE', #4876 ) ;
#6583 = CARTESIAN_POINT ( 'NONE',  ( -5.140909714137239739, 5.862319994912671639, -0.3809999999999976739 ) ) ;
#6584 = LINE ( 'NONE', #4156, #4093 ) ;
#6585 = STYLED_ITEM ( 'NONE', ( #6018 ), #7196 ) ;
#6586 = CARTESIAN_POINT ( 'NONE',  ( -6.222999999999998089, 4.665481232899996833, 0.6350000000000027844 ) ) ;
#6587 = EDGE_CURVE ( 'NONE', #7425, #2773, #2539, .T. ) ;
#6588 = DIRECTION ( 'NONE',  ( 5.130477113903260708E-17, 1.665334536937735304E-16, -1.000000000000000000 ) ) ;
#6589 = CARTESIAN_POINT ( 'NONE',  ( 6.477000000000002089, 6.002332419999996560, 2.159000000000002917 ) ) ;
#6590 =( GEOMETRIC_REPRESENTATION_CONTEXT ( 3 ) GLOBAL_UNCERTAINTY_ASSIGNED_CONTEXT ( ( #4851 ) ) GLOBAL_UNIT_ASSIGNED_CONTEXT ( ( #5916, #3551, #4864 ) ) REPRESENTATION_CONTEXT ( 'NONE', 'WORKASPACE' ) );
#6591 = PLANE ( 'NONE',  #3716 ) ;
#6592 = ORIENTED_EDGE ( 'NONE', *, *, #5480, .F. ) ;
#6593 = CARTESIAN_POINT ( 'NONE',  ( 5.140909707198001222, 4.825999999999997847, -1.904999999999997140 ) ) ;
#6594 = ORIENTED_EDGE ( 'NONE', *, *, #3017, .F. ) ;
#6595 = B_SPLINE_CURVE_WITH_KNOTS ( 'NONE', 3,
 ( #3842, #951, #5628, #5667 ),
 .UNSPECIFIED., .F., .F.,
 ( 4, 4 ),
 ( 0.000000000000000000, 1.000000000000000000 ),
 .UNSPECIFIED. ) ;
#6596 = EDGE_CURVE ( 'NONE', #6828, #4979, #219, .T. ) ;
#6597 = EDGE_LOOP ( 'NONE', ( #2036, #1997, #5442, #6954 ) ) ;
#6598 = EDGE_CURVE ( 'NONE', #5268, #5706, #2925, .T. ) ;
#6599 = CARTESIAN_POINT ( 'NONE',  ( -5.371941468077998216, 5.947322718753698112, -1.904999999999997806 ) ) ;
#6600 = DIRECTION ( 'NONE',  ( 1.000000000000000000, 0.000000000000000000, 0.000000000000000000 ) ) ;
#6601 = EDGE_CURVE ( 'NONE', #1672, #85, #3486, .T. ) ;
#6602 = DIRECTION ( 'NONE',  ( -1.000000000000000000, 3.431425595409362857E-17, -5.130477113903259476E-17 ) ) ;
#6603 = LINE ( 'NONE', #1353, #1887 ) ;
#6604 = ORIENTED_EDGE ( 'NONE', *, *, #4410, .F. ) ;
#6605 = ORIENTED_EDGE ( 'NONE', *, *, #1257, .F. ) ;
#6606 = ORIENTED_EDGE ( 'NONE', *, *, #1289, .F. ) ;
#6607 = CARTESIAN_POINT ( 'NONE',  ( -3.962399999999998812, 8.889999999999995239, 4.524400000000002642 ) ) ;
#6608 = B_SPLINE_SURFACE_WITH_KNOTS ( 'NONE', 3, 1, ( 
 ( #7403, #5730 ),
 ( #6824, #2722 ),
 ( #1082, #6221 ),
 ( #7328, #1619 ),
 ( #7365, #268 ),
 ( #5053, #3936 ) ),
 .UNSPECIFIED., .F., .F., .F.,
 ( 4, 1, 1, 4 ),
 ( 2, 2 ),
 ( 0.007490355435017930288, 0.4025913527100000167, 0.7332758799206000599, 0.9915633411122035668 ),
 ( 0.000000000000000000, 1.000000000000000000 ),
 .UNSPECIFIED. ) ;
#6609 = CARTESIAN_POINT ( 'NONE',  ( 6.109955650407001393, 4.159618444802996251, 4.699000000000003396 ) ) ;
#6610 = CARTESIAN_POINT ( 'NONE',  ( 6.223000000000000753, 5.895635414699996524, 4.699000000000003396 ) ) ;
#6611 = CARTESIAN_POINT ( 'NONE',  ( 4.919058033047500444, 4.607104059464188772, -2.920999999999997154 ) ) ;
#6612 = DIRECTION ( 'NONE',  ( -1.000000000000000000, 3.431425595409362857E-17, -5.130477113903259476E-17 ) ) ;
#6613 = ADVANCED_FACE ( 'NONE', ( #133 ), #3281, .F. ) ;
#6614 = ORIENTED_EDGE ( 'NONE', *, *, #406, .F. ) ;
#6615 = CARTESIAN_POINT ( 'NONE',  ( 5.959238080889480926, 4.243216917964828028, -4.444999999999997620 ) ) ;
#6616 = ORIENTED_EDGE ( 'NONE', *, *, #3800, .F. ) ;
#6617 = CARTESIAN_POINT ( 'NONE',  ( 4.919058026674002271, 6.081215948449797182, 2.159000000000002917 ) ) ;
#6618 = CARTESIAN_POINT ( 'NONE',  ( 5.085678860472627072, 6.287389423200527183, -0.3809999999999972298 ) ) ;
#6619 = CARTESIAN_POINT ( 'NONE',  ( -4.808421040999999896, 6.218579345899995836, 4.699000000000003396 ) ) ;
#6620 = CARTESIAN_POINT ( 'NONE',  ( 4.808421041000002560, 4.469740654099997101, 0.6350000000000027844 ) ) ;
#6621 = ORIENTED_EDGE ( 'NONE', *, *, #5186, .F. ) ;
#6622 = FACE_OUTER_BOUND ( 'NONE', #2888, .T. ) ;
#6623 = AXIS2_PLACEMENT_3D ( 'NONE', #5450, #2554, #1336 ) ;
#6624 = LINE ( 'NONE', #5373, #5913 ) ;
#6625 = CARTESIAN_POINT ( 'NONE',  ( 5.029696186834001992, 4.744466083986996097, 2.159000000000002917 ) ) ;
#6626 = DIRECTION ( 'NONE',  ( -1.000000000000000000, 3.431425595409362857E-17, -5.130477113903259476E-17 ) ) ;
#6627 = CARTESIAN_POINT ( 'NONE',  ( 5.085678860472001794, 6.287389423200496097, 2.159000000000002917 ) ) ;
#6628 = COLOUR_RGB ( '',0.7921568627450980005, 0.8196078431372548767, 0.9333333333333333481 ) ;
#6629 = B_SPLINE_CURVE_WITH_KNOTS ( 'NONE', 3,
 ( #2671, #2091, #309, #6702 ),
 .UNSPECIFIED., .F., .F.,
 ( 4, 4 ),
 ( 0.000000000000000000, 1.000000000000000000 ),
 .UNSPECIFIED. ) ;
#6630 = DIRECTION ( 'NONE',  ( 3.431425595409362857E-17, 1.000000000000000000, 0.000000000000000000 ) ) ;
#6631 = EDGE_LOOP ( 'NONE', ( #4750, #5396, #585, #1941 ) ) ;
#6632 = CARTESIAN_POINT ( 'NONE',  ( 6.223000000000001641, 4.825999999999997847, 4.953000000000002068 ) ) ;
#6633 = ADVANCED_FACE ( 'NONE', ( #1471 ), #165, .F. ) ;
#6634 = ORIENTED_EDGE ( 'NONE', *, *, #1753, .F. ) ;
#6635 = VECTOR ( 'NONE', #4645, 1000.000000000000000 ) ;
#6636 = LINE ( 'NONE', #6274, #4456 ) ;
#6637 = TOROIDAL_SURFACE ( 'NONE', #3354, 0.05399999999999998551, 0.2000000000000000111 ) ;
#6638 = CARTESIAN_POINT ( 'NONE',  ( 2.159000000000001140, 7.112000000000000988, -12.57299999999999685 ) ) ;
#6639 = AXIS2_PLACEMENT_3D ( 'NONE', #6088, #759, #2583 ) ;
#6640 = DIRECTION ( 'NONE',  ( 3.431425595409362857E-17, 1.000000000000000000, 0.000000000000000000 ) ) ;
#6641 = EDGE_CURVE ( 'NONE', #3494, #1572, #6148, .T. ) ;
#6642 = AXIS2_PLACEMENT_3D ( 'NONE', #5761, #2343, #3368 ) ;
#6643 = EDGE_LOOP ( 'NONE', ( #6592, #3260, #4972, #2342 ) ) ;
#6644 = EDGE_CURVE ( 'NONE', #6154, #1475, #6823, .T. ) ;
#6645 = ORIENTED_EDGE ( 'NONE', *, *, #6701, .F. ) ;
#6646 = EDGE_CURVE ( 'NONE', #5704, #85, #4464, .T. ) ;
#6647 = VERTEX_POINT ( 'NONE', #3262 ) ;
#6648 = CLOSED_SHELL ( 'NONE', ( #5291, #971, #4799, #3759, #7512, #7450, #4465, #4150, #2755, #1241, #7172, #1083, #384, #2813, #4744, #3337, #3126, #6693, #588, #2410, #397, #1988, #1591, #1924, #2214, #947, #1613, #2780, #3746, #2332, #1243, #810, #180 ) ) ;
#6649 = VECTOR ( 'NONE', #1742, 1000.000000000000000 ) ;
#6650 = CARTESIAN_POINT ( 'NONE',  ( 5.085870582802932027, 4.401186195567421855, -2.920999999999997154 ) ) ;
#6651 = DIRECTION ( 'NONE',  ( -1.000000000000000000, 0.000000000000000000, 0.000000000000000000 ) ) ;
#6652 = FACE_OUTER_BOUND ( 'NONE', #2915, .T. ) ;
#6653 = AXIS2_PLACEMENT_3D ( 'NONE', #6097, #886, #4420 ) ;
#6654 = CIRCLE ( 'NONE', #1178, 0.2539999999999998925 ) ;
#6655 = FACE_OUTER_BOUND ( 'NONE', #7390, .T. ) ;
#6656 = ORIENTED_EDGE ( 'NONE', *, *, #227, .T. ) ;
#6657 = CARTESIAN_POINT ( 'NONE',  ( -6.109955650406998728, 4.159618444802998916, -4.444999999999997620 ) ) ;
#6658 = ORIENTED_EDGE ( 'NONE', *, *, #174, .F. ) ;
#6659 = CYLINDRICAL_SURFACE ( 'NONE', #5662, 0.2539999999999998925 ) ;
#6660 = EDGE_CURVE ( 'NONE', #4393, #3676, #1426, .T. ) ;
#6661 = CARTESIAN_POINT ( 'NONE',  ( -2.158999999999999364, 4.610100000000001863, -8.524399999720996490 ) ) ;
#6662 = VECTOR ( 'NONE', #1114, 999.9999999999998863 ) ;
#6663 = CARTESIAN_POINT ( 'NONE',  ( -2.158999999999999364, 0.06604000000005968984, -12.57299999999995954 ) ) ;
#6664 = ORIENTED_EDGE ( 'NONE', *, *, #863, .T. ) ;
#6665 = DIRECTION ( 'NONE',  ( 6.054179465614428618E-17, 0.7071067811865475727, -0.7071067811865474617 ) ) ;
#6666 = ORIENTED_EDGE ( 'NONE', *, *, #5619, .F. ) ;
#6667 = CARTESIAN_POINT ( 'NONE',  ( 1.630472181022292783E-15, 5.344159999999997801, -2.920999999999997598 ) ) ;
#6668 = DIRECTION ( 'NONE',  ( -0.5625939497761849317, 0.8267333594788778273, -2.886375383747156989E-17 ) ) ;
#6669 = DIRECTION ( 'NONE',  ( 5.130477113903260708E-17, 1.665334536937735304E-16, -1.000000000000000000 ) ) ;
#6670 = CARTESIAN_POINT ( 'NONE',  ( 6.223000000000000753, 0.5079999999999963434, 4.699000000000003396 ) ) ;
#6671 = EDGE_CURVE ( 'NONE', #1902, #5128, #4295, .T. ) ;
#6672 = PLANE ( 'NONE',  #3587 ) ;
#6673 = ORIENTED_EDGE ( 'NONE', *, *, #2550, .F. ) ;
#6674 = LINE ( 'NONE', #772, #420 ) ;
#6675 = ORIENTED_EDGE ( 'NONE', *, *, #2793, .F. ) ;
#6676 = CARTESIAN_POINT ( 'NONE',  ( -2.158999999999998920, 3.937000000000002053, -12.91441695749999674 ) ) ;
#6677 = LINE ( 'NONE', #7453, #4711 ) ;
#6678 = VECTOR ( 'NONE', #988, 1000.000000000000114 ) ;
#6679 = DIRECTION ( 'NONE',  ( 1.201410850312336183E-17, -0.7071067811865474617, -0.7071067811865475727 ) ) ;
#6680 = ORIENTED_EDGE ( 'NONE', *, *, #6237, .F. ) ;
#6681 = ORIENTED_EDGE ( 'NONE', *, *, #6797, .F. ) ;
#6682 = AXIS2_PLACEMENT_3D ( 'NONE', #5721, #6284, #390 ) ;
#6683 = CARTESIAN_POINT ( 'NONE',  ( -6.476999999999999424, -3.469446951953614189E-15, 3.683000000000002050 ) ) ;
#6684 = EDGE_CURVE ( 'NONE', #5678, #1697, #374, .T. ) ;
#6685 = CARTESIAN_POINT ( 'NONE',  ( 5.724327148806001908, 4.081300973171996915, 0.6350000000000032285 ) ) ;
#6686 =( GEOMETRIC_REPRESENTATION_CONTEXT ( 3 ) GLOBAL_UNCERTAINTY_ASSIGNED_CONTEXT ( ( #3092 ) ) GLOBAL_UNIT_ASSIGNED_CONTEXT ( ( #2593, #192, #5375 ) ) REPRESENTATION_CONTEXT ( 'NONE', 'WORKASPACE' ) );
#6687 = DIRECTION ( 'NONE',  ( 5.130477113903260092E-17, 1.665334536937735304E-16, -1.000000000000000000 ) ) ;
#6688 = ORIENTED_EDGE ( 'NONE', *, *, #3089, .T. ) ;
#6689 = CARTESIAN_POINT ( 'NONE',  ( -4.980928442999998929, 4.216240551499997657, -4.444999999999997620 ) ) ;
#6690 = VERTEX_POINT ( 'NONE', #7363 ) ;
#6691 = EDGE_CURVE ( 'NONE', #7051, #7449, #2687, .T. ) ;
#6692 = FACE_OUTER_BOUND ( 'NONE', #4739, .T. ) ;
#6693 = ADVANCED_FACE ( 'NONE', ( #5015 ), #6219, .T. ) ;
#6694 = CARTESIAN_POINT ( 'NONE',  ( 6.477000000000002089, -2.717800000000003546, 1.651000000000002244 ) ) ;
#6695 = CARTESIAN_POINT ( 'NONE',  ( 2.159000000000001140, 7.112000000000000988, -12.31899999999999906 ) ) ;
#6696 = VERTEX_POINT ( 'NONE', #6250 ) ;
#6697 = FACE_OUTER_BOUND ( 'NONE', #1686, .T. ) ;
#6698 = ORIENTED_EDGE ( 'NONE', *, *, #443, .F. ) ;
#6699 = CARTESIAN_POINT ( 'NONE',  ( 4.216400000000001924, 1.977999999999996650, -4.524399999999998201 ) ) ;
#6700 = CARTESIAN_POINT ( 'NONE',  ( 5.029696186834001992, 4.744466083986996985, -2.920999999999997154 ) ) ;
#6701 = EDGE_CURVE ( 'NONE', #2098, #1833, #7327, .T. ) ;
#6702 = CARTESIAN_POINT ( 'NONE',  ( -4.808421040999999008, 4.469740654099997990, -2.920999999999997598 ) ) ;
#6703 = PLANE ( 'NONE',  #7131 ) ;
#6704 = CARTESIAN_POINT ( 'NONE',  ( -5.085678860471998242, 6.287389423200497873, -4.444999999999997620 ) ) ;
#6705 = ORIENTED_EDGE ( 'NONE', *, *, #1790, .F. ) ;
#6706 = CARTESIAN_POINT ( 'NONE',  ( 5.959238082004001846, 6.445103080248996363, 3.175000000000002487 ) ) ;
#6707 = MECHANICAL_DESIGN_GEOMETRIC_PRESENTATION_REPRESENTATION (  '', ( #1479 ), #3417 ) ;
#6708 = EDGE_CURVE ( 'NONE', #6724, #2773, #4511, .T. ) ;
#6709 = ORIENTED_EDGE ( 'NONE', *, *, #7463, .T. ) ;
#6710 = CARTESIAN_POINT ( 'NONE',  ( 5.371700992471000191, 4.741020151570095820, 4.699000000000003396 ) ) ;
#6711 = DIRECTION ( 'NONE',  ( 1.000000000000000000, -3.431425595409362857E-17, 5.130477113903259476E-17 ) ) ;
#6712 = VECTOR ( 'NONE', #5221, 1000.000000000000000 ) ;
#6713 = CARTESIAN_POINT ( 'NONE',  ( 3.962400000000001477, 1.977999999999996650, -4.724399999999997490 ) ) ;
#6714 = DIRECTION ( 'NONE',  ( 1.000000000000000000, 0.000000000000000000, 0.000000000000000000 ) ) ;
#6715 = ORIENTED_EDGE ( 'NONE', *, *, #3023, .T. ) ;
#6716 = EDGE_CURVE ( 'NONE', #4423, #20, #6654, .T. ) ;
#6717 = VERTEX_POINT ( 'NONE', #5539 ) ;
#6718 = CARTESIAN_POINT ( 'NONE',  ( 6.223000000000010523, 4.232135350800141360, -2.920999999999997154 ) ) ;
#6719 = CARTESIAN_POINT ( 'NONE',  ( 5.085870582803922346, 4.401186195567423631, 2.159000000000003805 ) ) ;
#6720 = B_SPLINE_CURVE_WITH_KNOTS ( 'NONE', 3,
 ( #5045, #3860, #324, #287, #2646, #1496 ),
 .UNSPECIFIED., .F., .F.,
 ( 4, 1, 1, 4 ),
 ( 0.000000000000000000, 0.2624677914213000007, 0.5985043770962999998, 1.000000000000000000 ),
 .UNSPECIFIED. ) ;
#6721 = CARTESIAN_POINT ( 'NONE',  ( 6.477000000000002089, 6.002332419999997448, -4.444999999999996732 ) ) ;
#6722 = VERTEX_POINT ( 'NONE', #333 ) ;
#6723 = DIRECTION ( 'NONE',  ( 1.000000000000000000, -3.431425595409362857E-17, 5.130477113903259476E-17 ) ) ;
#6724 = VERTEX_POINT ( 'NONE', #2653 ) ;
#6725 = ADVANCED_FACE ( 'NONE', ( #1153 ), #1507, .T. ) ;
#6726 = CARTESIAN_POINT ( 'NONE',  ( 4.808421040999546925, 4.469740654100034405, 3.175000000000002487 ) ) ;
#6727 = DIRECTION ( 'NONE',  ( -5.130477113903260708E-17, -1.665334536937735304E-16, 1.000000000000000000 ) ) ;
#6728 = EDGE_CURVE ( 'NONE', #3862, #5567, #511, .T. ) ;
#6729 = LINE ( 'NONE', #4381, #556 ) ;
#6730 = EDGE_LOOP ( 'NONE', ( #2918, #1767, #1449, #4837 ) ) ;
#6731 = ADVANCED_FACE ( 'NONE', ( #5802 ), #2867, .T. ) ;
#6732 = DIRECTION ( 'NONE',  ( -3.431425595409362857E-17, -1.000000000000000000, -0.000000000000000000 ) ) ;
#6733 = VERTEX_POINT ( 'NONE', #1690 ) ;
#6734 = EDGE_CURVE ( 'NONE', #4814, #4941, #1804, .T. ) ;
#6735 = DIRECTION ( 'NONE',  ( 5.130477113903260092E-17, 1.665334536937735304E-16, -1.000000000000000000 ) ) ;
#6736 = CARTESIAN_POINT ( 'NONE',  ( -4.808421040999999008, 4.469740654099997101, -0.3809999999999976739 ) ) ;
#6737 = PRODUCT ( '4525-DS3A001DP', '4525-DS3A001DP', '', ( #5310 ) ) ;
#6738 = DIRECTION ( 'NONE',  ( -3.431425595409362241E-17, -1.000000000000000000, -1.665334536937735304E-16 ) ) ;
#6739 = DIRECTION ( 'NONE',  ( -3.431425595409362857E-17, -1.000000000000000000, -0.000000000000000000 ) ) ;
#6740 = PLANE ( 'NONE',  #3114 ) ;
#6741 = EDGE_LOOP ( 'NONE', ( #2491, #4528, #3662, #1481 ) ) ;
#6742 = DIRECTION ( 'NONE',  ( 6.054179465614431083E-17, 0.7071067811865475727, -0.7071067811865474617 ) ) ;
#6743 = VERTEX_POINT ( 'NONE', #2911 ) ;
#6744 = DIRECTION ( 'NONE',  ( 1.000000000000000000, -3.431425595409362857E-17, 5.130477113903259476E-17 ) ) ;
#6745 = VECTOR ( 'NONE', #6742, 1000.000000000000114 ) ;
#6746 = ADVANCED_FACE ( 'NONE', ( #3517 ), #6364, .F. ) ;
#6747 = LINE ( 'NONE', #7354, #3256 ) ;
#6748 = CARTESIAN_POINT ( 'NONE',  ( 6.223000000000001641, 4.825999999999997847, -4.952999999999998515 ) ) ;
#6749 = ORIENTED_EDGE ( 'NONE', *, *, #2923, .T. ) ;
#6750 = VECTOR ( 'NONE', #4629, 1000.000000000000000 ) ;
#6751 = ORIENTED_EDGE ( 'NONE', *, *, #5727, .T. ) ;
#6752 = CARTESIAN_POINT ( 'NONE',  ( 5.724327148806001908, 4.081300973171996915, -4.444999999999996732 ) ) ;
#6753 = AXIS2_PLACEMENT_3D ( 'NONE', #4522, #5060, #1595 ) ;
#6754 = CARTESIAN_POINT ( 'NONE',  ( 6.109955650407427719, 4.159618444802801740, 0.6350000000000032285 ) ) ;
#6755 = AXIS2_PLACEMENT_3D ( 'NONE', #1702, #17, #6419 ) ;
#6756 = DIRECTION ( 'NONE',  ( 0.000000000000000000, 0.000000000000000000, -1.000000000000000000 ) ) ;
#6757 = EDGE_CURVE ( 'NONE', #3676, #1738, #1081, .T. ) ;
#6758 = AXIS2_PLACEMENT_3D ( 'NONE', #614, #1073, #3388 ) ;
#6759 = DIRECTION ( 'NONE',  ( -1.000000000000000000, 3.431425595409362857E-17, -5.130477113903259476E-17 ) ) ;
#6760 = ORIENTED_EDGE ( 'NONE', *, *, #3315, .F. ) ;
#6761 = VECTOR ( 'NONE', #2116, 999.9999999999998863 ) ;
#6762 = FACE_OUTER_BOUND ( 'NONE', #3799, .T. ) ;
#6763 = VERTEX_POINT ( 'NONE', #1724 ) ;
#6764 = CARTESIAN_POINT ( 'NONE',  ( -4.919058026673998718, 6.081215948449797182, -0.3809999999999976739 ) ) ;
#6765 = CARTESIAN_POINT ( 'NONE',  ( -5.371700992470997527, 4.741020151570096708, -1.904999999999998028 ) ) ;
#6766 = AXIS2_PLACEMENT_3D ( 'NONE', #7144, #5473, #3644 ) ;
#6767 = CARTESIAN_POINT ( 'NONE',  ( -6.109955650407424166, 4.159618444802801740, 2.159000000000002917 ) ) ;
#6768 = VERTEX_POINT ( 'NONE', #5844 ) ;
#6769 = CARTESIAN_POINT ( 'NONE',  ( 4.980928443000002481, 4.216240551499996769, -2.920999999999997154 ) ) ;
#6770 = VECTOR ( 'NONE', #1068, 1000.000000000000000 ) ;
#6771 = VERTEX_POINT ( 'NONE', #4549 ) ;
#6772 = ORIENTED_EDGE ( 'NONE', *, *, #6573, .T. ) ;
#6773 = DIRECTION ( 'NONE',  ( 0.000000000000000000, -1.000000000000000000, 0.000000000000000000 ) ) ;
#6774 = DIRECTION ( 'NONE',  ( 1.000000000000000000, -3.431425595409362857E-17, 5.130477113903259476E-17 ) ) ;
#6775 = CARTESIAN_POINT ( 'NONE',  ( 6.223000000000001641, 4.232135350799997475, -2.920999999999997154 ) ) ;
#6776 = ADVANCED_FACE ( 'NONE', ( #41 ), #4253, .T. ) ;
#6777 = FACE_OUTER_BOUND ( 'NONE', #1658, .T. ) ;
#6778 = CARTESIAN_POINT ( 'NONE',  ( 5.140909707198001222, 4.825999999999996959, 2.159000000000002917 ) ) ;
#6779 = VERTEX_POINT ( 'NONE', #6897 ) ;
#6780 = LINE ( 'NONE', #6132, #6247 ) ;
#6781 = ORIENTED_EDGE ( 'NONE', *, *, #578, .T. ) ;
#6782 = PLANE ( 'NONE',  #4874 ) ;
#6783 = DIRECTION ( 'NONE',  ( 0.000000000000000000, 1.000000000000000000, 0.000000000000000000 ) ) ;
#6784 = CARTESIAN_POINT ( 'NONE',  ( -5.085870582802998641, 4.401186195567396986, 0.6350000000000027844 ) ) ;
#6785 = ORIENTED_EDGE ( 'NONE', *, *, #3428, .T. ) ;
#6786 = ORIENTED_EDGE ( 'NONE', *, *, #6043, .T. ) ;
#6787 = DIRECTION ( 'NONE',  ( -0.000000000000000000, -0.000000000000000000, 1.000000000000000000 ) ) ;
#6788 = AXIS2_PLACEMENT_3D ( 'NONE', #5881, #4172, #2459 ) ;
#6789 = DIRECTION ( 'NONE',  ( 1.000000000000000000, -3.431425595409362857E-17, 5.130477113903259476E-17 ) ) ;
#6790 = DIRECTION ( 'NONE',  ( -0.5625939497761849317, 0.8267333594788778273, -2.886375383747156989E-17 ) ) ;
#6791 = FACE_OUTER_BOUND ( 'NONE', #3707, .T. ) ;
#6792 = ORIENTED_EDGE ( 'NONE', *, *, #6660, .T. ) ;
#6793 = LINE ( 'NONE', #7331, #4866 ) ;
#6794 = AXIS2_PLACEMENT_3D ( 'NONE', #4468, #6175, #4541 ) ;
#6795 = ORIENTED_EDGE ( 'NONE', *, *, #3658, .T. ) ;
#6796 = CARTESIAN_POINT ( 'NONE',  ( 6.477000000000002089, -2.602085213965210642E-15, -0.8889999999999974589 ) ) ;
#6797 = EDGE_CURVE ( 'NONE', #3369, #2572, #839, .T. ) ;
#6798 = CARTESIAN_POINT ( 'NONE',  ( -4.980928442999998040, 4.216240551499585543, -0.3809999999999983400 ) ) ;
#6799 = CIRCLE ( 'NONE', #6082, 0.3809999999999998388 ) ;
#6800 = B_SPLINE_CURVE_WITH_KNOTS ( 'NONE', 3,
 ( #5161, #2264, #3938, #6253, #5694, #2799 ),
 .UNSPECIFIED., .F., .F.,
 ( 4, 1, 1, 4 ),
 ( 0.000000000000000000, 0.2624677914213000007, 0.5985043770962999998, 1.000000000000000000 ),
 .UNSPECIFIED. ) ;
#6801 = DIRECTION ( 'NONE',  ( 1.000000000000000000, 0.000000000000000000, 0.000000000000000000 ) ) ;
#6802 = VERTEX_POINT ( 'NONE', #472 ) ;
#6803 = CARTESIAN_POINT ( 'NONE',  ( -5.371700992470997527, 4.741020151570096708, 3.175000000000002487 ) ) ;
#6804 = ORIENTED_EDGE ( 'NONE', *, *, #6546, .F. ) ;
#6805 = DIRECTION ( 'NONE',  ( -1.000000000000000000, 3.431425595409362857E-17, -5.130477113903259476E-17 ) ) ;
#6806 = FACE_OUTER_BOUND ( 'NONE', #7086, .T. ) ;
#6807 = DIRECTION ( 'NONE',  ( 6.054179465614431083E-17, 0.7071067811865475727, -0.7071067811865474617 ) ) ;
#6808 = CARTESIAN_POINT ( 'NONE',  ( 6.223000000000001641, 4.232135350799996587, -0.3809999999999976739 ) ) ;
#6809 = CARTESIAN_POINT ( 'NONE',  ( 5.507748380830438606, 5.862319999714966201, 3.175000000000002487 ) ) ;
#6810 = ORIENTED_EDGE ( 'NONE', *, *, #4293, .T. ) ;
#6811 = CARTESIAN_POINT ( 'NONE',  ( 3.962400000000000588, 1.777999999999994918, 4.470400000000003260 ) ) ;
#6812 = DIRECTION ( 'NONE',  ( 0.5625939497761849317, 0.8267333594788778273, 2.886375383747156989E-17 ) ) ;
#6813 = EDGE_CURVE ( 'NONE', #5056, #3194, #2258, .T. ) ;
#6814 = DIRECTION ( 'NONE',  ( 1.000000000000000000, 0.000000000000000000, 0.000000000000000000 ) ) ;
#6815 = CARTESIAN_POINT ( 'NONE',  ( -5.140909707197997669, 4.825999999999997847, 2.159000000000002473 ) ) ;
#6816 = EDGE_CURVE ( 'NONE', #1969, #2826, #4014, .T. ) ;
#6817 = ORIENTED_EDGE ( 'NONE', *, *, #1174, .F. ) ;
#6818 = EDGE_CURVE ( 'NONE', #2265, #6763, #5124, .T. ) ;
#6819 = VERTEX_POINT ( 'NONE', #7513 ) ;
#6820 = EDGE_CURVE ( 'NONE', #2252, #6378, #4748, .T. ) ;
#6821 = PRESENTATION_LAYER_ASSIGNMENT (  '', '', ( #3544 ) ) ;
#6822 = CARTESIAN_POINT ( 'NONE',  ( -6.222999999999998089, 4.792684585299998190, -1.904999999999997806 ) ) ;
#6823 = LINE ( 'NONE', #2149, #6523 ) ;
#6824 = CARTESIAN_POINT ( 'NONE',  ( 6.477000000000029623, 6.364590498671153007, 2.159000000000003361 ) ) ;
#6825 = VERTEX_POINT ( 'NONE', #1876 ) ;
#6826 = PRESENTATION_LAYER_ASSIGNMENT (  '', '', ( #3795 ) ) ;
#6827 = CARTESIAN_POINT ( 'NONE',  ( -3.962399999999997924, 24.22086697599999638, 4.470400000000003260 ) ) ;
#6828 = VERTEX_POINT ( 'NONE', #5389 ) ;
#6829 = LINE ( 'NONE', #593, #7284 ) ;
#6830 = ORIENTED_EDGE ( 'NONE', *, *, #1665, .F. ) ;
#6831 = CARTESIAN_POINT ( 'NONE',  ( -2.158999999999998920, 3.937000000000002942, -12.57299999999996132 ) ) ;
#6832 = LINE ( 'NONE', #444, #5782 ) ;
#6833 = PLANE ( 'NONE',  #4215 ) ;
#6834 = EDGE_CURVE ( 'NONE', #943, #489, #4322, .T. ) ;
#6835 = DIRECTION ( 'NONE',  ( 5.130477113903260708E-17, 1.665334536937735304E-16, -1.000000000000000000 ) ) ;
#6836 = ORIENTED_EDGE ( 'NONE', *, *, #3803, .F. ) ;
#6837 = CYLINDRICAL_SURFACE ( 'NONE', #4193, 0.2539999999999998925 ) ;
#6838 = ORIENTED_EDGE ( 'NONE', *, *, #6757, .T. ) ;
#6839 = ORIENTED_EDGE ( 'NONE', *, *, #5808, .F. ) ;
#6840 = DIRECTION ( 'NONE',  ( -3.431425595409362857E-17, -1.000000000000000000, -0.000000000000000000 ) ) ;
#6841 = CARTESIAN_POINT ( 'NONE',  ( 4.919058026674002271, 6.081215948449796294, 3.175000000000002487 ) ) ;
#6842 = DIRECTION ( 'NONE',  ( -1.000000000000000000, 0.000000000000000000, 0.000000000000000000 ) ) ;
#6843 = DIRECTION ( 'NONE',  ( 0.000000000000000000, 0.000000000000000000, -1.000000000000000000 ) ) ;
#6844 = DIRECTION ( 'NONE',  ( 0.000000000000000000, -1.000000000000000000, 0.000000000000000000 ) ) ;
#6845 = FACE_OUTER_BOUND ( 'NONE', #4598, .T. ) ;
#6846 = ORIENTED_EDGE ( 'NONE', *, *, #1451, .T. ) ;
#6847 = DIRECTION ( 'NONE',  ( 0.000000000000000000, 0.000000000000000000, -1.000000000000000000 ) ) ;
#6848 = LINE ( 'NONE', #2211, #3771 ) ;
#6849 = CARTESIAN_POINT ( 'NONE',  ( -6.222999999999998089, 4.825999999999997847, -2.920999999999997598 ) ) ;
#6850 = EDGE_CURVE ( 'NONE', #5543, #3324, #1995, .T. ) ;
#6851 = DIRECTION ( 'NONE',  ( 5.130477113903260708E-17, 1.665334536937735304E-16, -1.000000000000000000 ) ) ;
#6852 = ORIENTED_EDGE ( 'NONE', *, *, #4249, .F. ) ;
#6853 = ORIENTED_EDGE ( 'NONE', *, *, #3581, .F. ) ;
#6854 = AXIS2_PLACEMENT_3D ( 'NONE', #5991, #3749, #1346 ) ;
#6855 = CARTESIAN_POINT ( 'NONE',  ( -6.222999999999998089, -1.734723475976807094E-15, -3.428999999999997605 ) ) ;
#6856 = DIRECTION ( 'NONE',  ( 5.130477113903260092E-17, 1.665334536937735304E-16, -1.000000000000000000 ) ) ;
#6857 = EDGE_CURVE ( 'NONE', #3843, #7013, #210, .T. ) ;
#6858 = CARTESIAN_POINT ( 'NONE',  ( 4.980928443000002481, 4.216240551499996769, -2.920999999999997154 ) ) ;
#6859 = ORIENTED_EDGE ( 'NONE', *, *, #2334, .F. ) ;
#6860 = PLANE ( 'NONE',  #4823 ) ;
#6861 = ORIENTED_EDGE ( 'NONE', *, *, #5048, .T. ) ;
#6862 = CARTESIAN_POINT ( 'NONE',  ( 4.016400000000001747, 1.777999999999994918, 4.470400000000003260 ) ) ;
#6863 = VERTEX_POINT ( 'NONE', #1837 ) ;
#6864 = CIRCLE ( 'NONE', #1652, 1.778000000000000025 ) ;
#6865 = CARTESIAN_POINT ( 'NONE',  ( 5.140909707198000334, 5.862319999999995979, 4.699000000000003396 ) ) ;
#6866 = CARTESIAN_POINT ( 'NONE',  ( 6.223000000000001641, 0.5079999999999980087, -2.920999999999997154 ) ) ;
#6867 = AXIS2_PLACEMENT_3D ( 'NONE', #3263, #5580, #4373 ) ;
#6868 = DIRECTION ( 'NONE',  ( -1.000000000000000000, 3.431425595409362857E-17, -5.130477113903259476E-17 ) ) ;
#6869 = AXIS2_PLACEMENT_3D ( 'NONE', #1725, #1270, #2341 ) ;
#6870 = AXIS2_PLACEMENT_3D ( 'NONE', #7435, #586, #3976 ) ;
#6871 = CARTESIAN_POINT ( 'NONE',  ( -5.507748381188366515, 5.862319999999709097, -2.920999999999997598 ) ) ;
#6872 = ORIENTED_EDGE ( 'NONE', *, *, #3402, .F. ) ;
#6873 = CARTESIAN_POINT ( 'NONE',  ( -5.507748381188998898, 5.862319999999997755, 2.159000000000002473 ) ) ;
#6874 = VERTEX_POINT ( 'NONE', #7053 ) ;
#6875 = LINE ( 'NONE', #5743, #6883 ) ;
#6876 = VECTOR ( 'NONE', #346, 1000.000000000000000 ) ;
#6877 = ADVANCED_FACE ( 'NONE', ( #5426 ), #4835, .T. ) ;
#6878 = DIRECTION ( 'NONE',  ( -5.130477113903260708E-17, -1.665334536937735304E-16, 1.000000000000000000 ) ) ;
#6879 = CIRCLE ( 'NONE', #5544, 1.054100000000000037 ) ;
#6880 = CARTESIAN_POINT ( 'NONE',  ( -4.980928442999998929, 6.472079448499997945, -2.920999999999997598 ) ) ;
#6881 = DIRECTION ( 'NONE',  ( 0.000000000000000000, 1.000000000000000000, 0.000000000000000000 ) ) ;
#6882 = CARTESIAN_POINT ( 'NONE',  ( 4.808421041000002560, 4.469740654099997101, -2.920999999999997154 ) ) ;
#6883 = VECTOR ( 'NONE', #7489, 999.9999999999998863 ) ;
#6884 = CARTESIAN_POINT ( 'NONE',  ( 2.159000000000001140, 7.112000000000000988, -11.52441814999999714 ) ) ;
#6885 = ORIENTED_EDGE ( 'NONE', *, *, #5157, .F. ) ;
#6886 = VECTOR ( 'NONE', #742, 1000.000000000000000 ) ;
#6887 = CARTESIAN_POINT ( 'NONE',  ( -4.980928442999998929, 4.216240551499996769, 2.159000000000002917 ) ) ;
#6888 = DIRECTION ( 'NONE',  ( -3.431425595409362857E-17, -1.000000000000000000, -0.000000000000000000 ) ) ;
#6889 = DIRECTION ( 'NONE',  ( -3.431425595409636493E-17, -1.000000000000000000, 5.331936748786999878E-14 ) ) ;
#6890 = EDGE_CURVE ( 'NONE', #3485, #6825, #5351, .T. ) ;
#6891 = DIRECTION ( 'NONE',  ( 6.054179465614431083E-17, 0.7071067811865475727, -0.7071067811865474617 ) ) ;
#6892 = PLANE ( 'NONE',  #2788 ) ;
#6893 = CARTESIAN_POINT ( 'NONE',  ( 6.477000000000002089, -2.794000000000002260, 1.143000000000001570 ) ) ;
#6894 = ORIENTED_EDGE ( 'NONE', *, *, #163, .T. ) ;
#6895 = ORIENTED_EDGE ( 'NONE', *, *, #4304, .T. ) ;
#6896 = CARTESIAN_POINT ( 'NONE',  ( 6.223000000000001641, 4.232135350799996587, 0.6350000000000027844 ) ) ;
#6897 = CARTESIAN_POINT ( 'NONE',  ( -5.140909707197969247, 4.825999999999996959, 0.6350000000000032285 ) ) ;
#6898 = PLANE ( 'NONE',  #3961 ) ;
#6899 = ORIENTED_EDGE ( 'NONE', *, *, #3166, .F. ) ;
#6900 = CARTESIAN_POINT ( 'NONE',  ( -4.216399999999998371, 8.689999999999997726, -4.524399999999998201 ) ) ;
#6901 = ORIENTED_EDGE ( 'NONE', *, *, #4870, .F. ) ;
#6902 = CARTESIAN_POINT ( 'NONE',  ( -6.222999999999998089, 4.232135350799997475, -0.3809999999999976739 ) ) ;
#6903 = EDGE_LOOP ( 'NONE', ( #6279, #395, #6605, #2285 ) ) ;
#6904 = CARTESIAN_POINT ( 'NONE',  ( 4.919058026674002271, 6.081215948449797182, 0.6350000000000027844 ) ) ;
#6905 = EDGE_CURVE ( 'NONE', #3547, #2701, #4820, .T. ) ;
#6906 = CARTESIAN_POINT ( 'NONE',  ( 6.223000000000001641, 4.825999999999997847, 4.953000000000002068 ) ) ;
#6907 = PLANE ( 'NONE',  #4587 ) ;
#6908 = VECTOR ( 'NONE', #7415, 1000.000000000000000 ) ;
#6909 = FACE_OUTER_BOUND ( 'NONE', #786, .T. ) ;
#6910 = ORIENTED_EDGE ( 'NONE', *, *, #4926, .T. ) ;
#6911 = EDGE_CURVE ( 'NONE', #5774, #5963, #4865, .T. ) ;
#6912 = DIRECTION ( 'NONE',  ( 1.224646799147353207E-16, 1.000000000000000000, 0.000000000000000000 ) ) ;
#6913 = EDGE_LOOP ( 'NONE', ( #155, #2979, #5251, #2743 ) ) ;
#6914 = EDGE_CURVE ( 'NONE', #36, #7324, #7090, .T. ) ;
#6915 = CARTESIAN_POINT ( 'NONE',  ( 3.962400000000001477, 24.22086697599999638, 4.470400000000003260 ) ) ;
#6916 = VERTEX_POINT ( 'NONE', #1920 ) ;
#6917 = DIRECTION ( 'NONE',  ( 1.000000000000000000, 0.000000000000000000, 0.000000000000000000 ) ) ;
#6918 = EDGE_CURVE ( 'NONE', #1851, #2651, #2986, .T. ) ;
#6919 = VECTOR ( 'NONE', #159, 1000.000000000000000 ) ;
#6920 = CARTESIAN_POINT ( 'NONE',  ( 6.477000000000002089, -2.794000000000000483, -1.396999999999997133 ) ) ;
#6921 = B_SPLINE_CURVE_WITH_KNOTS ( 'NONE', 3,
 ( #858, #247, #4396, #4534 ),
 .UNSPECIFIED., .F., .F.,
 ( 4, 4 ),
 ( 0.000000000000000000, 1.000000000000000000 ),
 .UNSPECIFIED. ) ;
#6922 = CARTESIAN_POINT ( 'NONE',  ( -4.808421040999896867, 4.469740654100064603, 2.159000000000003361 ) ) ;
#6923 = CARTESIAN_POINT ( 'NONE',  ( 5.679736218423002470, 4.689207125507997453, -0.3809999999999976739 ) ) ;
#6924 = ORIENTED_EDGE ( 'NONE', *, *, #1855, .T. ) ;
#6925 = CARTESIAN_POINT ( 'NONE',  ( 6.223000000000232568, 4.665481232899943542, -0.3809999999999972853 ) ) ;
#6926 = VECTOR ( 'NONE', #7160, 1000.000000000000000 ) ;
#6927 = CARTESIAN_POINT ( 'NONE',  ( 4.216400000000001036, 5.862319999999996867, -4.470399999999997043 ) ) ;
#6928 = DIRECTION ( 'NONE',  ( 3.431425595409362857E-17, 1.000000000000000000, 0.000000000000000000 ) ) ;
#6929 =( NAMED_UNIT ( * ) SI_UNIT ( $, .STERADIAN. ) SOLID_ANGLE_UNIT ( ) );
#6930 = CARTESIAN_POINT ( 'NONE',  ( 6.477000000000002089, -2.794000000000000483, -0.8889999999999974589 ) ) ;
#6931 = EDGE_CURVE ( 'NONE', #705, #4273, #700, .T. ) ;
#6932 = EDGE_CURVE ( 'NONE', #4423, #2181, #6163, .T. ) ;
#6933 = CARTESIAN_POINT ( 'NONE',  ( 6.223000000000001641, -2.602085213965210642E-15, -1.396999999999996689 ) ) ;
#6934 = EDGE_LOOP ( 'NONE', ( #5008, #824, #4590, #1504 ) ) ;
#6935 = ORIENTED_EDGE ( 'NONE', *, *, #5851, .F. ) ;
#6936 = B_SPLINE_CURVE_WITH_KNOTS ( 'NONE', 3,
 ( #4533, #6166, #6841, #3954 ),
 .UNSPECIFIED., .F., .F.,
 ( 4, 4 ),
 ( 0.000000000000000000, 1.000000000000000000 ),
 .UNSPECIFIED. ) ;
#6937 = CARTESIAN_POINT ( 'NONE',  ( 4.980928443000002481, 4.216240551499996769, -2.920999999999997154 ) ) ;
#6938 = CARTESIAN_POINT ( 'NONE',  ( -6.223000000000229015, 4.665481232900038577, 3.175000000000002487 ) ) ;
#6939 = CARTESIAN_POINT ( 'NONE',  ( 5.140909707198001222, 5.862319999999996867, 0.6350000000000027844 ) ) ;
#6940 = ADVANCED_FACE ( 'NONE', ( #1957 ), #1269, .F. ) ;
#6941 = DIRECTION ( 'NONE',  ( 5.130477113903260708E-17, 1.665334536937735304E-16, -1.000000000000000000 ) ) ;
#6942 = ORIENTED_EDGE ( 'NONE', *, *, #963, .F. ) ;
#6943 = LINE ( 'NONE', #5095, #471 ) ;
#6944 = ORIENTED_EDGE ( 'NONE', *, *, #4050, .F. ) ;
#6945 = VECTOR ( 'NONE', #7078, 1000.000000000000000 ) ;
#6946 = CARTESIAN_POINT ( 'NONE',  ( -6.222999999999998089, -2.602085213965210642E-15, -0.8889999999999974589 ) ) ;
#6947 = FACE_OUTER_BOUND ( 'NONE', #2371, .T. ) ;
#6948 = DIRECTION ( 'NONE',  ( 0.000000000000000000, -1.000000000000000000, 0.000000000000000000 ) ) ;
#6949 = CIRCLE ( 'NONE', #2461, 1.054100000000000037 ) ;
#6950 = CARTESIAN_POINT ( 'NONE',  ( -4.216399999999999260, 1.711959999999996374, 4.724400000000001931 ) ) ;
#6951 = EDGE_CURVE ( 'NONE', #7313, #2698, #4250, .T. ) ;
#6952 = ORIENTED_EDGE ( 'NONE', *, *, #7420, .F. ) ;
#6953 = CARTESIAN_POINT ( 'NONE',  ( 2.159000000000001140, 6.730999999999999872, -12.57299999999999862 ) ) ;
#6954 = ORIENTED_EDGE ( 'NONE', *, *, #2458, .F. ) ;
#6955 = DIRECTION ( 'NONE',  ( -5.130477113903260708E-17, -1.665334536937735304E-16, 1.000000000000000000 ) ) ;
#6956 = ORIENTED_EDGE ( 'NONE', *, *, #2921, .T. ) ;
#6957 = FACE_OUTER_BOUND ( 'NONE', #4513, .T. ) ;
#6958 = DIRECTION ( 'NONE',  ( -3.431425595409362857E-17, -1.000000000000000000, -0.000000000000000000 ) ) ;
#6959 = PLANE ( 'NONE',  #6336 ) ;
#6960 = EDGE_CURVE ( 'NONE', #2946, #2936, #1640, .T. ) ;
#6961 = DIRECTION ( 'NONE',  ( -1.000000000000000000, 1.371699786071155937E-16, 7.238445109071316109E-49 ) ) ;
#6962 = EDGE_CURVE ( 'NONE', #3064, #3488, #2452, .T. ) ;
#6963 = DIRECTION ( 'NONE',  ( 5.130477113903260092E-17, 1.665334536937735304E-16, -1.000000000000000000 ) ) ;
#6964 = EDGE_LOOP ( 'NONE', ( #5156, #6201 ) ) ;
#6965 = EDGE_CURVE ( 'NONE', #5253, #2425, #6531, .T. ) ;
#6966 = DIRECTION ( 'NONE',  ( 5.130477113903260708E-17, 1.665334536937735304E-16, -1.000000000000000000 ) ) ;
#6967 = CARTESIAN_POINT ( 'NONE',  ( 4.808421041000002560, 6.218579345899996724, -1.904999999999996918 ) ) ;
#6968 = DIRECTION ( 'NONE',  ( 0.000000000000000000, 1.000000000000000000, 0.000000000000000000 ) ) ;
#6969 = SURFACE_STYLE_USAGE ( .BOTH. , #6285 ) ;
#6970 = CARTESIAN_POINT ( 'NONE',  ( -6.223000000000229015, 4.665481232900040354, -4.444999999999997620 ) ) ;
#6971 = LINE ( 'NONE', #3395, #311 ) ;
#6972 = ORIENTED_EDGE ( 'NONE', *, *, #5617, .T. ) ;
#6973 = ORIENTED_EDGE ( 'NONE', *, *, #4841, .T. ) ;
#6974 = ORIENTED_EDGE ( 'NONE', *, *, #5122, .T. ) ;
#6975 = EDGE_CURVE ( 'NONE', #1722, #1116, #3814, .T. ) ;
#6976 = DIRECTION ( 'NONE',  ( 3.431425595409362857E-17, 1.000000000000000000, 0.000000000000000000 ) ) ;
#6977 = DIRECTION ( 'NONE',  ( -1.000000000000000000, 3.431425595409362857E-17, -5.130477113903259476E-17 ) ) ;
#6978 = CARTESIAN_POINT ( 'NONE',  ( -6.476999999999998536, -2.794000000000000483, -3.936999999999997613 ) ) ;
#6979 = ORIENTED_EDGE ( 'NONE', *, *, #3914, .T. ) ;
#6980 = EDGE_LOOP ( 'NONE', ( #2427, #7014, #439, #2351 ) ) ;
#6981 = CIRCLE ( 'NONE', #3461, 1.054099999999999593 ) ;
#6982 = CARTESIAN_POINT ( 'NONE',  ( -5.140909714137239739, 5.862319994912670751, 2.159000000000002473 ) ) ;
#6983 = ORIENTED_EDGE ( 'NONE', *, *, #1342, .T. ) ;
#6984 = FACE_OUTER_BOUND ( 'NONE', #2861, .T. ) ;
#6985 = CARTESIAN_POINT ( 'NONE',  ( 4.808421040999974139, 6.218579345899993172, 3.175000000000000711 ) ) ;
#6986 = VECTOR ( 'NONE', #3176, 1000.000000000000000 ) ;
#6987 = EDGE_CURVE ( 'NONE', #1552, #119, #6747, .T. ) ;
#6988 = DIRECTION ( 'NONE',  ( 1.000000000000000000, 0.000000000000000000, 0.000000000000000000 ) ) ;
#6989 = VERTEX_POINT ( 'NONE', #966 ) ;
#6990 = CARTESIAN_POINT ( 'NONE',  ( -4.808421040999999008, 4.469740654099997101, 2.159000000000002917 ) ) ;
#6991 = ORIENTED_EDGE ( 'NONE', *, *, #7217, .T. ) ;
#6992 = VECTOR ( 'NONE', #6612, 1000.000000000000000 ) ;
#6993 = EDGE_LOOP ( 'NONE', ( #1372, #3371, #4414, #7175 ) ) ;
#6994 = DIRECTION ( 'NONE',  ( 0.000000000000000000, 1.000000000000000000, 0.000000000000000000 ) ) ;
#6995 = VECTOR ( 'NONE', #5091, 1000.000000000000000 ) ;
#6996 = CARTESIAN_POINT ( 'NONE',  ( 6.223000000000001641, 5.895635414699998300, -4.444999999999996732 ) ) ;
#6997 = AXIS2_PLACEMENT_3D ( 'NONE', #5577, #4329, #6146 ) ;
#6998 = CARTESIAN_POINT ( 'NONE',  ( 3.175000000000002487, 7.112000000000000988, -11.52441815000000069 ) ) ;
#6999 = FACE_OUTER_BOUND ( 'NONE', #5910, .T. ) ;
#7000 = FACE_OUTER_BOUND ( 'NONE', #1156, .T. ) ;
#7001 = ORIENTED_EDGE ( 'NONE', *, *, #6004, .F. ) ;
#7002 = CARTESIAN_POINT ( 'NONE',  ( -5.140909707197997669, 4.825999999999997847, -4.444999999999997620 ) ) ;
#7003 = CIRCLE ( 'NONE', #3598, 0.2000000000000000944 ) ;
#7004 = CARTESIAN_POINT ( 'NONE',  ( 6.477000000000002089, 6.002332419999997448, -0.3809999999999976739 ) ) ;
#7005 = MANIFOLD_SOLID_BREP ( 'Cut-Extrude2[4]', #4584 ) ;
#7006 = DIRECTION ( 'NONE',  ( 5.130477113903260708E-17, 1.665334536937735304E-16, -1.000000000000000000 ) ) ;
#7007 = ADVANCED_FACE ( 'NONE', ( #5570 ), #7322, .T. ) ;
#7008 = VECTOR ( 'NONE', #5339, 1000.000000000000000 ) ;
#7009 = FACE_OUTER_BOUND ( 'NONE', #522, .T. ) ;
#7010 = CARTESIAN_POINT ( 'NONE',  ( -6.222999999999998089, 4.665481232899996833, 2.159000000000002917 ) ) ;
#7011 = AXIS2_PLACEMENT_3D ( 'NONE', #5615, #939, #1586 ) ;
#7012 = CARTESIAN_POINT ( 'NONE',  ( 3.962400000000001477, 1.777999999999996694, -4.470399999999997043 ) ) ;
#7013 = VERTEX_POINT ( 'NONE', #3214 ) ;
#7014 = ORIENTED_EDGE ( 'NONE', *, *, #5565, .T. ) ;
#7015 = EDGE_CURVE ( 'NONE', #1736, #35, #6720, .T. ) ;
#7016 = ORIENTED_EDGE ( 'NONE', *, *, #7294, .T. ) ;
#7017 = VERTEX_POINT ( 'NONE', #1001 ) ;
#7018 = CARTESIAN_POINT ( 'NONE',  ( 5.085870582803002193, 4.401186195567396098, 3.175000000000002487 ) ) ;
#7019 = CARTESIAN_POINT ( 'NONE',  ( -6.222999999999997200, -2.794000000000000483, -1.396999999999998021 ) ) ;
#7020 = CARTESIAN_POINT ( 'NONE',  ( -5.507748381188424247, 5.862319999999709985, 3.175000000000003375 ) ) ;
#7021 = VERTEX_POINT ( 'NONE', #3322 ) ;
#7022 = DIRECTION ( 'NONE',  ( 3.431425595409362857E-17, 1.000000000000000000, 0.000000000000000000 ) ) ;
#7023 = ORIENTED_EDGE ( 'NONE', *, *, #27, .F. ) ;
#7024 = CARTESIAN_POINT ( 'NONE',  ( -6.477000000000026070, 6.364590498671153895, -0.3809999999999977294 ) ) ;
#7025 = LINE ( 'NONE', #5167, #7376 ) ;
#7026 = CARTESIAN_POINT ( 'NONE',  ( 5.507748381189002451, 5.862319999999996867, -0.3809999999999976739 ) ) ;
#7027 = ORIENTED_EDGE ( 'NONE', *, *, #1994, .F. ) ;
#7028 = CARTESIAN_POINT ( 'NONE',  ( 5.507748377663704176, 4.826000002803718658, -2.920999999999997598 ) ) ;
#7029 = VERTEX_POINT ( 'NONE', #426 ) ;
#7030 = ADVANCED_FACE ( 'NONE', ( #7395 ), #3290, .F. ) ;
#7031 = VERTEX_POINT ( 'NONE', #2604 ) ;
#7032 = LINE ( 'NONE', #7492, #5475 ) ;
#7033 = B_SPLINE_CURVE_WITH_KNOTS ( 'NONE', 3,
 ( #1164, #1310, #6904, #5208 ),
 .UNSPECIFIED., .F., .F.,
 ( 4, 4 ),
 ( 0.000000000000000000, 1.000000000000000000 ),
 .UNSPECIFIED. ) ;
#7034 = DIRECTION ( 'NONE',  ( -5.130477113903260708E-17, -1.665334536937735304E-16, 1.000000000000000000 ) ) ;
#7035 = CARTESIAN_POINT ( 'NONE',  ( -6.222999999999998089, 4.825999999999996959, 2.159000000000002917 ) ) ;
#7036 = DIRECTION ( 'NONE',  ( 0.000000000000000000, 0.000000000000000000, 1.000000000000000000 ) ) ;
#7037 = SURFACE_STYLE_FILL_AREA ( #3013 ) ;
#7038 = EDGE_LOOP ( 'NONE', ( #3162, #2094, #5019, #6131 ) ) ;
#7039 = ADVANCED_FACE ( 'NONE', ( #6212 ), #4505, .T. ) ;
#7040 = CARTESIAN_POINT ( 'NONE',  ( 6.223000000000232568, 4.665481232899943542, -1.904999999999997362 ) ) ;
#7041 = PLANE ( 'NONE',  #2262 ) ;
#7042 = VECTOR ( 'NONE', #2248, 1000.000000000000000 ) ;
#7043 = DIRECTION ( 'NONE',  ( 1.000000000000000000, -3.431425595409362857E-17, 5.130477113903259476E-17 ) ) ;
#7044 = CARTESIAN_POINT ( 'NONE',  ( 6.223000000000001641, -2.602085213965210642E-15, -0.8889999999999974589 ) ) ;
#7045 = DIRECTION ( 'NONE',  ( 3.431425595409362857E-17, 1.000000000000000000, 0.000000000000000000 ) ) ;
#7046 = AXIS2_PLACEMENT_3D ( 'NONE', #1716, #4043, #1145 ) ;
#7047 = CARTESIAN_POINT ( 'NONE',  ( 4.808421041000002560, 4.469740654099996213, 3.175000000000002487 ) ) ;
#7048 = ORIENTED_EDGE ( 'NONE', *, *, #3899, .F. ) ;
#7049 = EDGE_CURVE ( 'NONE', #1697, #2987, #1427, .T. ) ;
#7050 = ORIENTED_EDGE ( 'NONE', *, *, #936, .T. ) ;
#7051 = VERTEX_POINT ( 'NONE', #3754 ) ;
#7052 = CARTESIAN_POINT ( 'NONE',  ( 6.223000000000001641, 4.232135350799996587, 3.175000000000002487 ) ) ;
#7053 = CARTESIAN_POINT ( 'NONE',  ( 6.223000000000001641, -2.794000000000000483, -3.936999999999996724 ) ) ;
#7054 = EDGE_CURVE ( 'NONE', #6392, #4930, #6072, .T. ) ;
#7055 = CARTESIAN_POINT ( 'NONE',  ( 5.371941468078001769, 5.947322718753698112, -2.920999999999997154 ) ) ;
#7056 = ADVANCED_FACE ( 'NONE', ( #4939 ), #4361, .F. ) ;
#7057 = VERTEX_POINT ( 'NONE', #6713 ) ;
#7058 = ORIENTED_EDGE ( 'NONE', *, *, #3380, .T. ) ;
#7059 = EDGE_CURVE ( 'NONE', #1787, #6312, #930, .T. ) ;
#7060 = CARTESIAN_POINT ( 'NONE',  ( -5.507748381188999787, 5.862319999999997755, 4.699000000000003396 ) ) ;
#7061 = EDGE_LOOP ( 'NONE', ( #2599, #167, #6555, #7330 ) ) ;
#7062 = CARTESIAN_POINT ( 'NONE',  ( -3.962399999999998812, 4.825999999999996071, 4.724400000000001931 ) ) ;
#7063 = CARTESIAN_POINT ( 'NONE',  ( -4.808421040999999008, 4.469740654099997990, -2.920999999999997598 ) ) ;
#7064 = CARTESIAN_POINT ( 'NONE',  ( 3.937000000000001165, 7.112000000000000988, -8.524399999720998267 ) ) ;
#7065 = MANIFOLD_SOLID_BREP ( 'Cut-Extrude2[6]', #1536 ) ;
#7066 = ORIENTED_EDGE ( 'NONE', *, *, #6397, .T. ) ;
#7067 = CARTESIAN_POINT ( 'NONE',  ( -6.222999999999736964, 5.895635414700060473, -0.3809999999999970632 ) ) ;
#7068 = ORIENTED_EDGE ( 'NONE', *, *, #3874, .T. ) ;
#7069 = ORIENTED_EDGE ( 'NONE', *, *, #4926, .F. ) ;
#7070 = DIRECTION ( 'NONE',  ( -1.000000000000000000, 3.431425595409362857E-17, -5.130477113903259476E-17 ) ) ;
#7071 = ADVANCED_FACE ( 'NONE', ( #466 ), #4083, .F. ) ;
#7072 = PLANE ( 'NONE',  #4580 ) ;
#7073 = DIRECTION ( 'NONE',  ( 0.000000000000000000, 0.000000000000000000, 1.000000000000000000 ) ) ;
#7074 = CARTESIAN_POINT ( 'NONE',  ( 6.477000000000002089, 0.5079999999999980087, -2.920999999999997154 ) ) ;
#7075 = ORIENTED_EDGE ( 'NONE', *, *, #1411, .F. ) ;
#7076 = DIRECTION ( 'NONE',  ( -1.000000000000000000, 3.431425595409362857E-17, -5.130477113903259476E-17 ) ) ;
#7077 = CARTESIAN_POINT ( 'NONE',  ( -5.140909707197969247, 4.825999999999996959, 3.175000000000002487 ) ) ;
#7078 = DIRECTION ( 'NONE',  ( 1.000000000000000000, -3.431425595409362857E-17, 5.130477113903259476E-17 ) ) ;
#7079 = CARTESIAN_POINT ( 'NONE',  ( 6.477000000000002089, 6.364590498671996777, 2.159000000000002917 ) ) ;
#7080 = DIRECTION ( 'NONE',  ( -0.8267333594788779383, -0.5625939497761849317, -1.361060792845168385E-16 ) ) ;
#7081 = EDGE_LOOP ( 'NONE', ( #4017, #1228, #714, #4538 ) ) ;
#7082 = CARTESIAN_POINT ( 'NONE',  ( -6.222999999999998089, 5.895635414699998300, -1.904999999999997806 ) ) ;
#7083 = VERTEX_POINT ( 'NONE', #1034 ) ;
#7084 = B_SPLINE_SURFACE_WITH_KNOTS ( 'NONE', 3, 1, ( 
 ( #5443, #3564 ),
 ( #3004, #4838 ),
 ( #6455, #4265 ),
 ( #5324, #138 ),
 ( #7067, #1363 ) ),
 .UNSPECIFIED., .F., .F., .F.,
 ( 4, 1, 4 ),
 ( 2, 2 ),
 ( 0.4590319158780777897, 0.7875696945507000279, 0.9898432121845823772 ),
 ( 0.000000000000000000, 1.000000000000000000 ),
 .UNSPECIFIED. ) ;
#7085 = EDGE_LOOP ( 'NONE', ( #6162, #6133, #1491, #3087 ) ) ;
#7086 = EDGE_LOOP ( 'NONE', ( #4416, #5959, #5010, #1889 ) ) ;
#7087 = CARTESIAN_POINT ( 'NONE',  ( -6.222999999999997200, -2.794000000000002260, 1.143000000000001570 ) ) ;
#7088 = CARTESIAN_POINT ( 'NONE',  ( 5.371700992471001079, 4.741020151570095820, 3.175000000000002487 ) ) ;
#7089 = MANIFOLD_SOLID_BREP ( 'Cut-Extrude2[5]', #4709 ) ;
#7090 = LINE ( 'NONE', #4206, #6886 ) ;
#7091 = ORIENTED_EDGE ( 'NONE', *, *, #6960, .F. ) ;
#7092 = CARTESIAN_POINT ( 'NONE',  ( -4.980928442999951855, 4.216240551499585543, -4.444999999999995843 ) ) ;
#7093 = ORIENTED_EDGE ( 'NONE', *, *, #4276, .F. ) ;
#7094 = LINE ( 'NONE', #2955, #1080 ) ;
#7095 = ORIENTED_EDGE ( 'NONE', *, *, #6734, .T. ) ;
#7096 = DIRECTION ( 'NONE',  ( -1.000000000000000000, 3.431425595409362857E-17, -5.130477113903259476E-17 ) ) ;
#7097 = CARTESIAN_POINT ( 'NONE',  ( 2.159000000000000696, 5.841999999999999638, -4.724399999999997490 ) ) ;
#7098 = EDGE_CURVE ( 'NONE', #5207, #7324, #4585, .T. ) ;
#7099 = LINE ( 'NONE', #3156, #5081 ) ;
#7100 = LINE ( 'NONE', #1888, #3721 ) ;
#7101 = MANIFOLD_SOLID_BREP ( 'Cut-Extrude2[3]', #3359 ) ;
#7102 = EDGE_LOOP ( 'NONE', ( #5980, #996, #1961, #6680 ) ) ;
#7103 = CARTESIAN_POINT ( 'NONE',  ( 5.507748381188819486, 4.826000000000001400, -0.3809999999999972853 ) ) ;
#7104 = EDGE_LOOP ( 'NONE', ( #2953, #5102, #6008, #5630 ) ) ;
#7105 = CARTESIAN_POINT ( 'NONE',  ( 3.962400000000001477, 24.22086697599999638, 4.470400000000003260 ) ) ;
#7106 = AXIS2_PLACEMENT_3D ( 'NONE', #187, #6665, #6058 ) ;
#7107 = CARTESIAN_POINT ( 'NONE',  ( 6.477000000000029623, 6.364590498671153007, -1.904999999999998250 ) ) ;
#7108 = CARTESIAN_POINT ( 'NONE',  ( -6.476999999999998536, 0.5079999999999971205, 2.159000000000002917 ) ) ;
#7109 =( NAMED_UNIT ( * ) SI_UNIT ( $, .STERADIAN. ) SOLID_ANGLE_UNIT ( ) );
#7110 = ORIENTED_EDGE ( 'NONE', *, *, #5803, .T. ) ;
#7111 = AXIS2_PLACEMENT_3D ( 'NONE', #4690, #2971, #574 ) ;
#7112 = CARTESIAN_POINT ( 'NONE',  ( -5.507748380830430612, 5.862319999714975083, 2.159000000000002917 ) ) ;
#7113 = EDGE_CURVE ( 'NONE', #3554, #5088, #4005, .T. ) ;
#7114 = DIRECTION ( 'NONE',  ( -3.431425595409362857E-17, -1.000000000000000000, -0.000000000000000000 ) ) ;
#7115 = VECTOR ( 'NONE', #4289, 1000.000000000000000 ) ;
#7116 = CARTESIAN_POINT ( 'NONE',  ( 4.808421041000002560, 4.469740654099997101, 0.6350000000000027844 ) ) ;
#7117 = VECTOR ( 'NONE', #3911, 1000.000000000000000 ) ;
#7118 = VECTOR ( 'NONE', #5240, 1000.000000000000000 ) ;
#7119 = UNCERTAINTY_MEASURE_WITH_UNIT (LENGTH_MEASURE( 1.000000000000000082E-05 ), #2360, 'distance_accuracy_value', 'NONE');
#7120 = CARTESIAN_POINT ( 'NONE',  ( 5.029696199582962990, 4.744466099814836468, -1.904999999999997362 ) ) ;
#7121 = DIRECTION ( 'NONE',  ( -5.130477113903260092E-17, 1.760485048530960256E-33, 1.000000000000000000 ) ) ;
#7122 = VECTOR ( 'NONE', #4042, 1000.000000000000000 ) ;
#7123 = CARTESIAN_POINT ( 'NONE',  ( 6.477000000000028734, 6.364590498671152119, 4.699000000000003396 ) ) ;
#7124 = VERTEX_POINT ( 'NONE', #7044 ) ;
#7125 = AXIS2_PLACEMENT_3D ( 'NONE', #5446, #4228, #5407 ) ;
#7126 = DIRECTION ( 'NONE',  ( -0.000000000000000000, -0.000000000000000000, 1.000000000000000000 ) ) ;
#7127 = EDGE_LOOP ( 'NONE', ( #654, #6208, #4774, #5953 ) ) ;
#7128 = EDGE_LOOP ( 'NONE', ( #3949, #2153, #5841, #6440 ) ) ;
#7129 = DIRECTION ( 'NONE',  ( 1.000000000000000000, -1.371699786071155937E-16, 5.130477113903259476E-17 ) ) ;
#7130 = EDGE_CURVE ( 'NONE', #7351, #5651, #6509, .T. ) ;
#7131 = AXIS2_PLACEMENT_3D ( 'NONE', #1567, #6169, #3813 ) ;
#7132 = CARTESIAN_POINT ( 'NONE',  ( 5.724327148806001908, 4.081300973171996915, 3.175000000000002487 ) ) ;
#7133 = VECTOR ( 'NONE', #3552, 1000.000000000000000 ) ;
#7134 = DIRECTION ( 'NONE',  ( 5.130477113903260708E-17, 1.665334536937735304E-16, -1.000000000000000000 ) ) ;
#7135 = LINE ( 'NONE', #6106, #1038 ) ;
#7136 = VECTOR ( 'NONE', #7536, 1000.000000000000000 ) ;
#7137 = ORIENTED_EDGE ( 'NONE', *, *, #2882, .T. ) ;
#7138 = ORIENTED_EDGE ( 'NONE', *, *, #5692, .T. ) ;
#7139 = AXIS2_PLACEMENT_3D ( 'NONE', #4169, #3103, #3589 ) ;
#7140 = CARTESIAN_POINT ( 'NONE',  ( -5.140909707197997669, 4.825999999999997847, -1.904999999999997806 ) ) ;
#7141 = ORIENTED_EDGE ( 'NONE', *, *, #2893, .F. ) ;
#7142 = LINE ( 'NONE', #4257, #334 ) ;
#7143 = CARTESIAN_POINT ( 'NONE',  ( 4.980928443000002481, 4.216240551499996769, -1.904999999999996918 ) ) ;
#7144 = CARTESIAN_POINT ( 'NONE',  ( -4.980928442999998929, 6.472079448499997056, -0.3809999999999976739 ) ) ;
#7145 = CARTESIAN_POINT ( 'NONE',  ( -6.222999999999998089, 5.862319999999997755, 4.953000000000002068 ) ) ;
#7146 = ORIENTED_EDGE ( 'NONE', *, *, #4695, .T. ) ;
#7147 = DIRECTION ( 'NONE',  ( -1.000000000000000000, 3.431425595409362857E-17, -5.130477113903259476E-17 ) ) ;
#7148 = EDGE_LOOP ( 'NONE', ( #7367, #3805 ) ) ;
#7149 = ADVANCED_FACE ( 'NONE', ( #7161 ), #359, .F. ) ;
#7150 = CARTESIAN_POINT ( 'NONE',  ( -4.808421040999999008, 4.469740654099997101, 0.6350000000000027844 ) ) ;
#7151 = CARTESIAN_POINT ( 'NONE',  ( -5.825466848180997914, 6.796669658390997348, 2.159000000000002917 ) ) ;
#7152 = FACE_OUTER_BOUND ( 'NONE', #864, .T. ) ;
#7153 = ADVANCED_FACE ( 'NONE', ( #5904 ), #4698, .F. ) ;
#7154 = LINE ( 'NONE', #105, #2246 ) ;
#7155 = ORIENTED_EDGE ( 'NONE', *, *, #44, .T. ) ;
#7156 = ADVANCED_FACE ( 'NONE', ( #3623 ), #6552, .F. ) ;
#7157 = CARTESIAN_POINT ( 'NONE',  ( -5.724327148805999244, 4.081300973171996915, 4.699000000000003396 ) ) ;
#7158 = EDGE_CURVE ( 'NONE', #4723, #4057, #150, .T. ) ;
#7159 = CARTESIAN_POINT ( 'NONE',  ( 5.085870582803002193, 4.401186195567396986, 0.6350000000000027844 ) ) ;
#7160 = DIRECTION ( 'NONE',  ( 5.130477113903260708E-17, 1.665334536937735304E-16, -1.000000000000000000 ) ) ;
#7161 = FACE_OUTER_BOUND ( 'NONE', #1280, .T. ) ;
#7162 = DIRECTION ( 'NONE',  ( -1.000000000000000000, 3.431425595409362857E-17, -5.130477113903259476E-17 ) ) ;
#7163 = PLANE ( 'NONE',  #5054 ) ;
#7164 = ORIENTED_EDGE ( 'NONE', *, *, #2529, .F. ) ;
#7165 = CARTESIAN_POINT ( 'NONE',  ( -6.222999999999998089, 5.862319999999997755, 4.953000000000002068 ) ) ;
#7166 = CIRCLE ( 'NONE', #3885, 0.2539999999999998925 ) ;
#7167 = ORIENTED_EDGE ( 'NONE', *, *, #1601, .F. ) ;
#7168 = ORIENTED_EDGE ( 'NONE', *, *, #3453, .T. ) ;
#7169 = CARTESIAN_POINT ( 'NONE',  ( 6.477000000000002089, 6.002332419999997448, -1.904999999999996918 ) ) ;
#7170 = CARTESIAN_POINT ( 'NONE',  ( 6.223000000000000753, 0.5079999999999963434, 4.699000000000003396 ) ) ;
#7171 = EDGE_CURVE ( 'NONE', #85, #263, #1909, .T. ) ;
#7172 = ADVANCED_FACE ( 'NONE', ( #7009 ), #1865, .F. ) ;
#7173 = DIRECTION ( 'NONE',  ( -1.000000000000000000, 3.431425595409362857E-17, -5.130477113903259476E-17 ) ) ;
#7174 = CARTESIAN_POINT ( 'NONE',  ( -6.109955650407424166, 4.159618444802802628, -4.444999999999996732 ) ) ;
#7175 = ORIENTED_EDGE ( 'NONE', *, *, #501, .T. ) ;
#7176 = ORIENTED_EDGE ( 'NONE', *, *, #5711, .F. ) ;
#7177 = VECTOR ( 'NONE', #3731, 999.9999999999998863 ) ;
#7178 = ORIENTED_EDGE ( 'NONE', *, *, #4346, .T. ) ;
#7179 = CARTESIAN_POINT ( 'NONE',  ( -6.476999999999998536, -2.602085213965210642E-15, -1.396999999999997577 ) ) ;
#7180 = LINE ( 'NONE', #5358, #1281 ) ;
#7181 = CARTESIAN_POINT ( 'NONE',  ( -6.222999999999998089, 5.895635414699997412, 3.175000000000002487 ) ) ;
#7182 = CARTESIAN_POINT ( 'NONE',  ( -6.476999999999998536, -2.717800000000001770, -0.3809999999999976739 ) ) ;
#7183 = DIRECTION ( 'NONE',  ( 0.000000000000000000, 1.000000000000000000, 0.000000000000000000 ) ) ;
#7184 = ORIENTED_EDGE ( 'NONE', *, *, #963, .T. ) ;
#7185 = FACE_OUTER_BOUND ( 'NONE', #1132, .T. ) ;
#7186 = ORIENTED_EDGE ( 'NONE', *, *, #4622, .T. ) ;
#7187 = DIRECTION ( 'NONE',  ( -0.000000000000000000, -0.000000000000000000, 1.000000000000000000 ) ) ;
#7188 = CARTESIAN_POINT ( 'NONE',  ( -6.476999999999998536, 6.002332419999997448, 2.159000000000002917 ) ) ;
#7189 = EDGE_CURVE ( 'NONE', #1440, #2684, #3659, .T. ) ;
#7190 = CARTESIAN_POINT ( 'NONE',  ( 5.679736216059525056, 4.689207129279827413, 4.699000000000003396 ) ) ;
#7191 = SURFACE_SIDE_STYLE ('',( #3086 ) ) ;
#7192 = VERTEX_POINT ( 'NONE', #1947 ) ;
#7193 = CARTESIAN_POINT ( 'NONE',  ( -5.679736218183029983, 5.999112874108566196, 0.6350000000000032285 ) ) ;
#7194 = PLANE ( 'NONE',  #6394 ) ;
#7195 = STYLED_ITEM ( 'NONE', ( #2365 ), #7101 ) ;
#7196 = MANIFOLD_SOLID_BREP ( 'Combine1', #4214 ) ;
#7197 = DIRECTION ( 'NONE',  ( 5.130477113903260708E-17, 1.665334536937735304E-16, -1.000000000000000000 ) ) ;
#7198 = EDGE_CURVE ( 'NONE', #4021, #6733, #2594, .T. ) ;
#7199 = CARTESIAN_POINT ( 'NONE',  ( -6.222999999999998089, 4.232135350799997475, -0.3809999999999976739 ) ) ;
#7200 = ADVANCED_FACE ( 'NONE', ( #6468 ), #2632, .T. ) ;
#7201 = DIRECTION ( 'NONE',  ( 3.431425595409362857E-17, 1.000000000000000000, 0.000000000000000000 ) ) ;
#7202 = EDGE_CURVE ( 'NONE', #1142, #2684, #2706, .T. ) ;
#7203 = AXIS2_PLACEMENT_3D ( 'NONE', #5077, #1710, #6843 ) ;
#7204 = CARTESIAN_POINT ( 'NONE',  ( 6.477000000000479041, 6.002332419999978796, 3.175000000000002487 ) ) ;
#7205 = ORIENTED_EDGE ( 'NONE', *, *, #205, .T. ) ;
#7206 = CARTESIAN_POINT ( 'NONE',  ( 4.016400000000001747, 1.977999999999996650, -4.470399999999997043 ) ) ;
#7207 = EDGE_LOOP ( 'NONE', ( #3520, #2494, #2564, #2389 ) ) ;
#7208 = EDGE_LOOP ( 'NONE', ( #3596, #3618, #594, #2466 ) ) ;
#7209 = LINE ( 'NONE', #6104, #725 ) ;
#7210 = EDGE_LOOP ( 'NONE', ( #592, #6164, #328, #2972, #3209, #6558, #6658, #1562, #6294, #5333, #3941, #3306, #1004, #3142 ) ) ;
#7211 = DIRECTION ( 'NONE',  ( 5.130477113903260708E-17, 1.665334536937735304E-16, -1.000000000000000000 ) ) ;
#7212 = CARTESIAN_POINT ( 'NONE',  ( 4.808421041000002560, 6.218579345899996724, -2.920999999999997154 ) ) ;
#7213 = DIRECTION ( 'NONE',  ( 5.130477113903260092E-17, 1.665334536937735304E-16, -1.000000000000000000 ) ) ;
#7214 = VERTEX_POINT ( 'NONE', #2559 ) ;
#7215 = VERTEX_POINT ( 'NONE', #1520 ) ;
#7216 = ORIENTED_EDGE ( 'NONE', *, *, #985, .F. ) ;
#7217 = EDGE_CURVE ( 'NONE', #7509, #862, #955, .T. ) ;
#7218 = CARTESIAN_POINT ( 'NONE',  ( 6.477000000000002089, -1.734723475976807094E-15, -3.936999999999996724 ) ) ;
#7219 = B_SPLINE_SURFACE_WITH_KNOTS ( 'NONE', 3, 1, ( 
 ( #1448, #6548 ),
 ( #146, #723 ),
 ( #272, #2474 ),
 ( #6583, #5981 ) ),
 .UNSPECIFIED., .F., .F., .F.,
 ( 4, 4 ),
 ( 2, 2 ),
 ( 0.007915563352697763816, 0.2236253938848379863 ),
 ( 0.000000000000000000, 1.000000000000000000 ),
 .UNSPECIFIED. ) ;
#7220 = CARTESIAN_POINT ( 'NONE',  ( 5.371700992471001079, 4.741020151570096708, -1.904999999999996918 ) ) ;
#7221 = DIRECTION ( 'NONE',  ( -1.000000000000000000, 3.431425595409362857E-17, -5.130477113903259476E-17 ) ) ;
#7222 = DIRECTION ( 'NONE',  ( -1.000000000000000000, 3.431425595409362857E-17, -5.130477113903259476E-17 ) ) ;
#7223 = LINE ( 'NONE', #6185, #4331 ) ;
#7224 = ORIENTED_EDGE ( 'NONE', *, *, #3685, .T. ) ;
#7225 = LINE ( 'NONE', #2007, #2786 ) ;
#7226 = VERTEX_POINT ( 'NONE', #5600 ) ;
#7227 = DIRECTION ( 'NONE',  ( 1.000000000000000000, 0.000000000000000000, 0.000000000000000000 ) ) ;
#7228 = EDGE_CURVE ( 'NONE', #4620, #7021, #5859, .T. ) ;
#7229 = CARTESIAN_POINT ( 'NONE',  ( -6.222999999999998089, 5.895635414699997412, 2.159000000000002917 ) ) ;
#7230 = FACE_OUTER_BOUND ( 'NONE', #351, .T. ) ;
#7231 = ORIENTED_EDGE ( 'NONE', *, *, #3464, .F. ) ;
#7232 = CARTESIAN_POINT ( 'NONE',  ( -6.222999999999736964, 5.895635414700060473, 0.6350000000000032285 ) ) ;
#7233 = CIRCLE ( 'NONE', #4436, 0.05400000000000022837 ) ;
#7234 = ORIENTED_EDGE ( 'NONE', *, *, #6975, .F. ) ;
#7235 = CARTESIAN_POINT ( 'NONE',  ( 5.679736218423002470, 5.999112874491997260, -2.920999999999997154 ) ) ;
#7236 = CARTESIAN_POINT ( 'NONE',  ( 3.962400000000000588, 8.689999999999995950, 4.724400000000001931 ) ) ;
#7237 = LINE ( 'NONE', #2021, #6157 ) ;
#7238 = AXIS2_PLACEMENT_3D ( 'NONE', #2523, #199, #5947 ) ;
#7239 = CARTESIAN_POINT ( 'NONE',  ( -6.222999999999998089, -2.794000000000002260, 4.191000000000001613 ) ) ;
#7240 = ORIENTED_EDGE ( 'NONE', *, *, #2413, .T. ) ;
#7241 = CARTESIAN_POINT ( 'NONE',  ( -4.808421040999999896, 4.469740654099996213, 4.699000000000003396 ) ) ;
#7242 = CARTESIAN_POINT ( 'NONE',  ( 5.507748381189002451, 4.825999999999997847, -4.444999999999996732 ) ) ;
#7243 = EDGE_CURVE ( 'NONE', #3825, #3648, #3282, .T. ) ;
#7244 = LINE ( 'NONE', #2029, #6308 ) ;
#7245 = CIRCLE ( 'NONE', #6867, 1.054099999999999593 ) ;
#7246 = CARTESIAN_POINT ( 'NONE',  ( 5.140909726420336057, 4.826000014092356238, 2.159000000000003361 ) ) ;
#7247 = VECTOR ( 'NONE', #4597, 999.9999999999998863 ) ;
#7248 = SURFACE_STYLE_USAGE ( .BOTH. , #356 ) ;
#7249 = CIRCLE ( 'NONE', #2503, 0.7619999999999987894 ) ;
#7250 = DIRECTION ( 'NONE',  ( 3.431425595409362857E-17, 1.000000000000000000, 0.000000000000000000 ) ) ;
#7251 = EDGE_CURVE ( 'NONE', #4448, #4941, #5036, .T. ) ;
#7252 = ORIENTED_EDGE ( 'NONE', *, *, #2595, .T. ) ;
#7253 = EDGE_CURVE ( 'NONE', #5888, #4827, #6629, .T. ) ;
#7254 = ORIENTED_EDGE ( 'NONE', *, *, #2947, .F. ) ;
#7255 = VECTOR ( 'NONE', #2403, 1000.000000000000000 ) ;
#7256 = AXIS2_PLACEMENT_3D ( 'NONE', #892, #4572, #5710 ) ;
#7257 = CARTESIAN_POINT ( 'NONE',  ( 3.962400000000001477, 8.689999999999995950, -4.470399999999997043 ) ) ;
#7258 = DIRECTION ( 'NONE',  ( -1.000000000000000000, 0.000000000000000000, 0.000000000000000000 ) ) ;
#7259 = CIRCLE ( 'NONE', #6045, 0.2539999999999998925 ) ;
#7260 = EDGE_CURVE ( 'NONE', #35, #4365, #1487, .T. ) ;
#7261 = VECTOR ( 'NONE', #5200, 1000.000000000000000 ) ;
#7262 = CARTESIAN_POINT ( 'NONE',  ( 4.980928443000002481, 4.216240551499587319, -0.3809999999999980069 ) ) ;
#7263 = ORIENTED_EDGE ( 'NONE', *, *, #5889, .T. ) ;
#7264 = DIRECTION ( 'NONE',  ( -5.130477113903260708E-17, -1.665334536937735304E-16, 1.000000000000000000 ) ) ;
#7265 = ORIENTED_EDGE ( 'NONE', *, *, #509, .T. ) ;
#7266 = DIRECTION ( 'NONE',  ( 5.130477113903260708E-17, 1.665334536937735304E-16, -1.000000000000000000 ) ) ;
#7267 = CARTESIAN_POINT ( 'NONE',  ( -4.808421040999577123, 4.469740654099995325, -4.444999999999997620 ) ) ;
#7268 = CARTESIAN_POINT ( 'NONE',  ( -5.371700992470997527, 4.741020151570096708, 2.159000000000002917 ) ) ;
#7269 = ORIENTED_EDGE ( 'NONE', *, *, #4175, .F. ) ;
#7270 = CARTESIAN_POINT ( 'NONE',  ( 4.980928443000002481, 6.472079448499997056, -2.920999999999997154 ) ) ;
#7271 = ORIENTED_EDGE ( 'NONE', *, *, #651, .T. ) ;
#7272 = DIRECTION ( 'NONE',  ( 0.000000000000000000, 0.000000000000000000, 1.000000000000000000 ) ) ;
#7273 = PLANE ( 'NONE',  #7295 ) ;
#7274 = CARTESIAN_POINT ( 'NONE',  ( -4.016400000000000858, 1.777999999999994918, 4.470400000000003260 ) ) ;
#7275 = EDGE_CURVE ( 'NONE', #4630, #1402, #4372, .T. ) ;
#7276 = CARTESIAN_POINT ( 'NONE',  ( -6.222999999999998089, -1.734723475976807094E-15, -3.936999999999997613 ) ) ;
#7277 = CARTESIAN_POINT ( 'NONE',  ( 6.223000000000213028, 6.022838767099995216, 4.699000000000004285 ) ) ;
#7278 = VERTEX_POINT ( 'NONE', #7274 ) ;
#7279 = PLANE ( 'NONE',  #662 ) ;
#7280 = ORIENTED_EDGE ( 'NONE', *, *, #5186, .T. ) ;
#7281 = CARTESIAN_POINT ( 'NONE',  ( 5.085870582803921458, 4.401186195567422743, 3.175000000000002043 ) ) ;
#7282 = DIRECTION ( 'NONE',  ( 1.000000000000000000, -3.431425595409362857E-17, 5.130477113903259476E-17 ) ) ;
#7283 = DIRECTION ( 'NONE',  ( -1.000000000000000000, 3.431425595409362857E-17, -5.130477113903259476E-17 ) ) ;
#7284 = VECTOR ( 'NONE', #4020, 1000.000000000000000 ) ;
#7285 = ADVANCED_FACE ( 'NONE', ( #2054 ), #1329, .T. ) ;
#7286 = DIRECTION ( 'NONE',  ( 0.000000000000000000, -1.000000000000000000, 0.000000000000000000 ) ) ;
#7287 = VERTEX_POINT ( 'NONE', #7236 ) ;
#7288 = ORIENTED_EDGE ( 'NONE', *, *, #6684, .T. ) ;
#7289 = VECTOR ( 'NONE', #1719, 1000.000000000000000 ) ;
#7290 = DIRECTION ( 'NONE',  ( 5.130477113903260708E-17, 1.665334536937735304E-16, -1.000000000000000000 ) ) ;
#7291 = EDGE_CURVE ( 'NONE', #2698, #1266, #7310, .T. ) ;
#7292 = CARTESIAN_POINT ( 'NONE',  ( 5.679736218423002470, 5.999112874491997260, -1.904999999999996918 ) ) ;
#7293 = ADVANCED_FACE ( 'NONE', ( #6096 ), #2020, .T. ) ;
#7294 = EDGE_CURVE ( 'NONE', #4302, #4125, #1456, .T. ) ;
#7295 = AXIS2_PLACEMENT_3D ( 'NONE', #726, #2558, #4236 ) ;
#7296 = PLANE ( 'NONE',  #2013 ) ;
#7297 = ORIENTED_EDGE ( 'NONE', *, *, #21, .F. ) ;
#7298 = LINE ( 'NONE', #4337, #2669 ) ;
#7299 = ORIENTED_EDGE ( 'NONE', *, *, #773, .T. ) ;
#7300 = ORIENTED_EDGE ( 'NONE', *, *, #3733, .F. ) ;
#7301 = DIRECTION ( 'NONE',  ( 3.431425595409362857E-17, 1.000000000000000000, 0.000000000000000000 ) ) ;
#7302 = CARTESIAN_POINT ( 'NONE',  ( 6.223000000000001641, 4.232135350799996587, 2.159000000000002917 ) ) ;
#7303 = DIRECTION ( 'NONE',  ( 0.8267333594788779383, -0.5625939497761849317, 4.241536580106739084E-17 ) ) ;
#7304 = ORIENTED_EDGE ( 'NONE', *, *, #5808, .T. ) ;
#7305 = DIRECTION ( 'NONE',  ( -5.130477113903260092E-17, 1.760485048530960256E-33, 1.000000000000000000 ) ) ;
#7306 = EDGE_LOOP ( 'NONE', ( #4813, #5080, #7095, #1335, #7138, #5235, #1265, #5273 ) ) ;
#7307 = DIRECTION ( 'NONE',  ( -0.000000000000000000, 0.000000000000000000, -1.000000000000000000 ) ) ;
#7308 = EDGE_CURVE ( 'NONE', #3514, #5573, #5143, .T. ) ;
#7309 = CARTESIAN_POINT ( 'NONE',  ( 6.477000000000002089, -1.734723475976807094E-15, -3.936999999999996724 ) ) ;
#7310 = LINE ( 'NONE', #4419, #2812 ) ;
#7311 = CARTESIAN_POINT ( 'NONE',  ( -4.980928442999998929, 6.472079448499997056, 2.159000000000002917 ) ) ;
#7312 = DIRECTION ( 'NONE',  ( 1.000000000000000000, 0.000000000000000000, 0.000000000000000000 ) ) ;
#7313 = VERTEX_POINT ( 'NONE', #3384 ) ;
#7314 = CARTESIAN_POINT ( 'NONE',  ( 6.223000000000001641, 5.895635414699996524, 3.175000000000002487 ) ) ;
#7315 =( GEOMETRIC_REPRESENTATION_CONTEXT ( 3 ) GLOBAL_UNCERTAINTY_ASSIGNED_CONTEXT ( ( #6508 ) ) GLOBAL_UNIT_ASSIGNED_CONTEXT ( ( #4662, #6399, #6929 ) ) REPRESENTATION_CONTEXT ( 'NONE', 'WORKASPACE' ) );
#7316 = ORIENTED_EDGE ( 'NONE', *, *, #2727, .T. ) ;
#7317 = DIRECTION ( 'NONE',  ( -0.000000000000000000, -0.000000000000000000, 1.000000000000000000 ) ) ;
#7318 = ADVANCED_FACE ( 'NONE', ( #6345 ), #6235, .T. ) ;
#7319 = ORIENTED_EDGE ( 'NONE', *, *, #6143, .F. ) ;
#7320 = EDGE_CURVE ( 'NONE', #7013, #68, #7434, .T. ) ;
#7321 = VECTOR ( 'NONE', #6044, 1000.000000000000000 ) ;
#7322 = PLANE ( 'NONE',  #2578 ) ;
#7323 = DIRECTION ( 'NONE',  ( -1.000000000000000000, 3.431425595409362857E-17, -5.130477113903259476E-17 ) ) ;
#7324 = VERTEX_POINT ( 'NONE', #3419 ) ;
#7325 = ORIENTED_EDGE ( 'NONE', *, *, #3339, .T. ) ;
#7326 = LINE ( 'NONE', #1547, #806 ) ;
#7327 = LINE ( 'NONE', #2108, #2395 ) ;
#7328 = CARTESIAN_POINT ( 'NONE',  ( 5.371941468078001769, 5.947322718753697224, 2.159000000000002917 ) ) ;
#7329 = CARTESIAN_POINT ( 'NONE',  ( 6.477000000000002089, -2.794000000000000483, -3.936999999999996724 ) ) ;
#7330 = ORIENTED_EDGE ( 'NONE', *, *, #7333, .F. ) ;
#7331 = CARTESIAN_POINT ( 'NONE',  ( -4.216399999999998371, 4.825999999999997847, -4.470399999999997931 ) ) ;
#7332 = VERTEX_POINT ( 'NONE', #2238 ) ;
#7333 = EDGE_CURVE ( 'NONE', #5253, #1400, #4405, .T. ) ;
#7334 = CARTESIAN_POINT ( 'NONE',  ( -4.980928442999998929, 4.216240551499996769, -0.3809999999999976739 ) ) ;
#7335 = CARTESIAN_POINT ( 'NONE',  ( 5.507748381188515729, 5.862319999999709097, -2.920999999999997154 ) ) ;
#7336 = B_SPLINE_SURFACE_WITH_KNOTS ( 'NONE', 3, 1, ( 
 ( #2402, #6313 ),
 ( #6925, #7040 ),
 ( #2937, #30 ),
 ( #2327, #4155 ),
 ( #5293, #1714 ) ),
 .UNSPECIFIED., .F., .F., .F.,
 ( 4, 1, 4 ),
 ( 2, 2 ),
 ( 0.01043166776922310919, 0.2126490142700000197, 0.5410955592661563784 ),
 ( 0.000000000000000000, 1.000000000000000000 ),
 .UNSPECIFIED. ) ;
#7337 = DIRECTION ( 'NONE',  ( 5.130477113903260708E-17, 1.665334536937735304E-16, -1.000000000000000000 ) ) ;
#7338 = VERTEX_POINT ( 'NONE', #4654 ) ;
#7339 = LINE ( 'NONE', #6092, #6908 ) ;
#7340 = ORIENTED_EDGE ( 'NONE', *, *, #764, .F. ) ;
#7341 = ORIENTED_EDGE ( 'NONE', *, *, #5383, .F. ) ;
#7342 = PLANE ( 'NONE',  #7490 ) ;
#7343 = CARTESIAN_POINT ( 'NONE',  ( 6.223000000000001641, -2.602085213965210642E-15, 1.143000000000002458 ) ) ;
#7344 = PRODUCT_DEFINITION_SHAPE ( 'NONE', 'NONE',  #4901 ) ;
#7345 = CARTESIAN_POINT ( 'NONE',  ( -6.223000000000228127, 4.665481232900038577, -0.3809999999999977294 ) ) ;
#7346 = CARTESIAN_POINT ( 'NONE',  ( -4.919058026673998718, 6.081215948449798070, -4.444999999999997620 ) ) ;
#7347 = FACE_OUTER_BOUND ( 'NONE', #344, .T. ) ;
#7348 = ORIENTED_EDGE ( 'NONE', *, *, #6407, .F. ) ;
#7349 = CIRCLE ( 'NONE', #544, 0.3810000000000011156 ) ;
#7350 = CARTESIAN_POINT ( 'NONE',  ( 6.477000000000001201, 6.002332419999995672, 4.699000000000003396 ) ) ;
#7351 = VERTEX_POINT ( 'NONE', #1139 ) ;
#7352 = FACE_OUTER_BOUND ( 'NONE', #5049, .T. ) ;
#7353 = VECTOR ( 'NONE', #1746, 1000.000000000000000 ) ;
#7354 = CARTESIAN_POINT ( 'NONE',  ( -4.980928442999998929, 6.472079448499997056, -0.3809999999999976739 ) ) ;
#7355 = CARTESIAN_POINT ( 'NONE',  ( -4.808421040999999008, 6.218579345899996724, 3.175000000000002487 ) ) ;
#7356 = ORIENTED_EDGE ( 'NONE', *, *, #6200, .F. ) ;
#7357 = VECTOR ( 'NONE', #2674, 1000.000000000000000 ) ;
#7358 = EDGE_CURVE ( 'NONE', #1019, #7031, #4535, .T. ) ;
#7359 = ORIENTED_EDGE ( 'NONE', *, *, #5371, .F. ) ;
#7360 = AXIS2_PLACEMENT_3D ( 'NONE', #3536, #720, #7073 ) ;
#7361 = CARTESIAN_POINT ( 'NONE',  ( 5.371700992471001079, 4.741020151570096708, -2.920999999999997154 ) ) ;
#7362 = CIRCLE ( 'NONE', #3839, 0.7619999999999987894 ) ;
#7363 = CARTESIAN_POINT ( 'NONE',  ( 4.808421041000002560, 4.469740654099997101, -0.3809999999999976739 ) ) ;
#7364 = AXIS2_PLACEMENT_3D ( 'NONE', #2159, #5513, #301 ) ;
#7365 = CARTESIAN_POINT ( 'NONE',  ( 5.085678860472627072, 6.287389423200527183, 2.159000000000002917 ) ) ;
#7366 = VECTOR ( 'NONE', #4453, 1000.000000000000000 ) ;
#7367 = ORIENTED_EDGE ( 'NONE', *, *, #6965, .F. ) ;
#7368 = FACE_OUTER_BOUND ( 'NONE', #6492, .T. ) ;
#7369 = ORIENTED_EDGE ( 'NONE', *, *, #1555, .T. ) ;
#7370 = CIRCLE ( 'NONE', #2025, 0.05400000000000022837 ) ;
#7371 = FACE_OUTER_BOUND ( 'NONE', #567, .T. ) ;
#7372 = ORIENTED_EDGE ( 'NONE', *, *, #710, .T. ) ;
#7373 = DIRECTION ( 'NONE',  ( -3.431425595409362857E-17, -1.000000000000000000, -0.000000000000000000 ) ) ;
#7374 = VECTOR ( 'NONE', #7418, 1000.000000000000000 ) ;
#7375 = CARTESIAN_POINT ( 'NONE',  ( -6.109955650407424166, 4.159618444802802628, -1.904999999999998028 ) ) ;
#7376 = VECTOR ( 'NONE', #520, 1000.000000000000000 ) ;
#7377 = CARTESIAN_POINT ( 'NONE',  ( -6.222999999999998089, -2.602085213965210642E-15, -1.396999999999997577 ) ) ;
#7378 = EDGE_CURVE ( 'NONE', #6819, #705, #5783, .T. ) ;
#7379 = ORIENTED_EDGE ( 'NONE', *, *, #3712, .T. ) ;
#7380 = PLANE ( 'NONE',  #1327 ) ;
#7381 = VERTEX_POINT ( 'NONE', #5712 ) ;
#7382 = VERTEX_POINT ( 'NONE', #571 ) ;
#7383 = CYLINDRICAL_SURFACE ( 'NONE', #5671, 0.1999999999999996503 ) ;
#7384 = DIRECTION ( 'NONE',  ( 5.130477113903260708E-17, 1.665334536937735304E-16, -1.000000000000000000 ) ) ;
#7385 = EDGE_CURVE ( 'NONE', #6050, #2338, #4574, .T. ) ;
#7386 = CARTESIAN_POINT ( 'NONE',  ( -2.158999999999999364, 3.556000000000000494, -6.121399999999997732 ) ) ;
#7387 = LINE ( 'NONE', #956, #2030 ) ;
#7388 = EDGE_CURVE ( 'NONE', #4393, #1780, #494, .T. ) ;
#7389 = CARTESIAN_POINT ( 'NONE',  ( 4.216400000000001036, 1.711959999999996374, 4.724400000000001931 ) ) ;
#7390 = EDGE_LOOP ( 'NONE', ( #4954, #7341, #5477, #7184 ) ) ;
#7391 = ADVANCED_FACE ( 'NONE', ( #6310 ), #6959, .F. ) ;
#7392 = CARTESIAN_POINT ( 'NONE',  ( 5.371941468078000881, 5.947322718753696336, 4.699000000000003396 ) ) ;
#7393 = ORIENTED_EDGE ( 'NONE', *, *, #1233, .F. ) ;
#7394 = DIRECTION ( 'NONE',  ( -5.130477113903260708E-17, -1.665334536937735304E-16, 1.000000000000000000 ) ) ;
#7395 = FACE_OUTER_BOUND ( 'NONE', #1461, .T. ) ;
#7396 = FACE_OUTER_BOUND ( 'NONE', #4055, .T. ) ;
#7397 = ORIENTED_EDGE ( 'NONE', *, *, #1565, .F. ) ;
#7398 = ORIENTED_EDGE ( 'NONE', *, *, #2216, .T. ) ;
#7399 = EDGE_CURVE ( 'NONE', #3145, #1266, #2166, .T. ) ;
#7400 = LINE ( 'NONE', #432, #3119 ) ;
#7401 = VECTOR ( 'NONE', #4995, 1000.000000000000000 ) ;
#7402 = DIRECTION ( 'NONE',  ( -5.130477113903260708E-17, -1.665334536937735304E-16, 1.000000000000000000 ) ) ;
#7403 = CARTESIAN_POINT ( 'NONE',  ( 6.477000000000479929, 6.002332419999979685, 2.159000000000002917 ) ) ;
#7404 = LINE ( 'NONE', #4514, #3580 ) ;
#7405 = VERTEX_POINT ( 'NONE', #1635 ) ;
#7406 = LINE ( 'NONE', #3487, #3765 ) ;
#7407 = AXIS2_PLACEMENT_3D ( 'NONE', #4358, #4246, #1423 ) ;
#7408 = ORIENTED_EDGE ( 'NONE', *, *, #5022, .T. ) ;
#7409 = CARTESIAN_POINT ( 'NONE',  ( 6.222999999999739629, 5.895635414699983201, -1.904999999999997362 ) ) ;
#7410 = CARTESIAN_POINT ( 'NONE',  ( 5.507748381189002451, 5.862319999999997755, -1.904999999999997140 ) ) ;
#7411 = CARTESIAN_POINT ( 'NONE',  ( -5.085870582803918794, 4.401186195567421855, -1.904999999999998028 ) ) ;
#7412 = VECTOR ( 'NONE', #6204, 1000.000000000000000 ) ;
#7413 = CARTESIAN_POINT ( 'NONE',  ( -4.919058028974632180, 6.081215945592880701, -4.444999999999997620 ) ) ;
#7414 = EDGE_LOOP ( 'NONE', ( #2155, #6480, #2484, #4165 ) ) ;
#7415 = DIRECTION ( 'NONE',  ( -3.431425595409362857E-17, -1.000000000000000000, -0.000000000000000000 ) ) ;
#7416 = ORIENTED_EDGE ( 'NONE', *, *, #4474, .T. ) ;
#7417 = ORIENTED_EDGE ( 'NONE', *, *, #1215, .T. ) ;
#7418 = DIRECTION ( 'NONE',  ( 1.201410850312336183E-17, -0.7071067811865474617, -0.7071067811865475727 ) ) ;
#7419 = DIRECTION ( 'NONE',  ( 6.054179465614431083E-17, 0.7071067811865475727, -0.7071067811865474617 ) ) ;
#7420 = EDGE_CURVE ( 'NONE', #1738, #1780, #6949, .T. ) ;
#7421 = CARTESIAN_POINT ( 'NONE',  ( 5.140909707198001222, 4.825999999999997847, -4.444999999999997620 ) ) ;
#7422 = CARTESIAN_POINT ( 'NONE',  ( -4.808421040999896867, 4.469740654100064603, 0.6350000000000032285 ) ) ;
#7423 = CARTESIAN_POINT ( 'NONE',  ( -5.140909714137239739, 5.862319994912670751, 3.175000000000000711 ) ) ;
#7424 = DIRECTION ( 'NONE',  ( -0.000000000000000000, -0.000000000000000000, 1.000000000000000000 ) ) ;
#7425 = VERTEX_POINT ( 'NONE', #4494 ) ;
#7426 = CARTESIAN_POINT ( 'NONE',  ( 5.825466848181000579, 6.796669658390996460, 4.699000000000003396 ) ) ;
#7427 = CARTESIAN_POINT ( 'NONE',  ( 4.808421041000002560, 6.218579345899996724, -0.3809999999999976739 ) ) ;
#7428 = CARTESIAN_POINT ( 'NONE',  ( 6.477000000000001201, -3.469446951953614189E-15, 4.191000000000001613 ) ) ;
#7429 = EDGE_CURVE ( 'NONE', #213, #2137, #458, .T. ) ;
#7430 = DIRECTION ( 'NONE',  ( -5.130477113903260708E-17, -1.665334536937735304E-16, 1.000000000000000000 ) ) ;
#7431 = CARTESIAN_POINT ( 'NONE',  ( -6.222999999999998089, 4.792684585299997302, 0.6350000000000027844 ) ) ;
#7432 = ORIENTED_EDGE ( 'NONE', *, *, #2882, .F. ) ;
#7433 = VERTEX_POINT ( 'NONE', #3500 ) ;
#7434 = CIRCLE ( 'NONE', #7203, 0.2539999999999998925 ) ;
#7435 = CARTESIAN_POINT ( 'NONE',  ( -6.222999999999998089, 5.862319999999997755, 4.953000000000003844 ) ) ;
#7436 = CARTESIAN_POINT ( 'NONE',  ( -6.222999999999998089, 4.232135350799998363, -4.444999999999997620 ) ) ;
#7437 = DIRECTION ( 'NONE',  ( 0.000000000000000000, 1.000000000000000000, 0.000000000000000000 ) ) ;
#7438 = LINE ( 'NONE', #2873, #6034 ) ;
#7439 = ADVANCED_FACE ( 'NONE', ( #416 ), #6191, .T. ) ;
#7440 = EDGE_LOOP ( 'NONE', ( #3908, #4355, #2582, #2254 ) ) ;
#7441 = CARTESIAN_POINT ( 'NONE',  ( -4.808421040999896867, 4.469740654100065491, -0.3809999999999979514 ) ) ;
#7442 = EDGE_LOOP ( 'NONE', ( #338, #1493, #3407, #7016 ) ) ;
#7443 = LINE ( 'NONE', #3408, #1938 ) ;
#7444 = CARTESIAN_POINT ( 'NONE',  ( -6.222999999999998089, 4.792684585299997302, 3.175000000000002487 ) ) ;
#7445 = CARTESIAN_POINT ( 'NONE',  ( 6.223000000000001641, 0.5079999999999963434, 3.175000000000002487 ) ) ;
#7446 = CARTESIAN_POINT ( 'NONE',  ( -5.029696191436577202, 5.943853910299123022, -2.920999999999997598 ) ) ;
#7447 = ORIENTED_EDGE ( 'NONE', *, *, #1215, .F. ) ;
#7448 = CARTESIAN_POINT ( 'NONE',  ( 2.159000000000001140, 7.493000000000001215, -11.52441814999999714 ) ) ;
#7449 = VERTEX_POINT ( 'NONE', #5180 ) ;
#7450 = ADVANCED_FACE ( 'NONE', ( #2204 ), #2703, .T. ) ;
#7451 = FACE_OUTER_BOUND ( 'NONE', #981, .T. ) ;
#7452 = LINE ( 'NONE', #3123, #3896 ) ;
#7453 = CARTESIAN_POINT ( 'NONE',  ( -5.507748381188998898, 5.862319999999996867, 3.175000000000002487 ) ) ;
#7454 = DIRECTION ( 'NONE',  ( 3.431425595409362857E-17, 1.000000000000000000, 0.000000000000000000 ) ) ;
#7455 = CARTESIAN_POINT ( 'NONE',  ( -5.679736218422999805, 5.999112874491996372, 4.699000000000003396 ) ) ;
#7456 = CARTESIAN_POINT ( 'NONE',  ( -6.222999999999998089, 4.232135350799998363, -1.904999999999997806 ) ) ;
#7457 = VERTEX_POINT ( 'NONE', #4034 ) ;
#7458 = CARTESIAN_POINT ( 'NONE',  ( -4.980928442999999817, 4.216240551499995881, 4.699000000000003396 ) ) ;
#7459 = CARTESIAN_POINT ( 'NONE',  ( 3.962400000000002365, 24.22086697599999638, -4.470399999999997043 ) ) ;
#7460 = CARTESIAN_POINT ( 'NONE',  ( -6.476999999999998536, 6.002332419999997448, 2.159000000000002917 ) ) ;
#7461 = CARTESIAN_POINT ( 'NONE',  ( -6.222999999999998089, 4.792684585299997302, 2.159000000000002917 ) ) ;
#7462 = LINE ( 'NONE', #4046, #2983 ) ;
#7463 = EDGE_CURVE ( 'NONE', #7338, #5653, #4332, .T. ) ;
#7464 = ORIENTED_EDGE ( 'NONE', *, *, #6890, .F. ) ;
#7465 = ORIENTED_EDGE ( 'NONE', *, *, #857, .F. ) ;
#7466 = AXIS2_PLACEMENT_3D ( 'NONE', #2286, #1788, #4734 ) ;
#7467 = CARTESIAN_POINT ( 'NONE',  ( 6.223000000000001641, 4.792684585299996414, 2.159000000000002917 ) ) ;
#7468 = CARTESIAN_POINT ( 'NONE',  ( 5.371941468078001769, 5.947322718753698112, -4.444999999999996732 ) ) ;
#7469 = ADVANCED_FACE ( 'NONE', ( #4115 ), #2397, .T. ) ;
#7470 = B_SPLINE_CURVE_WITH_KNOTS ( 'NONE', 3,
 ( #4605, #2804, #7521, #5245 ),
 .UNSPECIFIED., .F., .F.,
 ( 4, 4 ),
 ( 0.000000000000000000, 1.000000000000000000 ),
 .UNSPECIFIED. ) ;
#7471 = CARTESIAN_POINT ( 'NONE',  ( -6.476999999999998536, -2.717800000000003546, 2.159000000000002917 ) ) ;
#7472 = EDGE_CURVE ( 'NONE', #20, #3843, #4298, .T. ) ;
#7473 = STYLED_ITEM ( 'NONE', ( #2512 ), #2158 ) ;
#7474 = DIRECTION ( 'NONE',  ( -1.000000000000000000, 1.371699786071155937E-16, -5.130477113903259476E-17 ) ) ;
#7475 = VERTEX_POINT ( 'NONE', #644 ) ;
#7476 = CARTESIAN_POINT ( 'NONE',  ( -4.919058033047590150, 4.607104059464244727, -0.3809999999999979514 ) ) ;
#7477 = ORIENTED_EDGE ( 'NONE', *, *, #6460, .F. ) ;
#7478 = VECTOR ( 'NONE', #4229, 1000.000000000000000 ) ;
#7479 = TOROIDAL_SURFACE ( 'NONE', #6997, 0.05399999999999998551, 0.2000000000000000111 ) ;
#7480 = CARTESIAN_POINT ( 'NONE',  ( -6.222999999999998089, 5.862319999999997755, -4.952999999999998515 ) ) ;
#7481 = CARTESIAN_POINT ( 'NONE',  ( -5.371941468077998216, 5.947322718753698112, -1.904999999999997806 ) ) ;
#7482 = AXIS2_PLACEMENT_3D ( 'NONE', #561, #3493, #6377 ) ;
#7483 = CARTESIAN_POINT ( 'NONE',  ( 4.919058028974504282, 6.081215945592893135, 4.699000000000003396 ) ) ;
#7484 = AXIS2_PLACEMENT_3D ( 'NONE', #4659, #3426, #5226 ) ;
#7485 = CARTESIAN_POINT ( 'NONE',  ( 5.371941468078001769, 5.947322718753697224, -1.904999999999996918 ) ) ;
#7486 = EDGE_LOOP ( 'NONE', ( #5195, #5260, #2841, #5564 ) ) ;
#7487 = CARTESIAN_POINT ( 'NONE',  ( -6.222999999999998089, 5.895635414699998300, -4.444999999999997620 ) ) ;
#7488 = EDGE_LOOP ( 'NONE', ( #6979, #1264, #2849, #2417, #1721, #5432, #3169, #4328, #3791, #3654, #732, #5807, #2170, #4784 ) ) ;
#7489 = DIRECTION ( 'NONE',  ( 0.2461813515431163224, 0.000000000000000000, 0.9692237833196236663 ) ) ;
#7490 = AXIS2_PLACEMENT_3D ( 'NONE', #6667, #6735, #3278 ) ;
#7491 = ORIENTED_EDGE ( 'NONE', *, *, #5383, .T. ) ;
#7492 = CARTESIAN_POINT ( 'NONE',  ( -4.808421040999999008, 4.469740654099997101, 3.175000000000002487 ) ) ;
#7493 = CIRCLE ( 'NONE', #80, 1.270000000000000240 ) ;
#7494 = EDGE_CURVE ( 'NONE', #6763, #1142, #64, .T. ) ;
#7495 = ADVANCED_FACE ( 'NONE', ( #6652 ), #5861, .F. ) ;
#7496 = B_SPLINE_CURVE_WITH_KNOTS ( 'NONE', 3,
 ( #6532, #2379, #1237, #3595, #3556, #5395 ),
 .UNSPECIFIED., .F., .F.,
 ( 4, 1, 1, 4 ),
 ( 0.000000000000000000, 0.3382434260671000059, 0.7712952856297999871, 1.000000000000000000 ),
 .UNSPECIFIED. ) ;
#7497 = CARTESIAN_POINT ( 'NONE',  ( 4.919058026674002271, 4.607104051550197532, -1.904999999999996918 ) ) ;
#7498 = LINE ( 'NONE', #6882, #7136 ) ;
#7499 = VECTOR ( 'NONE', #1928, 1000.000000000000000 ) ;
#7500 = VERTEX_POINT ( 'NONE', #25 ) ;
#7501 = COLOUR_RGB ( '',0.7921568627450980005, 0.8196078431372548767, 0.9333333333333333481 ) ;
#7502 = CARTESIAN_POINT ( 'NONE',  ( 6.223000000000213916, 6.022838767099995216, 0.6350000000000032285 ) ) ;
#7503 = CARTESIAN_POINT ( 'NONE',  ( 6.223000000000001641, -2.794000000000000483, -3.428999999999997161 ) ) ;
#7504 = CARTESIAN_POINT ( 'NONE',  ( -3.962399999999997924, 8.722359999999998337, -4.724399999999997490 ) ) ;
#7505 = ADVANCED_FACE ( 'NONE', ( #1437 ), #236, .F. ) ;
#7506 = FILL_AREA_STYLE ('',( #3392 ) ) ;
#7507 = DIRECTION ( 'NONE',  ( 3.431425595409362857E-17, 1.000000000000000000, 0.000000000000000000 ) ) ;
#7508 = CARTESIAN_POINT ( 'NONE',  ( -6.222999999999998089, 4.665481232899996833, -0.3809999999999976739 ) ) ;
#7509 = VERTEX_POINT ( 'NONE', #3157 ) ;
#7510 = EDGE_LOOP ( 'NONE', ( #1832, #2534, #5305, #3273 ) ) ;
#7511 = DIRECTION ( 'NONE',  ( 3.431425595409226039E-17, 1.000000000000000000, 2.665968374394000077E-14 ) ) ;
#7512 = ADVANCED_FACE ( 'NONE', ( #866 ), #2088, .T. ) ;
#7513 = CARTESIAN_POINT ( 'NONE',  ( 6.477000000000002089, -2.794000000000000483, -3.936999999999996724 ) ) ;
#7514 = CARTESIAN_POINT ( 'NONE',  ( 1.143000000000001570, 7.112000000000000988, -12.31899999999999906 ) ) ;
#7515 = DIRECTION ( 'NONE',  ( 3.431425595409362857E-17, 1.000000000000000000, 0.000000000000000000 ) ) ;
#7516 = VERTEX_POINT ( 'NONE', #6998 ) ;
#7517 = LINE ( 'NONE', #1049, #4376 ) ;
#7518 = ORIENTED_EDGE ( 'NONE', *, *, #6797, .T. ) ;
#7519 = CARTESIAN_POINT ( 'NONE',  ( -4.216399999999998371, 5.862319999999996867, 4.470400000000003260 ) ) ;
#7520 = AXIS2_PLACEMENT_3D ( 'NONE', #6990, #5250, #2840 ) ;
#7521 = CARTESIAN_POINT ( 'NONE',  ( -4.919058026673998718, 4.607104051550197532, 0.6350000000000027844 ) ) ;
#7522 = EDGE_CURVE ( 'NONE', #619, #5234, #1217, .T. ) ;
#7523 = CYLINDRICAL_SURFACE ( 'NONE', #6401, 1.054099999999999593 ) ;
#7524 = EDGE_CURVE ( 'NONE', #2425, #1345, #4041, .T. ) ;
#7525 = VECTOR ( 'NONE', #121, 1000.000000000000000 ) ;
#7526 = DIRECTION ( 'NONE',  ( -1.000000000000000000, 3.431425595409362857E-17, -5.130477113903259476E-17 ) ) ;
#7527 = ORIENTED_EDGE ( 'NONE', *, *, #3078, .F. ) ;
#7528 = DIRECTION ( 'NONE',  ( 5.130477113903260708E-17, 1.665334536937735304E-16, -1.000000000000000000 ) ) ;
#7529 = EDGE_LOOP ( 'NONE', ( #4029, #622, #6846, #4027 ) ) ;
#7530 = DIRECTION ( 'NONE',  ( -1.000000000000000000, 0.000000000000000000, 0.000000000000000000 ) ) ;
#7531 = EDGE_LOOP ( 'NONE', ( #244, #5184 ) ) ;
#7532 = CARTESIAN_POINT ( 'NONE',  ( 6.223000000000001641, 0.5079999999999963434, 3.175000000000002487 ) ) ;
#7533 = TOROIDAL_SURFACE ( 'NONE', #2182, 0.7619999999999987894, 0.2539999999999998925 ) ;
#7534 = LINE ( 'NONE', #5285, #201 ) ;
#7535 = DIRECTION ( 'NONE',  ( 0.000000000000000000, -1.000000000000000000, 0.000000000000000000 ) ) ;
#7536 = DIRECTION ( 'NONE',  ( 5.130477113903260708E-17, 1.665334536937735304E-16, -1.000000000000000000 ) ) ;
#7537 = FACE_OUTER_BOUND ( 'NONE', #1582, .T. ) ;
#7538 = ORIENTED_EDGE ( 'NONE', *, *, #3670, .T. ) ;
#7539 = CARTESIAN_POINT ( 'NONE',  ( 5.507748381189002451, 5.862319999999997755, -4.444999999999997620 ) ) ;
#7540 = AXIS2_PLACEMENT_3D ( 'NONE', #3173, #5413, #5491 ) ;
#7541 = ADVANCED_FACE ( 'NONE', ( #1252 ), #3572, .T. ) ;
#7542 = CARTESIAN_POINT ( 'NONE',  ( 6.223000000000000753, 4.792684585299996414, 4.699000000000003396 ) ) ;
#7543 =( NAMED_UNIT ( * ) PLANE_ANGLE_UNIT ( ) SI_UNIT ( $, .RADIAN. ) );
#7544 =( NAMED_UNIT ( * ) PLANE_ANGLE_UNIT ( ) SI_UNIT ( $, .RADIAN. ) );
#7545 = CARTESIAN_POINT ( 'NONE',  ( 6.223000000000001641, 0.5079999999999971205, -0.3809999999999976739 ) ) ;
ENDSEC;
END-ISO-10303-21;
